
CONTROL_ECU.elf:     file format elf32-avr

Sections:
Idx Name          Size      VMA       LMA       File off  Algn
  0 .text         00002200  00000000  00000000  00000094  2**1
                  CONTENTS, ALLOC, LOAD, READONLY, CODE
  1 .data         0000001c  00800060  00002200  00002294  2**0
                  CONTENTS, ALLOC, LOAD, DATA
  2 .bss          00000021  0080007c  0080007c  000022b0  2**0
                  ALLOC
  3 .stab         00002508  00000000  00000000  000022b0  2**2
                  CONTENTS, READONLY, DEBUGGING
  4 .stabstr      0000136f  00000000  00000000  000047b8  2**0
                  CONTENTS, READONLY, DEBUGGING
  5 .debug_aranges 00000140  00000000  00000000  00005b27  2**0
                  CONTENTS, READONLY, DEBUGGING
  6 .debug_pubnames 00000170  00000000  00000000  00005c67  2**0
                  CONTENTS, READONLY, DEBUGGING
  7 .debug_info   00001c49  00000000  00000000  00005dd7  2**0
                  CONTENTS, READONLY, DEBUGGING
  8 .debug_abbrev 00000eeb  00000000  00000000  00007a20  2**0
                  CONTENTS, READONLY, DEBUGGING
  9 .debug_line   00000dad  00000000  00000000  0000890b  2**0
                  CONTENTS, READONLY, DEBUGGING
 10 .debug_frame  00000160  00000000  00000000  000096b8  2**2
                  CONTENTS, READONLY, DEBUGGING
 11 .debug_str    0000028d  00000000  00000000  00009818  2**0
                  CONTENTS, READONLY, DEBUGGING
 12 .debug_loc    000007ce  00000000  00000000  00009aa5  2**0
                  CONTENTS, READONLY, DEBUGGING
 13 .debug_ranges 00000050  00000000  00000000  0000a273  2**0
                  CONTENTS, READONLY, DEBUGGING

Disassembly of section .text:

00000000 <__vectors>:
       0:	0c 94 2a 00 	jmp	0x54	; 0x54 <__ctors_end>
       4:	0c 94 47 00 	jmp	0x8e	; 0x8e <__bad_interrupt>
       8:	0c 94 47 00 	jmp	0x8e	; 0x8e <__bad_interrupt>
       c:	0c 94 47 00 	jmp	0x8e	; 0x8e <__bad_interrupt>
      10:	0c 94 47 00 	jmp	0x8e	; 0x8e <__bad_interrupt>
      14:	0c 94 47 00 	jmp	0x8e	; 0x8e <__bad_interrupt>
      18:	0c 94 47 00 	jmp	0x8e	; 0x8e <__bad_interrupt>
      1c:	0c 94 b2 0d 	jmp	0x1b64	; 0x1b64 <__vector_7>
      20:	0c 94 47 00 	jmp	0x8e	; 0x8e <__bad_interrupt>
      24:	0c 94 df 0d 	jmp	0x1bbe	; 0x1bbe <__vector_9>
      28:	0c 94 47 00 	jmp	0x8e	; 0x8e <__bad_interrupt>
      2c:	0c 94 47 00 	jmp	0x8e	; 0x8e <__bad_interrupt>
      30:	0c 94 47 00 	jmp	0x8e	; 0x8e <__bad_interrupt>
      34:	0c 94 47 00 	jmp	0x8e	; 0x8e <__bad_interrupt>
      38:	0c 94 47 00 	jmp	0x8e	; 0x8e <__bad_interrupt>
      3c:	0c 94 47 00 	jmp	0x8e	; 0x8e <__bad_interrupt>
      40:	0c 94 47 00 	jmp	0x8e	; 0x8e <__bad_interrupt>
      44:	0c 94 47 00 	jmp	0x8e	; 0x8e <__bad_interrupt>
      48:	0c 94 47 00 	jmp	0x8e	; 0x8e <__bad_interrupt>
      4c:	0c 94 47 00 	jmp	0x8e	; 0x8e <__bad_interrupt>
      50:	0c 94 47 00 	jmp	0x8e	; 0x8e <__bad_interrupt>

00000054 <__ctors_end>:
      54:	11 24       	eor	r1, r1
      56:	1f be       	out	0x3f, r1	; 63
      58:	cf e5       	ldi	r28, 0x5F	; 95
      5a:	d8 e0       	ldi	r29, 0x08	; 8
      5c:	de bf       	out	0x3e, r29	; 62
      5e:	cd bf       	out	0x3d, r28	; 61

00000060 <__do_copy_data>:
      60:	10 e0       	ldi	r17, 0x00	; 0
      62:	a0 e6       	ldi	r26, 0x60	; 96
      64:	b0 e0       	ldi	r27, 0x00	; 0
      66:	e0 e0       	ldi	r30, 0x00	; 0
      68:	f2 e2       	ldi	r31, 0x22	; 34
      6a:	02 c0       	rjmp	.+4      	; 0x70 <.do_copy_data_start>

0000006c <.do_copy_data_loop>:
      6c:	05 90       	lpm	r0, Z+
      6e:	0d 92       	st	X+, r0

00000070 <.do_copy_data_start>:
      70:	ac 37       	cpi	r26, 0x7C	; 124
      72:	b1 07       	cpc	r27, r17
      74:	d9 f7       	brne	.-10     	; 0x6c <.do_copy_data_loop>

00000076 <__do_clear_bss>:
      76:	10 e0       	ldi	r17, 0x00	; 0
      78:	ac e7       	ldi	r26, 0x7C	; 124
      7a:	b0 e0       	ldi	r27, 0x00	; 0
      7c:	01 c0       	rjmp	.+2      	; 0x80 <.do_clear_bss_start>

0000007e <.do_clear_bss_loop>:
      7e:	1d 92       	st	X+, r1

00000080 <.do_clear_bss_start>:
      80:	ad 39       	cpi	r26, 0x9D	; 157
      82:	b1 07       	cpc	r27, r17
      84:	e1 f7       	brne	.-8      	; 0x7e <.do_clear_bss_loop>
      86:	0e 94 09 0d 	call	0x1a12	; 0x1a12 <main>
      8a:	0c 94 fe 10 	jmp	0x21fc	; 0x21fc <_exit>

0000008e <__bad_interrupt>:
      8e:	0c 94 00 00 	jmp	0	; 0x0 <__vectors>

00000092 <__fixunssfsi>:
      92:	ef 92       	push	r14
      94:	ff 92       	push	r15
      96:	0f 93       	push	r16
      98:	1f 93       	push	r17
      9a:	7b 01       	movw	r14, r22
      9c:	8c 01       	movw	r16, r24
      9e:	20 e0       	ldi	r18, 0x00	; 0
      a0:	30 e0       	ldi	r19, 0x00	; 0
      a2:	40 e0       	ldi	r20, 0x00	; 0
      a4:	5f e4       	ldi	r21, 0x4F	; 79
      a6:	0e 94 49 03 	call	0x692	; 0x692 <__gesf2>
      aa:	88 23       	and	r24, r24
      ac:	8c f0       	brlt	.+34     	; 0xd0 <__fixunssfsi+0x3e>
      ae:	c8 01       	movw	r24, r16
      b0:	b7 01       	movw	r22, r14
      b2:	20 e0       	ldi	r18, 0x00	; 0
      b4:	30 e0       	ldi	r19, 0x00	; 0
      b6:	40 e0       	ldi	r20, 0x00	; 0
      b8:	5f e4       	ldi	r21, 0x4F	; 79
      ba:	0e 94 c1 01 	call	0x382	; 0x382 <__subsf3>
      be:	0e 94 a9 03 	call	0x752	; 0x752 <__fixsfsi>
      c2:	9b 01       	movw	r18, r22
      c4:	ac 01       	movw	r20, r24
      c6:	20 50       	subi	r18, 0x00	; 0
      c8:	30 40       	sbci	r19, 0x00	; 0
      ca:	40 40       	sbci	r20, 0x00	; 0
      cc:	50 48       	sbci	r21, 0x80	; 128
      ce:	06 c0       	rjmp	.+12     	; 0xdc <__fixunssfsi+0x4a>
      d0:	c8 01       	movw	r24, r16
      d2:	b7 01       	movw	r22, r14
      d4:	0e 94 a9 03 	call	0x752	; 0x752 <__fixsfsi>
      d8:	9b 01       	movw	r18, r22
      da:	ac 01       	movw	r20, r24
      dc:	b9 01       	movw	r22, r18
      de:	ca 01       	movw	r24, r20
      e0:	1f 91       	pop	r17
      e2:	0f 91       	pop	r16
      e4:	ff 90       	pop	r15
      e6:	ef 90       	pop	r14
      e8:	08 95       	ret

000000ea <_fpadd_parts>:
      ea:	a0 e0       	ldi	r26, 0x00	; 0
      ec:	b0 e0       	ldi	r27, 0x00	; 0
      ee:	eb e7       	ldi	r30, 0x7B	; 123
      f0:	f0 e0       	ldi	r31, 0x00	; 0
      f2:	0c 94 c7 10 	jmp	0x218e	; 0x218e <__prologue_saves__>
      f6:	dc 01       	movw	r26, r24
      f8:	2b 01       	movw	r4, r22
      fa:	fa 01       	movw	r30, r20
      fc:	9c 91       	ld	r25, X
      fe:	92 30       	cpi	r25, 0x02	; 2
     100:	08 f4       	brcc	.+2      	; 0x104 <_fpadd_parts+0x1a>
     102:	39 c1       	rjmp	.+626    	; 0x376 <_fpadd_parts+0x28c>
     104:	eb 01       	movw	r28, r22
     106:	88 81       	ld	r24, Y
     108:	82 30       	cpi	r24, 0x02	; 2
     10a:	08 f4       	brcc	.+2      	; 0x10e <_fpadd_parts+0x24>
     10c:	33 c1       	rjmp	.+614    	; 0x374 <_fpadd_parts+0x28a>
     10e:	94 30       	cpi	r25, 0x04	; 4
     110:	69 f4       	brne	.+26     	; 0x12c <_fpadd_parts+0x42>
     112:	84 30       	cpi	r24, 0x04	; 4
     114:	09 f0       	breq	.+2      	; 0x118 <_fpadd_parts+0x2e>
     116:	2f c1       	rjmp	.+606    	; 0x376 <_fpadd_parts+0x28c>
     118:	11 96       	adiw	r26, 0x01	; 1
     11a:	9c 91       	ld	r25, X
     11c:	11 97       	sbiw	r26, 0x01	; 1
     11e:	89 81       	ldd	r24, Y+1	; 0x01
     120:	98 17       	cp	r25, r24
     122:	09 f4       	brne	.+2      	; 0x126 <_fpadd_parts+0x3c>
     124:	28 c1       	rjmp	.+592    	; 0x376 <_fpadd_parts+0x28c>
     126:	a0 e6       	ldi	r26, 0x60	; 96
     128:	b0 e0       	ldi	r27, 0x00	; 0
     12a:	25 c1       	rjmp	.+586    	; 0x376 <_fpadd_parts+0x28c>
     12c:	84 30       	cpi	r24, 0x04	; 4
     12e:	09 f4       	brne	.+2      	; 0x132 <_fpadd_parts+0x48>
     130:	21 c1       	rjmp	.+578    	; 0x374 <_fpadd_parts+0x28a>
     132:	82 30       	cpi	r24, 0x02	; 2
     134:	a9 f4       	brne	.+42     	; 0x160 <_fpadd_parts+0x76>
     136:	92 30       	cpi	r25, 0x02	; 2
     138:	09 f0       	breq	.+2      	; 0x13c <_fpadd_parts+0x52>
     13a:	1d c1       	rjmp	.+570    	; 0x376 <_fpadd_parts+0x28c>
     13c:	9a 01       	movw	r18, r20
     13e:	ad 01       	movw	r20, r26
     140:	88 e0       	ldi	r24, 0x08	; 8
     142:	ea 01       	movw	r28, r20
     144:	09 90       	ld	r0, Y+
     146:	ae 01       	movw	r20, r28
     148:	e9 01       	movw	r28, r18
     14a:	09 92       	st	Y+, r0
     14c:	9e 01       	movw	r18, r28
     14e:	81 50       	subi	r24, 0x01	; 1
     150:	c1 f7       	brne	.-16     	; 0x142 <_fpadd_parts+0x58>
     152:	e2 01       	movw	r28, r4
     154:	89 81       	ldd	r24, Y+1	; 0x01
     156:	11 96       	adiw	r26, 0x01	; 1
     158:	9c 91       	ld	r25, X
     15a:	89 23       	and	r24, r25
     15c:	81 83       	std	Z+1, r24	; 0x01
     15e:	08 c1       	rjmp	.+528    	; 0x370 <_fpadd_parts+0x286>
     160:	92 30       	cpi	r25, 0x02	; 2
     162:	09 f4       	brne	.+2      	; 0x166 <_fpadd_parts+0x7c>
     164:	07 c1       	rjmp	.+526    	; 0x374 <_fpadd_parts+0x28a>
     166:	12 96       	adiw	r26, 0x02	; 2
     168:	2d 90       	ld	r2, X+
     16a:	3c 90       	ld	r3, X
     16c:	13 97       	sbiw	r26, 0x03	; 3
     16e:	eb 01       	movw	r28, r22
     170:	8a 81       	ldd	r24, Y+2	; 0x02
     172:	9b 81       	ldd	r25, Y+3	; 0x03
     174:	14 96       	adiw	r26, 0x04	; 4
     176:	ad 90       	ld	r10, X+
     178:	bd 90       	ld	r11, X+
     17a:	cd 90       	ld	r12, X+
     17c:	dc 90       	ld	r13, X
     17e:	17 97       	sbiw	r26, 0x07	; 7
     180:	ec 80       	ldd	r14, Y+4	; 0x04
     182:	fd 80       	ldd	r15, Y+5	; 0x05
     184:	0e 81       	ldd	r16, Y+6	; 0x06
     186:	1f 81       	ldd	r17, Y+7	; 0x07
     188:	91 01       	movw	r18, r2
     18a:	28 1b       	sub	r18, r24
     18c:	39 0b       	sbc	r19, r25
     18e:	b9 01       	movw	r22, r18
     190:	37 ff       	sbrs	r19, 7
     192:	04 c0       	rjmp	.+8      	; 0x19c <_fpadd_parts+0xb2>
     194:	66 27       	eor	r22, r22
     196:	77 27       	eor	r23, r23
     198:	62 1b       	sub	r22, r18
     19a:	73 0b       	sbc	r23, r19
     19c:	60 32       	cpi	r22, 0x20	; 32
     19e:	71 05       	cpc	r23, r1
     1a0:	0c f0       	brlt	.+2      	; 0x1a4 <_fpadd_parts+0xba>
     1a2:	61 c0       	rjmp	.+194    	; 0x266 <_fpadd_parts+0x17c>
     1a4:	12 16       	cp	r1, r18
     1a6:	13 06       	cpc	r1, r19
     1a8:	6c f5       	brge	.+90     	; 0x204 <_fpadd_parts+0x11a>
     1aa:	37 01       	movw	r6, r14
     1ac:	48 01       	movw	r8, r16
     1ae:	06 2e       	mov	r0, r22
     1b0:	04 c0       	rjmp	.+8      	; 0x1ba <_fpadd_parts+0xd0>
     1b2:	96 94       	lsr	r9
     1b4:	87 94       	ror	r8
     1b6:	77 94       	ror	r7
     1b8:	67 94       	ror	r6
     1ba:	0a 94       	dec	r0
     1bc:	d2 f7       	brpl	.-12     	; 0x1b2 <_fpadd_parts+0xc8>
     1be:	21 e0       	ldi	r18, 0x01	; 1
     1c0:	30 e0       	ldi	r19, 0x00	; 0
     1c2:	40 e0       	ldi	r20, 0x00	; 0
     1c4:	50 e0       	ldi	r21, 0x00	; 0
     1c6:	04 c0       	rjmp	.+8      	; 0x1d0 <_fpadd_parts+0xe6>
     1c8:	22 0f       	add	r18, r18
     1ca:	33 1f       	adc	r19, r19
     1cc:	44 1f       	adc	r20, r20
     1ce:	55 1f       	adc	r21, r21
     1d0:	6a 95       	dec	r22
     1d2:	d2 f7       	brpl	.-12     	; 0x1c8 <_fpadd_parts+0xde>
     1d4:	21 50       	subi	r18, 0x01	; 1
     1d6:	30 40       	sbci	r19, 0x00	; 0
     1d8:	40 40       	sbci	r20, 0x00	; 0
     1da:	50 40       	sbci	r21, 0x00	; 0
     1dc:	2e 21       	and	r18, r14
     1de:	3f 21       	and	r19, r15
     1e0:	40 23       	and	r20, r16
     1e2:	51 23       	and	r21, r17
     1e4:	21 15       	cp	r18, r1
     1e6:	31 05       	cpc	r19, r1
     1e8:	41 05       	cpc	r20, r1
     1ea:	51 05       	cpc	r21, r1
     1ec:	21 f0       	breq	.+8      	; 0x1f6 <_fpadd_parts+0x10c>
     1ee:	21 e0       	ldi	r18, 0x01	; 1
     1f0:	30 e0       	ldi	r19, 0x00	; 0
     1f2:	40 e0       	ldi	r20, 0x00	; 0
     1f4:	50 e0       	ldi	r21, 0x00	; 0
     1f6:	79 01       	movw	r14, r18
     1f8:	8a 01       	movw	r16, r20
     1fa:	e6 28       	or	r14, r6
     1fc:	f7 28       	or	r15, r7
     1fe:	08 29       	or	r16, r8
     200:	19 29       	or	r17, r9
     202:	3c c0       	rjmp	.+120    	; 0x27c <_fpadd_parts+0x192>
     204:	23 2b       	or	r18, r19
     206:	d1 f1       	breq	.+116    	; 0x27c <_fpadd_parts+0x192>
     208:	26 0e       	add	r2, r22
     20a:	37 1e       	adc	r3, r23
     20c:	35 01       	movw	r6, r10
     20e:	46 01       	movw	r8, r12
     210:	06 2e       	mov	r0, r22
     212:	04 c0       	rjmp	.+8      	; 0x21c <_fpadd_parts+0x132>
     214:	96 94       	lsr	r9
     216:	87 94       	ror	r8
     218:	77 94       	ror	r7
     21a:	67 94       	ror	r6
     21c:	0a 94       	dec	r0
     21e:	d2 f7       	brpl	.-12     	; 0x214 <_fpadd_parts+0x12a>
     220:	21 e0       	ldi	r18, 0x01	; 1
     222:	30 e0       	ldi	r19, 0x00	; 0
     224:	40 e0       	ldi	r20, 0x00	; 0
     226:	50 e0       	ldi	r21, 0x00	; 0
     228:	04 c0       	rjmp	.+8      	; 0x232 <_fpadd_parts+0x148>
     22a:	22 0f       	add	r18, r18
     22c:	33 1f       	adc	r19, r19
     22e:	44 1f       	adc	r20, r20
     230:	55 1f       	adc	r21, r21
     232:	6a 95       	dec	r22
     234:	d2 f7       	brpl	.-12     	; 0x22a <_fpadd_parts+0x140>
     236:	21 50       	subi	r18, 0x01	; 1
     238:	30 40       	sbci	r19, 0x00	; 0
     23a:	40 40       	sbci	r20, 0x00	; 0
     23c:	50 40       	sbci	r21, 0x00	; 0
     23e:	2a 21       	and	r18, r10
     240:	3b 21       	and	r19, r11
     242:	4c 21       	and	r20, r12
     244:	5d 21       	and	r21, r13
     246:	21 15       	cp	r18, r1
     248:	31 05       	cpc	r19, r1
     24a:	41 05       	cpc	r20, r1
     24c:	51 05       	cpc	r21, r1
     24e:	21 f0       	breq	.+8      	; 0x258 <_fpadd_parts+0x16e>
     250:	21 e0       	ldi	r18, 0x01	; 1
     252:	30 e0       	ldi	r19, 0x00	; 0
     254:	40 e0       	ldi	r20, 0x00	; 0
     256:	50 e0       	ldi	r21, 0x00	; 0
     258:	59 01       	movw	r10, r18
     25a:	6a 01       	movw	r12, r20
     25c:	a6 28       	or	r10, r6
     25e:	b7 28       	or	r11, r7
     260:	c8 28       	or	r12, r8
     262:	d9 28       	or	r13, r9
     264:	0b c0       	rjmp	.+22     	; 0x27c <_fpadd_parts+0x192>
     266:	82 15       	cp	r24, r2
     268:	93 05       	cpc	r25, r3
     26a:	2c f0       	brlt	.+10     	; 0x276 <_fpadd_parts+0x18c>
     26c:	1c 01       	movw	r2, r24
     26e:	aa 24       	eor	r10, r10
     270:	bb 24       	eor	r11, r11
     272:	65 01       	movw	r12, r10
     274:	03 c0       	rjmp	.+6      	; 0x27c <_fpadd_parts+0x192>
     276:	ee 24       	eor	r14, r14
     278:	ff 24       	eor	r15, r15
     27a:	87 01       	movw	r16, r14
     27c:	11 96       	adiw	r26, 0x01	; 1
     27e:	9c 91       	ld	r25, X
     280:	d2 01       	movw	r26, r4
     282:	11 96       	adiw	r26, 0x01	; 1
     284:	8c 91       	ld	r24, X
     286:	98 17       	cp	r25, r24
     288:	09 f4       	brne	.+2      	; 0x28c <_fpadd_parts+0x1a2>
     28a:	45 c0       	rjmp	.+138    	; 0x316 <_fpadd_parts+0x22c>
     28c:	99 23       	and	r25, r25
     28e:	39 f0       	breq	.+14     	; 0x29e <_fpadd_parts+0x1b4>
     290:	a8 01       	movw	r20, r16
     292:	97 01       	movw	r18, r14
     294:	2a 19       	sub	r18, r10
     296:	3b 09       	sbc	r19, r11
     298:	4c 09       	sbc	r20, r12
     29a:	5d 09       	sbc	r21, r13
     29c:	06 c0       	rjmp	.+12     	; 0x2aa <_fpadd_parts+0x1c0>
     29e:	a6 01       	movw	r20, r12
     2a0:	95 01       	movw	r18, r10
     2a2:	2e 19       	sub	r18, r14
     2a4:	3f 09       	sbc	r19, r15
     2a6:	40 0b       	sbc	r20, r16
     2a8:	51 0b       	sbc	r21, r17
     2aa:	57 fd       	sbrc	r21, 7
     2ac:	08 c0       	rjmp	.+16     	; 0x2be <_fpadd_parts+0x1d4>
     2ae:	11 82       	std	Z+1, r1	; 0x01
     2b0:	33 82       	std	Z+3, r3	; 0x03
     2b2:	22 82       	std	Z+2, r2	; 0x02
     2b4:	24 83       	std	Z+4, r18	; 0x04
     2b6:	35 83       	std	Z+5, r19	; 0x05
     2b8:	46 83       	std	Z+6, r20	; 0x06
     2ba:	57 83       	std	Z+7, r21	; 0x07
     2bc:	1d c0       	rjmp	.+58     	; 0x2f8 <_fpadd_parts+0x20e>
     2be:	81 e0       	ldi	r24, 0x01	; 1
     2c0:	81 83       	std	Z+1, r24	; 0x01
     2c2:	33 82       	std	Z+3, r3	; 0x03
     2c4:	22 82       	std	Z+2, r2	; 0x02
     2c6:	88 27       	eor	r24, r24
     2c8:	99 27       	eor	r25, r25
     2ca:	dc 01       	movw	r26, r24
     2cc:	82 1b       	sub	r24, r18
     2ce:	93 0b       	sbc	r25, r19
     2d0:	a4 0b       	sbc	r26, r20
     2d2:	b5 0b       	sbc	r27, r21
     2d4:	84 83       	std	Z+4, r24	; 0x04
     2d6:	95 83       	std	Z+5, r25	; 0x05
     2d8:	a6 83       	std	Z+6, r26	; 0x06
     2da:	b7 83       	std	Z+7, r27	; 0x07
     2dc:	0d c0       	rjmp	.+26     	; 0x2f8 <_fpadd_parts+0x20e>
     2de:	22 0f       	add	r18, r18
     2e0:	33 1f       	adc	r19, r19
     2e2:	44 1f       	adc	r20, r20
     2e4:	55 1f       	adc	r21, r21
     2e6:	24 83       	std	Z+4, r18	; 0x04
     2e8:	35 83       	std	Z+5, r19	; 0x05
     2ea:	46 83       	std	Z+6, r20	; 0x06
     2ec:	57 83       	std	Z+7, r21	; 0x07
     2ee:	82 81       	ldd	r24, Z+2	; 0x02
     2f0:	93 81       	ldd	r25, Z+3	; 0x03
     2f2:	01 97       	sbiw	r24, 0x01	; 1
     2f4:	93 83       	std	Z+3, r25	; 0x03
     2f6:	82 83       	std	Z+2, r24	; 0x02
     2f8:	24 81       	ldd	r18, Z+4	; 0x04
     2fa:	35 81       	ldd	r19, Z+5	; 0x05
     2fc:	46 81       	ldd	r20, Z+6	; 0x06
     2fe:	57 81       	ldd	r21, Z+7	; 0x07
     300:	da 01       	movw	r26, r20
     302:	c9 01       	movw	r24, r18
     304:	01 97       	sbiw	r24, 0x01	; 1
     306:	a1 09       	sbc	r26, r1
     308:	b1 09       	sbc	r27, r1
     30a:	8f 5f       	subi	r24, 0xFF	; 255
     30c:	9f 4f       	sbci	r25, 0xFF	; 255
     30e:	af 4f       	sbci	r26, 0xFF	; 255
     310:	bf 43       	sbci	r27, 0x3F	; 63
     312:	28 f3       	brcs	.-54     	; 0x2de <_fpadd_parts+0x1f4>
     314:	0b c0       	rjmp	.+22     	; 0x32c <_fpadd_parts+0x242>
     316:	91 83       	std	Z+1, r25	; 0x01
     318:	33 82       	std	Z+3, r3	; 0x03
     31a:	22 82       	std	Z+2, r2	; 0x02
     31c:	ea 0c       	add	r14, r10
     31e:	fb 1c       	adc	r15, r11
     320:	0c 1d       	adc	r16, r12
     322:	1d 1d       	adc	r17, r13
     324:	e4 82       	std	Z+4, r14	; 0x04
     326:	f5 82       	std	Z+5, r15	; 0x05
     328:	06 83       	std	Z+6, r16	; 0x06
     32a:	17 83       	std	Z+7, r17	; 0x07
     32c:	83 e0       	ldi	r24, 0x03	; 3
     32e:	80 83       	st	Z, r24
     330:	24 81       	ldd	r18, Z+4	; 0x04
     332:	35 81       	ldd	r19, Z+5	; 0x05
     334:	46 81       	ldd	r20, Z+6	; 0x06
     336:	57 81       	ldd	r21, Z+7	; 0x07
     338:	57 ff       	sbrs	r21, 7
     33a:	1a c0       	rjmp	.+52     	; 0x370 <_fpadd_parts+0x286>
     33c:	c9 01       	movw	r24, r18
     33e:	aa 27       	eor	r26, r26
     340:	97 fd       	sbrc	r25, 7
     342:	a0 95       	com	r26
     344:	ba 2f       	mov	r27, r26
     346:	81 70       	andi	r24, 0x01	; 1
     348:	90 70       	andi	r25, 0x00	; 0
     34a:	a0 70       	andi	r26, 0x00	; 0
     34c:	b0 70       	andi	r27, 0x00	; 0
     34e:	56 95       	lsr	r21
     350:	47 95       	ror	r20
     352:	37 95       	ror	r19
     354:	27 95       	ror	r18
     356:	82 2b       	or	r24, r18
     358:	93 2b       	or	r25, r19
     35a:	a4 2b       	or	r26, r20
     35c:	b5 2b       	or	r27, r21
     35e:	84 83       	std	Z+4, r24	; 0x04
     360:	95 83       	std	Z+5, r25	; 0x05
     362:	a6 83       	std	Z+6, r26	; 0x06
     364:	b7 83       	std	Z+7, r27	; 0x07
     366:	82 81       	ldd	r24, Z+2	; 0x02
     368:	93 81       	ldd	r25, Z+3	; 0x03
     36a:	01 96       	adiw	r24, 0x01	; 1
     36c:	93 83       	std	Z+3, r25	; 0x03
     36e:	82 83       	std	Z+2, r24	; 0x02
     370:	df 01       	movw	r26, r30
     372:	01 c0       	rjmp	.+2      	; 0x376 <_fpadd_parts+0x28c>
     374:	d2 01       	movw	r26, r4
     376:	cd 01       	movw	r24, r26
     378:	cd b7       	in	r28, 0x3d	; 61
     37a:	de b7       	in	r29, 0x3e	; 62
     37c:	e2 e1       	ldi	r30, 0x12	; 18
     37e:	0c 94 e3 10 	jmp	0x21c6	; 0x21c6 <__epilogue_restores__>

00000382 <__subsf3>:
     382:	a0 e2       	ldi	r26, 0x20	; 32
     384:	b0 e0       	ldi	r27, 0x00	; 0
     386:	e7 ec       	ldi	r30, 0xC7	; 199
     388:	f1 e0       	ldi	r31, 0x01	; 1
     38a:	0c 94 d3 10 	jmp	0x21a6	; 0x21a6 <__prologue_saves__+0x18>
     38e:	69 83       	std	Y+1, r22	; 0x01
     390:	7a 83       	std	Y+2, r23	; 0x02
     392:	8b 83       	std	Y+3, r24	; 0x03
     394:	9c 83       	std	Y+4, r25	; 0x04
     396:	2d 83       	std	Y+5, r18	; 0x05
     398:	3e 83       	std	Y+6, r19	; 0x06
     39a:	4f 83       	std	Y+7, r20	; 0x07
     39c:	58 87       	std	Y+8, r21	; 0x08
     39e:	e9 e0       	ldi	r30, 0x09	; 9
     3a0:	ee 2e       	mov	r14, r30
     3a2:	f1 2c       	mov	r15, r1
     3a4:	ec 0e       	add	r14, r28
     3a6:	fd 1e       	adc	r15, r29
     3a8:	ce 01       	movw	r24, r28
     3aa:	01 96       	adiw	r24, 0x01	; 1
     3ac:	b7 01       	movw	r22, r14
     3ae:	0e 94 d2 04 	call	0x9a4	; 0x9a4 <__unpack_f>
     3b2:	8e 01       	movw	r16, r28
     3b4:	0f 5e       	subi	r16, 0xEF	; 239
     3b6:	1f 4f       	sbci	r17, 0xFF	; 255
     3b8:	ce 01       	movw	r24, r28
     3ba:	05 96       	adiw	r24, 0x05	; 5
     3bc:	b8 01       	movw	r22, r16
     3be:	0e 94 d2 04 	call	0x9a4	; 0x9a4 <__unpack_f>
     3c2:	8a 89       	ldd	r24, Y+18	; 0x12
     3c4:	91 e0       	ldi	r25, 0x01	; 1
     3c6:	89 27       	eor	r24, r25
     3c8:	8a 8b       	std	Y+18, r24	; 0x12
     3ca:	c7 01       	movw	r24, r14
     3cc:	b8 01       	movw	r22, r16
     3ce:	ae 01       	movw	r20, r28
     3d0:	47 5e       	subi	r20, 0xE7	; 231
     3d2:	5f 4f       	sbci	r21, 0xFF	; 255
     3d4:	0e 94 75 00 	call	0xea	; 0xea <_fpadd_parts>
     3d8:	0e 94 fd 03 	call	0x7fa	; 0x7fa <__pack_f>
     3dc:	a0 96       	adiw	r28, 0x20	; 32
     3de:	e6 e0       	ldi	r30, 0x06	; 6
     3e0:	0c 94 ef 10 	jmp	0x21de	; 0x21de <__epilogue_restores__+0x18>

000003e4 <__addsf3>:
     3e4:	a0 e2       	ldi	r26, 0x20	; 32
     3e6:	b0 e0       	ldi	r27, 0x00	; 0
     3e8:	e8 ef       	ldi	r30, 0xF8	; 248
     3ea:	f1 e0       	ldi	r31, 0x01	; 1
     3ec:	0c 94 d3 10 	jmp	0x21a6	; 0x21a6 <__prologue_saves__+0x18>
     3f0:	69 83       	std	Y+1, r22	; 0x01
     3f2:	7a 83       	std	Y+2, r23	; 0x02
     3f4:	8b 83       	std	Y+3, r24	; 0x03
     3f6:	9c 83       	std	Y+4, r25	; 0x04
     3f8:	2d 83       	std	Y+5, r18	; 0x05
     3fa:	3e 83       	std	Y+6, r19	; 0x06
     3fc:	4f 83       	std	Y+7, r20	; 0x07
     3fe:	58 87       	std	Y+8, r21	; 0x08
     400:	f9 e0       	ldi	r31, 0x09	; 9
     402:	ef 2e       	mov	r14, r31
     404:	f1 2c       	mov	r15, r1
     406:	ec 0e       	add	r14, r28
     408:	fd 1e       	adc	r15, r29
     40a:	ce 01       	movw	r24, r28
     40c:	01 96       	adiw	r24, 0x01	; 1
     40e:	b7 01       	movw	r22, r14
     410:	0e 94 d2 04 	call	0x9a4	; 0x9a4 <__unpack_f>
     414:	8e 01       	movw	r16, r28
     416:	0f 5e       	subi	r16, 0xEF	; 239
     418:	1f 4f       	sbci	r17, 0xFF	; 255
     41a:	ce 01       	movw	r24, r28
     41c:	05 96       	adiw	r24, 0x05	; 5
     41e:	b8 01       	movw	r22, r16
     420:	0e 94 d2 04 	call	0x9a4	; 0x9a4 <__unpack_f>
     424:	c7 01       	movw	r24, r14
     426:	b8 01       	movw	r22, r16
     428:	ae 01       	movw	r20, r28
     42a:	47 5e       	subi	r20, 0xE7	; 231
     42c:	5f 4f       	sbci	r21, 0xFF	; 255
     42e:	0e 94 75 00 	call	0xea	; 0xea <_fpadd_parts>
     432:	0e 94 fd 03 	call	0x7fa	; 0x7fa <__pack_f>
     436:	a0 96       	adiw	r28, 0x20	; 32
     438:	e6 e0       	ldi	r30, 0x06	; 6
     43a:	0c 94 ef 10 	jmp	0x21de	; 0x21de <__epilogue_restores__+0x18>

0000043e <__mulsf3>:
     43e:	a0 e2       	ldi	r26, 0x20	; 32
     440:	b0 e0       	ldi	r27, 0x00	; 0
     442:	e5 e2       	ldi	r30, 0x25	; 37
     444:	f2 e0       	ldi	r31, 0x02	; 2
     446:	0c 94 c7 10 	jmp	0x218e	; 0x218e <__prologue_saves__>
     44a:	69 83       	std	Y+1, r22	; 0x01
     44c:	7a 83       	std	Y+2, r23	; 0x02
     44e:	8b 83       	std	Y+3, r24	; 0x03
     450:	9c 83       	std	Y+4, r25	; 0x04
     452:	2d 83       	std	Y+5, r18	; 0x05
     454:	3e 83       	std	Y+6, r19	; 0x06
     456:	4f 83       	std	Y+7, r20	; 0x07
     458:	58 87       	std	Y+8, r21	; 0x08
     45a:	ce 01       	movw	r24, r28
     45c:	01 96       	adiw	r24, 0x01	; 1
     45e:	be 01       	movw	r22, r28
     460:	67 5f       	subi	r22, 0xF7	; 247
     462:	7f 4f       	sbci	r23, 0xFF	; 255
     464:	0e 94 d2 04 	call	0x9a4	; 0x9a4 <__unpack_f>
     468:	ce 01       	movw	r24, r28
     46a:	05 96       	adiw	r24, 0x05	; 5
     46c:	be 01       	movw	r22, r28
     46e:	6f 5e       	subi	r22, 0xEF	; 239
     470:	7f 4f       	sbci	r23, 0xFF	; 255
     472:	0e 94 d2 04 	call	0x9a4	; 0x9a4 <__unpack_f>
     476:	99 85       	ldd	r25, Y+9	; 0x09
     478:	92 30       	cpi	r25, 0x02	; 2
     47a:	88 f0       	brcs	.+34     	; 0x49e <__mulsf3+0x60>
     47c:	89 89       	ldd	r24, Y+17	; 0x11
     47e:	82 30       	cpi	r24, 0x02	; 2
     480:	c8 f0       	brcs	.+50     	; 0x4b4 <__mulsf3+0x76>
     482:	94 30       	cpi	r25, 0x04	; 4
     484:	19 f4       	brne	.+6      	; 0x48c <__mulsf3+0x4e>
     486:	82 30       	cpi	r24, 0x02	; 2
     488:	51 f4       	brne	.+20     	; 0x49e <__mulsf3+0x60>
     48a:	04 c0       	rjmp	.+8      	; 0x494 <__mulsf3+0x56>
     48c:	84 30       	cpi	r24, 0x04	; 4
     48e:	29 f4       	brne	.+10     	; 0x49a <__mulsf3+0x5c>
     490:	92 30       	cpi	r25, 0x02	; 2
     492:	81 f4       	brne	.+32     	; 0x4b4 <__mulsf3+0x76>
     494:	80 e6       	ldi	r24, 0x60	; 96
     496:	90 e0       	ldi	r25, 0x00	; 0
     498:	c6 c0       	rjmp	.+396    	; 0x626 <__mulsf3+0x1e8>
     49a:	92 30       	cpi	r25, 0x02	; 2
     49c:	49 f4       	brne	.+18     	; 0x4b0 <__mulsf3+0x72>
     49e:	20 e0       	ldi	r18, 0x00	; 0
     4a0:	9a 85       	ldd	r25, Y+10	; 0x0a
     4a2:	8a 89       	ldd	r24, Y+18	; 0x12
     4a4:	98 13       	cpse	r25, r24
     4a6:	21 e0       	ldi	r18, 0x01	; 1
     4a8:	2a 87       	std	Y+10, r18	; 0x0a
     4aa:	ce 01       	movw	r24, r28
     4ac:	09 96       	adiw	r24, 0x09	; 9
     4ae:	bb c0       	rjmp	.+374    	; 0x626 <__mulsf3+0x1e8>
     4b0:	82 30       	cpi	r24, 0x02	; 2
     4b2:	49 f4       	brne	.+18     	; 0x4c6 <__mulsf3+0x88>
     4b4:	20 e0       	ldi	r18, 0x00	; 0
     4b6:	9a 85       	ldd	r25, Y+10	; 0x0a
     4b8:	8a 89       	ldd	r24, Y+18	; 0x12
     4ba:	98 13       	cpse	r25, r24
     4bc:	21 e0       	ldi	r18, 0x01	; 1
     4be:	2a 8b       	std	Y+18, r18	; 0x12
     4c0:	ce 01       	movw	r24, r28
     4c2:	41 96       	adiw	r24, 0x11	; 17
     4c4:	b0 c0       	rjmp	.+352    	; 0x626 <__mulsf3+0x1e8>
     4c6:	2d 84       	ldd	r2, Y+13	; 0x0d
     4c8:	3e 84       	ldd	r3, Y+14	; 0x0e
     4ca:	4f 84       	ldd	r4, Y+15	; 0x0f
     4cc:	58 88       	ldd	r5, Y+16	; 0x10
     4ce:	6d 88       	ldd	r6, Y+21	; 0x15
     4d0:	7e 88       	ldd	r7, Y+22	; 0x16
     4d2:	8f 88       	ldd	r8, Y+23	; 0x17
     4d4:	98 8c       	ldd	r9, Y+24	; 0x18
     4d6:	ee 24       	eor	r14, r14
     4d8:	ff 24       	eor	r15, r15
     4da:	87 01       	movw	r16, r14
     4dc:	aa 24       	eor	r10, r10
     4de:	bb 24       	eor	r11, r11
     4e0:	65 01       	movw	r12, r10
     4e2:	40 e0       	ldi	r20, 0x00	; 0
     4e4:	50 e0       	ldi	r21, 0x00	; 0
     4e6:	60 e0       	ldi	r22, 0x00	; 0
     4e8:	70 e0       	ldi	r23, 0x00	; 0
     4ea:	e0 e0       	ldi	r30, 0x00	; 0
     4ec:	f0 e0       	ldi	r31, 0x00	; 0
     4ee:	c1 01       	movw	r24, r2
     4f0:	81 70       	andi	r24, 0x01	; 1
     4f2:	90 70       	andi	r25, 0x00	; 0
     4f4:	89 2b       	or	r24, r25
     4f6:	e9 f0       	breq	.+58     	; 0x532 <__mulsf3+0xf4>
     4f8:	e6 0c       	add	r14, r6
     4fa:	f7 1c       	adc	r15, r7
     4fc:	08 1d       	adc	r16, r8
     4fe:	19 1d       	adc	r17, r9
     500:	9a 01       	movw	r18, r20
     502:	ab 01       	movw	r20, r22
     504:	2a 0d       	add	r18, r10
     506:	3b 1d       	adc	r19, r11
     508:	4c 1d       	adc	r20, r12
     50a:	5d 1d       	adc	r21, r13
     50c:	80 e0       	ldi	r24, 0x00	; 0
     50e:	90 e0       	ldi	r25, 0x00	; 0
     510:	a0 e0       	ldi	r26, 0x00	; 0
     512:	b0 e0       	ldi	r27, 0x00	; 0
     514:	e6 14       	cp	r14, r6
     516:	f7 04       	cpc	r15, r7
     518:	08 05       	cpc	r16, r8
     51a:	19 05       	cpc	r17, r9
     51c:	20 f4       	brcc	.+8      	; 0x526 <__mulsf3+0xe8>
     51e:	81 e0       	ldi	r24, 0x01	; 1
     520:	90 e0       	ldi	r25, 0x00	; 0
     522:	a0 e0       	ldi	r26, 0x00	; 0
     524:	b0 e0       	ldi	r27, 0x00	; 0
     526:	ba 01       	movw	r22, r20
     528:	a9 01       	movw	r20, r18
     52a:	48 0f       	add	r20, r24
     52c:	59 1f       	adc	r21, r25
     52e:	6a 1f       	adc	r22, r26
     530:	7b 1f       	adc	r23, r27
     532:	aa 0c       	add	r10, r10
     534:	bb 1c       	adc	r11, r11
     536:	cc 1c       	adc	r12, r12
     538:	dd 1c       	adc	r13, r13
     53a:	97 fe       	sbrs	r9, 7
     53c:	08 c0       	rjmp	.+16     	; 0x54e <__mulsf3+0x110>
     53e:	81 e0       	ldi	r24, 0x01	; 1
     540:	90 e0       	ldi	r25, 0x00	; 0
     542:	a0 e0       	ldi	r26, 0x00	; 0
     544:	b0 e0       	ldi	r27, 0x00	; 0
     546:	a8 2a       	or	r10, r24
     548:	b9 2a       	or	r11, r25
     54a:	ca 2a       	or	r12, r26
     54c:	db 2a       	or	r13, r27
     54e:	31 96       	adiw	r30, 0x01	; 1
     550:	e0 32       	cpi	r30, 0x20	; 32
     552:	f1 05       	cpc	r31, r1
     554:	49 f0       	breq	.+18     	; 0x568 <__mulsf3+0x12a>
     556:	66 0c       	add	r6, r6
     558:	77 1c       	adc	r7, r7
     55a:	88 1c       	adc	r8, r8
     55c:	99 1c       	adc	r9, r9
     55e:	56 94       	lsr	r5
     560:	47 94       	ror	r4
     562:	37 94       	ror	r3
     564:	27 94       	ror	r2
     566:	c3 cf       	rjmp	.-122    	; 0x4ee <__mulsf3+0xb0>
     568:	fa 85       	ldd	r31, Y+10	; 0x0a
     56a:	ea 89       	ldd	r30, Y+18	; 0x12
     56c:	2b 89       	ldd	r18, Y+19	; 0x13
     56e:	3c 89       	ldd	r19, Y+20	; 0x14
     570:	8b 85       	ldd	r24, Y+11	; 0x0b
     572:	9c 85       	ldd	r25, Y+12	; 0x0c
     574:	28 0f       	add	r18, r24
     576:	39 1f       	adc	r19, r25
     578:	2e 5f       	subi	r18, 0xFE	; 254
     57a:	3f 4f       	sbci	r19, 0xFF	; 255
     57c:	17 c0       	rjmp	.+46     	; 0x5ac <__mulsf3+0x16e>
     57e:	ca 01       	movw	r24, r20
     580:	81 70       	andi	r24, 0x01	; 1
     582:	90 70       	andi	r25, 0x00	; 0
     584:	89 2b       	or	r24, r25
     586:	61 f0       	breq	.+24     	; 0x5a0 <__mulsf3+0x162>
     588:	16 95       	lsr	r17
     58a:	07 95       	ror	r16
     58c:	f7 94       	ror	r15
     58e:	e7 94       	ror	r14
     590:	80 e0       	ldi	r24, 0x00	; 0
     592:	90 e0       	ldi	r25, 0x00	; 0
     594:	a0 e0       	ldi	r26, 0x00	; 0
     596:	b0 e8       	ldi	r27, 0x80	; 128
     598:	e8 2a       	or	r14, r24
     59a:	f9 2a       	or	r15, r25
     59c:	0a 2b       	or	r16, r26
     59e:	1b 2b       	or	r17, r27
     5a0:	76 95       	lsr	r23
     5a2:	67 95       	ror	r22
     5a4:	57 95       	ror	r21
     5a6:	47 95       	ror	r20
     5a8:	2f 5f       	subi	r18, 0xFF	; 255
     5aa:	3f 4f       	sbci	r19, 0xFF	; 255
     5ac:	77 fd       	sbrc	r23, 7
     5ae:	e7 cf       	rjmp	.-50     	; 0x57e <__mulsf3+0x140>
     5b0:	0c c0       	rjmp	.+24     	; 0x5ca <__mulsf3+0x18c>
     5b2:	44 0f       	add	r20, r20
     5b4:	55 1f       	adc	r21, r21
     5b6:	66 1f       	adc	r22, r22
     5b8:	77 1f       	adc	r23, r23
     5ba:	17 fd       	sbrc	r17, 7
     5bc:	41 60       	ori	r20, 0x01	; 1
     5be:	ee 0c       	add	r14, r14
     5c0:	ff 1c       	adc	r15, r15
     5c2:	00 1f       	adc	r16, r16
     5c4:	11 1f       	adc	r17, r17
     5c6:	21 50       	subi	r18, 0x01	; 1
     5c8:	30 40       	sbci	r19, 0x00	; 0
     5ca:	40 30       	cpi	r20, 0x00	; 0
     5cc:	90 e0       	ldi	r25, 0x00	; 0
     5ce:	59 07       	cpc	r21, r25
     5d0:	90 e0       	ldi	r25, 0x00	; 0
     5d2:	69 07       	cpc	r22, r25
     5d4:	90 e4       	ldi	r25, 0x40	; 64
     5d6:	79 07       	cpc	r23, r25
     5d8:	60 f3       	brcs	.-40     	; 0x5b2 <__mulsf3+0x174>
     5da:	2b 8f       	std	Y+27, r18	; 0x1b
     5dc:	3c 8f       	std	Y+28, r19	; 0x1c
     5de:	db 01       	movw	r26, r22
     5e0:	ca 01       	movw	r24, r20
     5e2:	8f 77       	andi	r24, 0x7F	; 127
     5e4:	90 70       	andi	r25, 0x00	; 0
     5e6:	a0 70       	andi	r26, 0x00	; 0
     5e8:	b0 70       	andi	r27, 0x00	; 0
     5ea:	80 34       	cpi	r24, 0x40	; 64
     5ec:	91 05       	cpc	r25, r1
     5ee:	a1 05       	cpc	r26, r1
     5f0:	b1 05       	cpc	r27, r1
     5f2:	61 f4       	brne	.+24     	; 0x60c <__mulsf3+0x1ce>
     5f4:	47 fd       	sbrc	r20, 7
     5f6:	0a c0       	rjmp	.+20     	; 0x60c <__mulsf3+0x1ce>
     5f8:	e1 14       	cp	r14, r1
     5fa:	f1 04       	cpc	r15, r1
     5fc:	01 05       	cpc	r16, r1
     5fe:	11 05       	cpc	r17, r1
     600:	29 f0       	breq	.+10     	; 0x60c <__mulsf3+0x1ce>
     602:	40 5c       	subi	r20, 0xC0	; 192
     604:	5f 4f       	sbci	r21, 0xFF	; 255
     606:	6f 4f       	sbci	r22, 0xFF	; 255
     608:	7f 4f       	sbci	r23, 0xFF	; 255
     60a:	40 78       	andi	r20, 0x80	; 128
     60c:	1a 8e       	std	Y+26, r1	; 0x1a
     60e:	fe 17       	cp	r31, r30
     610:	11 f0       	breq	.+4      	; 0x616 <__mulsf3+0x1d8>
     612:	81 e0       	ldi	r24, 0x01	; 1
     614:	8a 8f       	std	Y+26, r24	; 0x1a
     616:	4d 8f       	std	Y+29, r20	; 0x1d
     618:	5e 8f       	std	Y+30, r21	; 0x1e
     61a:	6f 8f       	std	Y+31, r22	; 0x1f
     61c:	78 a3       	std	Y+32, r23	; 0x20
     61e:	83 e0       	ldi	r24, 0x03	; 3
     620:	89 8f       	std	Y+25, r24	; 0x19
     622:	ce 01       	movw	r24, r28
     624:	49 96       	adiw	r24, 0x19	; 25
     626:	0e 94 fd 03 	call	0x7fa	; 0x7fa <__pack_f>
     62a:	a0 96       	adiw	r28, 0x20	; 32
     62c:	e2 e1       	ldi	r30, 0x12	; 18
     62e:	0c 94 e3 10 	jmp	0x21c6	; 0x21c6 <__epilogue_restores__>

00000632 <__gtsf2>:
     632:	a8 e1       	ldi	r26, 0x18	; 24
     634:	b0 e0       	ldi	r27, 0x00	; 0
     636:	ef e1       	ldi	r30, 0x1F	; 31
     638:	f3 e0       	ldi	r31, 0x03	; 3
     63a:	0c 94 d3 10 	jmp	0x21a6	; 0x21a6 <__prologue_saves__+0x18>
     63e:	69 83       	std	Y+1, r22	; 0x01
     640:	7a 83       	std	Y+2, r23	; 0x02
     642:	8b 83       	std	Y+3, r24	; 0x03
     644:	9c 83       	std	Y+4, r25	; 0x04
     646:	2d 83       	std	Y+5, r18	; 0x05
     648:	3e 83       	std	Y+6, r19	; 0x06
     64a:	4f 83       	std	Y+7, r20	; 0x07
     64c:	58 87       	std	Y+8, r21	; 0x08
     64e:	89 e0       	ldi	r24, 0x09	; 9
     650:	e8 2e       	mov	r14, r24
     652:	f1 2c       	mov	r15, r1
     654:	ec 0e       	add	r14, r28
     656:	fd 1e       	adc	r15, r29
     658:	ce 01       	movw	r24, r28
     65a:	01 96       	adiw	r24, 0x01	; 1
     65c:	b7 01       	movw	r22, r14
     65e:	0e 94 d2 04 	call	0x9a4	; 0x9a4 <__unpack_f>
     662:	8e 01       	movw	r16, r28
     664:	0f 5e       	subi	r16, 0xEF	; 239
     666:	1f 4f       	sbci	r17, 0xFF	; 255
     668:	ce 01       	movw	r24, r28
     66a:	05 96       	adiw	r24, 0x05	; 5
     66c:	b8 01       	movw	r22, r16
     66e:	0e 94 d2 04 	call	0x9a4	; 0x9a4 <__unpack_f>
     672:	89 85       	ldd	r24, Y+9	; 0x09
     674:	82 30       	cpi	r24, 0x02	; 2
     676:	40 f0       	brcs	.+16     	; 0x688 <__gtsf2+0x56>
     678:	89 89       	ldd	r24, Y+17	; 0x11
     67a:	82 30       	cpi	r24, 0x02	; 2
     67c:	28 f0       	brcs	.+10     	; 0x688 <__gtsf2+0x56>
     67e:	c7 01       	movw	r24, r14
     680:	b8 01       	movw	r22, r16
     682:	0e 94 4a 05 	call	0xa94	; 0xa94 <__fpcmp_parts_f>
     686:	01 c0       	rjmp	.+2      	; 0x68a <__gtsf2+0x58>
     688:	8f ef       	ldi	r24, 0xFF	; 255
     68a:	68 96       	adiw	r28, 0x18	; 24
     68c:	e6 e0       	ldi	r30, 0x06	; 6
     68e:	0c 94 ef 10 	jmp	0x21de	; 0x21de <__epilogue_restores__+0x18>

00000692 <__gesf2>:
     692:	a8 e1       	ldi	r26, 0x18	; 24
     694:	b0 e0       	ldi	r27, 0x00	; 0
     696:	ef e4       	ldi	r30, 0x4F	; 79
     698:	f3 e0       	ldi	r31, 0x03	; 3
     69a:	0c 94 d3 10 	jmp	0x21a6	; 0x21a6 <__prologue_saves__+0x18>
     69e:	69 83       	std	Y+1, r22	; 0x01
     6a0:	7a 83       	std	Y+2, r23	; 0x02
     6a2:	8b 83       	std	Y+3, r24	; 0x03
     6a4:	9c 83       	std	Y+4, r25	; 0x04
     6a6:	2d 83       	std	Y+5, r18	; 0x05
     6a8:	3e 83       	std	Y+6, r19	; 0x06
     6aa:	4f 83       	std	Y+7, r20	; 0x07
     6ac:	58 87       	std	Y+8, r21	; 0x08
     6ae:	89 e0       	ldi	r24, 0x09	; 9
     6b0:	e8 2e       	mov	r14, r24
     6b2:	f1 2c       	mov	r15, r1
     6b4:	ec 0e       	add	r14, r28
     6b6:	fd 1e       	adc	r15, r29
     6b8:	ce 01       	movw	r24, r28
     6ba:	01 96       	adiw	r24, 0x01	; 1
     6bc:	b7 01       	movw	r22, r14
     6be:	0e 94 d2 04 	call	0x9a4	; 0x9a4 <__unpack_f>
     6c2:	8e 01       	movw	r16, r28
     6c4:	0f 5e       	subi	r16, 0xEF	; 239
     6c6:	1f 4f       	sbci	r17, 0xFF	; 255
     6c8:	ce 01       	movw	r24, r28
     6ca:	05 96       	adiw	r24, 0x05	; 5
     6cc:	b8 01       	movw	r22, r16
     6ce:	0e 94 d2 04 	call	0x9a4	; 0x9a4 <__unpack_f>
     6d2:	89 85       	ldd	r24, Y+9	; 0x09
     6d4:	82 30       	cpi	r24, 0x02	; 2
     6d6:	40 f0       	brcs	.+16     	; 0x6e8 <__gesf2+0x56>
     6d8:	89 89       	ldd	r24, Y+17	; 0x11
     6da:	82 30       	cpi	r24, 0x02	; 2
     6dc:	28 f0       	brcs	.+10     	; 0x6e8 <__gesf2+0x56>
     6de:	c7 01       	movw	r24, r14
     6e0:	b8 01       	movw	r22, r16
     6e2:	0e 94 4a 05 	call	0xa94	; 0xa94 <__fpcmp_parts_f>
     6e6:	01 c0       	rjmp	.+2      	; 0x6ea <__gesf2+0x58>
     6e8:	8f ef       	ldi	r24, 0xFF	; 255
     6ea:	68 96       	adiw	r28, 0x18	; 24
     6ec:	e6 e0       	ldi	r30, 0x06	; 6
     6ee:	0c 94 ef 10 	jmp	0x21de	; 0x21de <__epilogue_restores__+0x18>

000006f2 <__ltsf2>:
     6f2:	a8 e1       	ldi	r26, 0x18	; 24
     6f4:	b0 e0       	ldi	r27, 0x00	; 0
     6f6:	ef e7       	ldi	r30, 0x7F	; 127
     6f8:	f3 e0       	ldi	r31, 0x03	; 3
     6fa:	0c 94 d3 10 	jmp	0x21a6	; 0x21a6 <__prologue_saves__+0x18>
     6fe:	69 83       	std	Y+1, r22	; 0x01
     700:	7a 83       	std	Y+2, r23	; 0x02
     702:	8b 83       	std	Y+3, r24	; 0x03
     704:	9c 83       	std	Y+4, r25	; 0x04
     706:	2d 83       	std	Y+5, r18	; 0x05
     708:	3e 83       	std	Y+6, r19	; 0x06
     70a:	4f 83       	std	Y+7, r20	; 0x07
     70c:	58 87       	std	Y+8, r21	; 0x08
     70e:	89 e0       	ldi	r24, 0x09	; 9
     710:	e8 2e       	mov	r14, r24
     712:	f1 2c       	mov	r15, r1
     714:	ec 0e       	add	r14, r28
     716:	fd 1e       	adc	r15, r29
     718:	ce 01       	movw	r24, r28
     71a:	01 96       	adiw	r24, 0x01	; 1
     71c:	b7 01       	movw	r22, r14
     71e:	0e 94 d2 04 	call	0x9a4	; 0x9a4 <__unpack_f>
     722:	8e 01       	movw	r16, r28
     724:	0f 5e       	subi	r16, 0xEF	; 239
     726:	1f 4f       	sbci	r17, 0xFF	; 255
     728:	ce 01       	movw	r24, r28
     72a:	05 96       	adiw	r24, 0x05	; 5
     72c:	b8 01       	movw	r22, r16
     72e:	0e 94 d2 04 	call	0x9a4	; 0x9a4 <__unpack_f>
     732:	89 85       	ldd	r24, Y+9	; 0x09
     734:	82 30       	cpi	r24, 0x02	; 2
     736:	40 f0       	brcs	.+16     	; 0x748 <__ltsf2+0x56>
     738:	89 89       	ldd	r24, Y+17	; 0x11
     73a:	82 30       	cpi	r24, 0x02	; 2
     73c:	28 f0       	brcs	.+10     	; 0x748 <__ltsf2+0x56>
     73e:	c7 01       	movw	r24, r14
     740:	b8 01       	movw	r22, r16
     742:	0e 94 4a 05 	call	0xa94	; 0xa94 <__fpcmp_parts_f>
     746:	01 c0       	rjmp	.+2      	; 0x74a <__ltsf2+0x58>
     748:	81 e0       	ldi	r24, 0x01	; 1
     74a:	68 96       	adiw	r28, 0x18	; 24
     74c:	e6 e0       	ldi	r30, 0x06	; 6
     74e:	0c 94 ef 10 	jmp	0x21de	; 0x21de <__epilogue_restores__+0x18>

00000752 <__fixsfsi>:
     752:	ac e0       	ldi	r26, 0x0C	; 12
     754:	b0 e0       	ldi	r27, 0x00	; 0
     756:	ef ea       	ldi	r30, 0xAF	; 175
     758:	f3 e0       	ldi	r31, 0x03	; 3
     75a:	0c 94 d7 10 	jmp	0x21ae	; 0x21ae <__prologue_saves__+0x20>
     75e:	69 83       	std	Y+1, r22	; 0x01
     760:	7a 83       	std	Y+2, r23	; 0x02
     762:	8b 83       	std	Y+3, r24	; 0x03
     764:	9c 83       	std	Y+4, r25	; 0x04
     766:	ce 01       	movw	r24, r28
     768:	01 96       	adiw	r24, 0x01	; 1
     76a:	be 01       	movw	r22, r28
     76c:	6b 5f       	subi	r22, 0xFB	; 251
     76e:	7f 4f       	sbci	r23, 0xFF	; 255
     770:	0e 94 d2 04 	call	0x9a4	; 0x9a4 <__unpack_f>
     774:	8d 81       	ldd	r24, Y+5	; 0x05
     776:	82 30       	cpi	r24, 0x02	; 2
     778:	61 f1       	breq	.+88     	; 0x7d2 <__fixsfsi+0x80>
     77a:	82 30       	cpi	r24, 0x02	; 2
     77c:	50 f1       	brcs	.+84     	; 0x7d2 <__fixsfsi+0x80>
     77e:	84 30       	cpi	r24, 0x04	; 4
     780:	21 f4       	brne	.+8      	; 0x78a <__fixsfsi+0x38>
     782:	8e 81       	ldd	r24, Y+6	; 0x06
     784:	88 23       	and	r24, r24
     786:	51 f1       	breq	.+84     	; 0x7dc <__fixsfsi+0x8a>
     788:	2e c0       	rjmp	.+92     	; 0x7e6 <__fixsfsi+0x94>
     78a:	2f 81       	ldd	r18, Y+7	; 0x07
     78c:	38 85       	ldd	r19, Y+8	; 0x08
     78e:	37 fd       	sbrc	r19, 7
     790:	20 c0       	rjmp	.+64     	; 0x7d2 <__fixsfsi+0x80>
     792:	6e 81       	ldd	r22, Y+6	; 0x06
     794:	2f 31       	cpi	r18, 0x1F	; 31
     796:	31 05       	cpc	r19, r1
     798:	1c f0       	brlt	.+6      	; 0x7a0 <__fixsfsi+0x4e>
     79a:	66 23       	and	r22, r22
     79c:	f9 f0       	breq	.+62     	; 0x7dc <__fixsfsi+0x8a>
     79e:	23 c0       	rjmp	.+70     	; 0x7e6 <__fixsfsi+0x94>
     7a0:	8e e1       	ldi	r24, 0x1E	; 30
     7a2:	90 e0       	ldi	r25, 0x00	; 0
     7a4:	82 1b       	sub	r24, r18
     7a6:	93 0b       	sbc	r25, r19
     7a8:	29 85       	ldd	r18, Y+9	; 0x09
     7aa:	3a 85       	ldd	r19, Y+10	; 0x0a
     7ac:	4b 85       	ldd	r20, Y+11	; 0x0b
     7ae:	5c 85       	ldd	r21, Y+12	; 0x0c
     7b0:	04 c0       	rjmp	.+8      	; 0x7ba <__fixsfsi+0x68>
     7b2:	56 95       	lsr	r21
     7b4:	47 95       	ror	r20
     7b6:	37 95       	ror	r19
     7b8:	27 95       	ror	r18
     7ba:	8a 95       	dec	r24
     7bc:	d2 f7       	brpl	.-12     	; 0x7b2 <__fixsfsi+0x60>
     7be:	66 23       	and	r22, r22
     7c0:	b1 f0       	breq	.+44     	; 0x7ee <__fixsfsi+0x9c>
     7c2:	50 95       	com	r21
     7c4:	40 95       	com	r20
     7c6:	30 95       	com	r19
     7c8:	21 95       	neg	r18
     7ca:	3f 4f       	sbci	r19, 0xFF	; 255
     7cc:	4f 4f       	sbci	r20, 0xFF	; 255
     7ce:	5f 4f       	sbci	r21, 0xFF	; 255
     7d0:	0e c0       	rjmp	.+28     	; 0x7ee <__fixsfsi+0x9c>
     7d2:	20 e0       	ldi	r18, 0x00	; 0
     7d4:	30 e0       	ldi	r19, 0x00	; 0
     7d6:	40 e0       	ldi	r20, 0x00	; 0
     7d8:	50 e0       	ldi	r21, 0x00	; 0
     7da:	09 c0       	rjmp	.+18     	; 0x7ee <__fixsfsi+0x9c>
     7dc:	2f ef       	ldi	r18, 0xFF	; 255
     7de:	3f ef       	ldi	r19, 0xFF	; 255
     7e0:	4f ef       	ldi	r20, 0xFF	; 255
     7e2:	5f e7       	ldi	r21, 0x7F	; 127
     7e4:	04 c0       	rjmp	.+8      	; 0x7ee <__fixsfsi+0x9c>
     7e6:	20 e0       	ldi	r18, 0x00	; 0
     7e8:	30 e0       	ldi	r19, 0x00	; 0
     7ea:	40 e0       	ldi	r20, 0x00	; 0
     7ec:	50 e8       	ldi	r21, 0x80	; 128
     7ee:	b9 01       	movw	r22, r18
     7f0:	ca 01       	movw	r24, r20
     7f2:	2c 96       	adiw	r28, 0x0c	; 12
     7f4:	e2 e0       	ldi	r30, 0x02	; 2
     7f6:	0c 94 f3 10 	jmp	0x21e6	; 0x21e6 <__epilogue_restores__+0x20>

000007fa <__pack_f>:
     7fa:	df 92       	push	r13
     7fc:	ef 92       	push	r14
     7fe:	ff 92       	push	r15
     800:	0f 93       	push	r16
     802:	1f 93       	push	r17
     804:	fc 01       	movw	r30, r24
     806:	e4 80       	ldd	r14, Z+4	; 0x04
     808:	f5 80       	ldd	r15, Z+5	; 0x05
     80a:	06 81       	ldd	r16, Z+6	; 0x06
     80c:	17 81       	ldd	r17, Z+7	; 0x07
     80e:	d1 80       	ldd	r13, Z+1	; 0x01
     810:	80 81       	ld	r24, Z
     812:	82 30       	cpi	r24, 0x02	; 2
     814:	48 f4       	brcc	.+18     	; 0x828 <__pack_f+0x2e>
     816:	80 e0       	ldi	r24, 0x00	; 0
     818:	90 e0       	ldi	r25, 0x00	; 0
     81a:	a0 e1       	ldi	r26, 0x10	; 16
     81c:	b0 e0       	ldi	r27, 0x00	; 0
     81e:	e8 2a       	or	r14, r24
     820:	f9 2a       	or	r15, r25
     822:	0a 2b       	or	r16, r26
     824:	1b 2b       	or	r17, r27
     826:	a5 c0       	rjmp	.+330    	; 0x972 <__stack+0x113>
     828:	84 30       	cpi	r24, 0x04	; 4
     82a:	09 f4       	brne	.+2      	; 0x82e <__pack_f+0x34>
     82c:	9f c0       	rjmp	.+318    	; 0x96c <__stack+0x10d>
     82e:	82 30       	cpi	r24, 0x02	; 2
     830:	21 f4       	brne	.+8      	; 0x83a <__pack_f+0x40>
     832:	ee 24       	eor	r14, r14
     834:	ff 24       	eor	r15, r15
     836:	87 01       	movw	r16, r14
     838:	05 c0       	rjmp	.+10     	; 0x844 <__pack_f+0x4a>
     83a:	e1 14       	cp	r14, r1
     83c:	f1 04       	cpc	r15, r1
     83e:	01 05       	cpc	r16, r1
     840:	11 05       	cpc	r17, r1
     842:	19 f4       	brne	.+6      	; 0x84a <__pack_f+0x50>
     844:	e0 e0       	ldi	r30, 0x00	; 0
     846:	f0 e0       	ldi	r31, 0x00	; 0
     848:	96 c0       	rjmp	.+300    	; 0x976 <__stack+0x117>
     84a:	62 81       	ldd	r22, Z+2	; 0x02
     84c:	73 81       	ldd	r23, Z+3	; 0x03
     84e:	9f ef       	ldi	r25, 0xFF	; 255
     850:	62 38       	cpi	r22, 0x82	; 130
     852:	79 07       	cpc	r23, r25
     854:	0c f0       	brlt	.+2      	; 0x858 <__pack_f+0x5e>
     856:	5b c0       	rjmp	.+182    	; 0x90e <__stack+0xaf>
     858:	22 e8       	ldi	r18, 0x82	; 130
     85a:	3f ef       	ldi	r19, 0xFF	; 255
     85c:	26 1b       	sub	r18, r22
     85e:	37 0b       	sbc	r19, r23
     860:	2a 31       	cpi	r18, 0x1A	; 26
     862:	31 05       	cpc	r19, r1
     864:	2c f0       	brlt	.+10     	; 0x870 <__stack+0x11>
     866:	20 e0       	ldi	r18, 0x00	; 0
     868:	30 e0       	ldi	r19, 0x00	; 0
     86a:	40 e0       	ldi	r20, 0x00	; 0
     86c:	50 e0       	ldi	r21, 0x00	; 0
     86e:	2a c0       	rjmp	.+84     	; 0x8c4 <__stack+0x65>
     870:	b8 01       	movw	r22, r16
     872:	a7 01       	movw	r20, r14
     874:	02 2e       	mov	r0, r18
     876:	04 c0       	rjmp	.+8      	; 0x880 <__stack+0x21>
     878:	76 95       	lsr	r23
     87a:	67 95       	ror	r22
     87c:	57 95       	ror	r21
     87e:	47 95       	ror	r20
     880:	0a 94       	dec	r0
     882:	d2 f7       	brpl	.-12     	; 0x878 <__stack+0x19>
     884:	81 e0       	ldi	r24, 0x01	; 1
     886:	90 e0       	ldi	r25, 0x00	; 0
     888:	a0 e0       	ldi	r26, 0x00	; 0
     88a:	b0 e0       	ldi	r27, 0x00	; 0
     88c:	04 c0       	rjmp	.+8      	; 0x896 <__stack+0x37>
     88e:	88 0f       	add	r24, r24
     890:	99 1f       	adc	r25, r25
     892:	aa 1f       	adc	r26, r26
     894:	bb 1f       	adc	r27, r27
     896:	2a 95       	dec	r18
     898:	d2 f7       	brpl	.-12     	; 0x88e <__stack+0x2f>
     89a:	01 97       	sbiw	r24, 0x01	; 1
     89c:	a1 09       	sbc	r26, r1
     89e:	b1 09       	sbc	r27, r1
     8a0:	8e 21       	and	r24, r14
     8a2:	9f 21       	and	r25, r15
     8a4:	a0 23       	and	r26, r16
     8a6:	b1 23       	and	r27, r17
     8a8:	00 97       	sbiw	r24, 0x00	; 0
     8aa:	a1 05       	cpc	r26, r1
     8ac:	b1 05       	cpc	r27, r1
     8ae:	21 f0       	breq	.+8      	; 0x8b8 <__stack+0x59>
     8b0:	81 e0       	ldi	r24, 0x01	; 1
     8b2:	90 e0       	ldi	r25, 0x00	; 0
     8b4:	a0 e0       	ldi	r26, 0x00	; 0
     8b6:	b0 e0       	ldi	r27, 0x00	; 0
     8b8:	9a 01       	movw	r18, r20
     8ba:	ab 01       	movw	r20, r22
     8bc:	28 2b       	or	r18, r24
     8be:	39 2b       	or	r19, r25
     8c0:	4a 2b       	or	r20, r26
     8c2:	5b 2b       	or	r21, r27
     8c4:	da 01       	movw	r26, r20
     8c6:	c9 01       	movw	r24, r18
     8c8:	8f 77       	andi	r24, 0x7F	; 127
     8ca:	90 70       	andi	r25, 0x00	; 0
     8cc:	a0 70       	andi	r26, 0x00	; 0
     8ce:	b0 70       	andi	r27, 0x00	; 0
     8d0:	80 34       	cpi	r24, 0x40	; 64
     8d2:	91 05       	cpc	r25, r1
     8d4:	a1 05       	cpc	r26, r1
     8d6:	b1 05       	cpc	r27, r1
     8d8:	39 f4       	brne	.+14     	; 0x8e8 <__stack+0x89>
     8da:	27 ff       	sbrs	r18, 7
     8dc:	09 c0       	rjmp	.+18     	; 0x8f0 <__stack+0x91>
     8de:	20 5c       	subi	r18, 0xC0	; 192
     8e0:	3f 4f       	sbci	r19, 0xFF	; 255
     8e2:	4f 4f       	sbci	r20, 0xFF	; 255
     8e4:	5f 4f       	sbci	r21, 0xFF	; 255
     8e6:	04 c0       	rjmp	.+8      	; 0x8f0 <__stack+0x91>
     8e8:	21 5c       	subi	r18, 0xC1	; 193
     8ea:	3f 4f       	sbci	r19, 0xFF	; 255
     8ec:	4f 4f       	sbci	r20, 0xFF	; 255
     8ee:	5f 4f       	sbci	r21, 0xFF	; 255
     8f0:	e0 e0       	ldi	r30, 0x00	; 0
     8f2:	f0 e0       	ldi	r31, 0x00	; 0
     8f4:	20 30       	cpi	r18, 0x00	; 0
     8f6:	a0 e0       	ldi	r26, 0x00	; 0
     8f8:	3a 07       	cpc	r19, r26
     8fa:	a0 e0       	ldi	r26, 0x00	; 0
     8fc:	4a 07       	cpc	r20, r26
     8fe:	a0 e4       	ldi	r26, 0x40	; 64
     900:	5a 07       	cpc	r21, r26
     902:	10 f0       	brcs	.+4      	; 0x908 <__stack+0xa9>
     904:	e1 e0       	ldi	r30, 0x01	; 1
     906:	f0 e0       	ldi	r31, 0x00	; 0
     908:	79 01       	movw	r14, r18
     90a:	8a 01       	movw	r16, r20
     90c:	27 c0       	rjmp	.+78     	; 0x95c <__stack+0xfd>
     90e:	60 38       	cpi	r22, 0x80	; 128
     910:	71 05       	cpc	r23, r1
     912:	64 f5       	brge	.+88     	; 0x96c <__stack+0x10d>
     914:	fb 01       	movw	r30, r22
     916:	e1 58       	subi	r30, 0x81	; 129
     918:	ff 4f       	sbci	r31, 0xFF	; 255
     91a:	d8 01       	movw	r26, r16
     91c:	c7 01       	movw	r24, r14
     91e:	8f 77       	andi	r24, 0x7F	; 127
     920:	90 70       	andi	r25, 0x00	; 0
     922:	a0 70       	andi	r26, 0x00	; 0
     924:	b0 70       	andi	r27, 0x00	; 0
     926:	80 34       	cpi	r24, 0x40	; 64
     928:	91 05       	cpc	r25, r1
     92a:	a1 05       	cpc	r26, r1
     92c:	b1 05       	cpc	r27, r1
     92e:	39 f4       	brne	.+14     	; 0x93e <__stack+0xdf>
     930:	e7 fe       	sbrs	r14, 7
     932:	0d c0       	rjmp	.+26     	; 0x94e <__stack+0xef>
     934:	80 e4       	ldi	r24, 0x40	; 64
     936:	90 e0       	ldi	r25, 0x00	; 0
     938:	a0 e0       	ldi	r26, 0x00	; 0
     93a:	b0 e0       	ldi	r27, 0x00	; 0
     93c:	04 c0       	rjmp	.+8      	; 0x946 <__stack+0xe7>
     93e:	8f e3       	ldi	r24, 0x3F	; 63
     940:	90 e0       	ldi	r25, 0x00	; 0
     942:	a0 e0       	ldi	r26, 0x00	; 0
     944:	b0 e0       	ldi	r27, 0x00	; 0
     946:	e8 0e       	add	r14, r24
     948:	f9 1e       	adc	r15, r25
     94a:	0a 1f       	adc	r16, r26
     94c:	1b 1f       	adc	r17, r27
     94e:	17 ff       	sbrs	r17, 7
     950:	05 c0       	rjmp	.+10     	; 0x95c <__stack+0xfd>
     952:	16 95       	lsr	r17
     954:	07 95       	ror	r16
     956:	f7 94       	ror	r15
     958:	e7 94       	ror	r14
     95a:	31 96       	adiw	r30, 0x01	; 1
     95c:	87 e0       	ldi	r24, 0x07	; 7
     95e:	16 95       	lsr	r17
     960:	07 95       	ror	r16
     962:	f7 94       	ror	r15
     964:	e7 94       	ror	r14
     966:	8a 95       	dec	r24
     968:	d1 f7       	brne	.-12     	; 0x95e <__stack+0xff>
     96a:	05 c0       	rjmp	.+10     	; 0x976 <__stack+0x117>
     96c:	ee 24       	eor	r14, r14
     96e:	ff 24       	eor	r15, r15
     970:	87 01       	movw	r16, r14
     972:	ef ef       	ldi	r30, 0xFF	; 255
     974:	f0 e0       	ldi	r31, 0x00	; 0
     976:	6e 2f       	mov	r22, r30
     978:	67 95       	ror	r22
     97a:	66 27       	eor	r22, r22
     97c:	67 95       	ror	r22
     97e:	90 2f       	mov	r25, r16
     980:	9f 77       	andi	r25, 0x7F	; 127
     982:	d7 94       	ror	r13
     984:	dd 24       	eor	r13, r13
     986:	d7 94       	ror	r13
     988:	8e 2f       	mov	r24, r30
     98a:	86 95       	lsr	r24
     98c:	49 2f       	mov	r20, r25
     98e:	46 2b       	or	r20, r22
     990:	58 2f       	mov	r21, r24
     992:	5d 29       	or	r21, r13
     994:	b7 01       	movw	r22, r14
     996:	ca 01       	movw	r24, r20
     998:	1f 91       	pop	r17
     99a:	0f 91       	pop	r16
     99c:	ff 90       	pop	r15
     99e:	ef 90       	pop	r14
     9a0:	df 90       	pop	r13
     9a2:	08 95       	ret

000009a4 <__unpack_f>:
     9a4:	fc 01       	movw	r30, r24
     9a6:	db 01       	movw	r26, r22
     9a8:	40 81       	ld	r20, Z
     9aa:	51 81       	ldd	r21, Z+1	; 0x01
     9ac:	22 81       	ldd	r18, Z+2	; 0x02
     9ae:	62 2f       	mov	r22, r18
     9b0:	6f 77       	andi	r22, 0x7F	; 127
     9b2:	70 e0       	ldi	r23, 0x00	; 0
     9b4:	22 1f       	adc	r18, r18
     9b6:	22 27       	eor	r18, r18
     9b8:	22 1f       	adc	r18, r18
     9ba:	93 81       	ldd	r25, Z+3	; 0x03
     9bc:	89 2f       	mov	r24, r25
     9be:	88 0f       	add	r24, r24
     9c0:	82 2b       	or	r24, r18
     9c2:	28 2f       	mov	r18, r24
     9c4:	30 e0       	ldi	r19, 0x00	; 0
     9c6:	99 1f       	adc	r25, r25
     9c8:	99 27       	eor	r25, r25
     9ca:	99 1f       	adc	r25, r25
     9cc:	11 96       	adiw	r26, 0x01	; 1
     9ce:	9c 93       	st	X, r25
     9d0:	11 97       	sbiw	r26, 0x01	; 1
     9d2:	21 15       	cp	r18, r1
     9d4:	31 05       	cpc	r19, r1
     9d6:	a9 f5       	brne	.+106    	; 0xa42 <__unpack_f+0x9e>
     9d8:	41 15       	cp	r20, r1
     9da:	51 05       	cpc	r21, r1
     9dc:	61 05       	cpc	r22, r1
     9de:	71 05       	cpc	r23, r1
     9e0:	11 f4       	brne	.+4      	; 0x9e6 <__unpack_f+0x42>
     9e2:	82 e0       	ldi	r24, 0x02	; 2
     9e4:	37 c0       	rjmp	.+110    	; 0xa54 <__unpack_f+0xb0>
     9e6:	82 e8       	ldi	r24, 0x82	; 130
     9e8:	9f ef       	ldi	r25, 0xFF	; 255
     9ea:	13 96       	adiw	r26, 0x03	; 3
     9ec:	9c 93       	st	X, r25
     9ee:	8e 93       	st	-X, r24
     9f0:	12 97       	sbiw	r26, 0x02	; 2
     9f2:	9a 01       	movw	r18, r20
     9f4:	ab 01       	movw	r20, r22
     9f6:	67 e0       	ldi	r22, 0x07	; 7
     9f8:	22 0f       	add	r18, r18
     9fa:	33 1f       	adc	r19, r19
     9fc:	44 1f       	adc	r20, r20
     9fe:	55 1f       	adc	r21, r21
     a00:	6a 95       	dec	r22
     a02:	d1 f7       	brne	.-12     	; 0x9f8 <__unpack_f+0x54>
     a04:	83 e0       	ldi	r24, 0x03	; 3
     a06:	8c 93       	st	X, r24
     a08:	0d c0       	rjmp	.+26     	; 0xa24 <__unpack_f+0x80>
     a0a:	22 0f       	add	r18, r18
     a0c:	33 1f       	adc	r19, r19
     a0e:	44 1f       	adc	r20, r20
     a10:	55 1f       	adc	r21, r21
     a12:	12 96       	adiw	r26, 0x02	; 2
     a14:	8d 91       	ld	r24, X+
     a16:	9c 91       	ld	r25, X
     a18:	13 97       	sbiw	r26, 0x03	; 3
     a1a:	01 97       	sbiw	r24, 0x01	; 1
     a1c:	13 96       	adiw	r26, 0x03	; 3
     a1e:	9c 93       	st	X, r25
     a20:	8e 93       	st	-X, r24
     a22:	12 97       	sbiw	r26, 0x02	; 2
     a24:	20 30       	cpi	r18, 0x00	; 0
     a26:	80 e0       	ldi	r24, 0x00	; 0
     a28:	38 07       	cpc	r19, r24
     a2a:	80 e0       	ldi	r24, 0x00	; 0
     a2c:	48 07       	cpc	r20, r24
     a2e:	80 e4       	ldi	r24, 0x40	; 64
     a30:	58 07       	cpc	r21, r24
     a32:	58 f3       	brcs	.-42     	; 0xa0a <__unpack_f+0x66>
     a34:	14 96       	adiw	r26, 0x04	; 4
     a36:	2d 93       	st	X+, r18
     a38:	3d 93       	st	X+, r19
     a3a:	4d 93       	st	X+, r20
     a3c:	5c 93       	st	X, r21
     a3e:	17 97       	sbiw	r26, 0x07	; 7
     a40:	08 95       	ret
     a42:	2f 3f       	cpi	r18, 0xFF	; 255
     a44:	31 05       	cpc	r19, r1
     a46:	79 f4       	brne	.+30     	; 0xa66 <__unpack_f+0xc2>
     a48:	41 15       	cp	r20, r1
     a4a:	51 05       	cpc	r21, r1
     a4c:	61 05       	cpc	r22, r1
     a4e:	71 05       	cpc	r23, r1
     a50:	19 f4       	brne	.+6      	; 0xa58 <__unpack_f+0xb4>
     a52:	84 e0       	ldi	r24, 0x04	; 4
     a54:	8c 93       	st	X, r24
     a56:	08 95       	ret
     a58:	64 ff       	sbrs	r22, 4
     a5a:	03 c0       	rjmp	.+6      	; 0xa62 <__unpack_f+0xbe>
     a5c:	81 e0       	ldi	r24, 0x01	; 1
     a5e:	8c 93       	st	X, r24
     a60:	12 c0       	rjmp	.+36     	; 0xa86 <__unpack_f+0xe2>
     a62:	1c 92       	st	X, r1
     a64:	10 c0       	rjmp	.+32     	; 0xa86 <__unpack_f+0xe2>
     a66:	2f 57       	subi	r18, 0x7F	; 127
     a68:	30 40       	sbci	r19, 0x00	; 0
     a6a:	13 96       	adiw	r26, 0x03	; 3
     a6c:	3c 93       	st	X, r19
     a6e:	2e 93       	st	-X, r18
     a70:	12 97       	sbiw	r26, 0x02	; 2
     a72:	83 e0       	ldi	r24, 0x03	; 3
     a74:	8c 93       	st	X, r24
     a76:	87 e0       	ldi	r24, 0x07	; 7
     a78:	44 0f       	add	r20, r20
     a7a:	55 1f       	adc	r21, r21
     a7c:	66 1f       	adc	r22, r22
     a7e:	77 1f       	adc	r23, r23
     a80:	8a 95       	dec	r24
     a82:	d1 f7       	brne	.-12     	; 0xa78 <__unpack_f+0xd4>
     a84:	70 64       	ori	r23, 0x40	; 64
     a86:	14 96       	adiw	r26, 0x04	; 4
     a88:	4d 93       	st	X+, r20
     a8a:	5d 93       	st	X+, r21
     a8c:	6d 93       	st	X+, r22
     a8e:	7c 93       	st	X, r23
     a90:	17 97       	sbiw	r26, 0x07	; 7
     a92:	08 95       	ret

00000a94 <__fpcmp_parts_f>:
     a94:	1f 93       	push	r17
     a96:	dc 01       	movw	r26, r24
     a98:	fb 01       	movw	r30, r22
     a9a:	9c 91       	ld	r25, X
     a9c:	92 30       	cpi	r25, 0x02	; 2
     a9e:	08 f4       	brcc	.+2      	; 0xaa2 <__fpcmp_parts_f+0xe>
     aa0:	47 c0       	rjmp	.+142    	; 0xb30 <__fpcmp_parts_f+0x9c>
     aa2:	80 81       	ld	r24, Z
     aa4:	82 30       	cpi	r24, 0x02	; 2
     aa6:	08 f4       	brcc	.+2      	; 0xaaa <__fpcmp_parts_f+0x16>
     aa8:	43 c0       	rjmp	.+134    	; 0xb30 <__fpcmp_parts_f+0x9c>
     aaa:	94 30       	cpi	r25, 0x04	; 4
     aac:	51 f4       	brne	.+20     	; 0xac2 <__fpcmp_parts_f+0x2e>
     aae:	11 96       	adiw	r26, 0x01	; 1
     ab0:	1c 91       	ld	r17, X
     ab2:	84 30       	cpi	r24, 0x04	; 4
     ab4:	99 f5       	brne	.+102    	; 0xb1c <__fpcmp_parts_f+0x88>
     ab6:	81 81       	ldd	r24, Z+1	; 0x01
     ab8:	68 2f       	mov	r22, r24
     aba:	70 e0       	ldi	r23, 0x00	; 0
     abc:	61 1b       	sub	r22, r17
     abe:	71 09       	sbc	r23, r1
     ac0:	3f c0       	rjmp	.+126    	; 0xb40 <__fpcmp_parts_f+0xac>
     ac2:	84 30       	cpi	r24, 0x04	; 4
     ac4:	21 f0       	breq	.+8      	; 0xace <__fpcmp_parts_f+0x3a>
     ac6:	92 30       	cpi	r25, 0x02	; 2
     ac8:	31 f4       	brne	.+12     	; 0xad6 <__fpcmp_parts_f+0x42>
     aca:	82 30       	cpi	r24, 0x02	; 2
     acc:	b9 f1       	breq	.+110    	; 0xb3c <__fpcmp_parts_f+0xa8>
     ace:	81 81       	ldd	r24, Z+1	; 0x01
     ad0:	88 23       	and	r24, r24
     ad2:	89 f1       	breq	.+98     	; 0xb36 <__fpcmp_parts_f+0xa2>
     ad4:	2d c0       	rjmp	.+90     	; 0xb30 <__fpcmp_parts_f+0x9c>
     ad6:	11 96       	adiw	r26, 0x01	; 1
     ad8:	1c 91       	ld	r17, X
     ada:	11 97       	sbiw	r26, 0x01	; 1
     adc:	82 30       	cpi	r24, 0x02	; 2
     ade:	f1 f0       	breq	.+60     	; 0xb1c <__fpcmp_parts_f+0x88>
     ae0:	81 81       	ldd	r24, Z+1	; 0x01
     ae2:	18 17       	cp	r17, r24
     ae4:	d9 f4       	brne	.+54     	; 0xb1c <__fpcmp_parts_f+0x88>
     ae6:	12 96       	adiw	r26, 0x02	; 2
     ae8:	2d 91       	ld	r18, X+
     aea:	3c 91       	ld	r19, X
     aec:	13 97       	sbiw	r26, 0x03	; 3
     aee:	82 81       	ldd	r24, Z+2	; 0x02
     af0:	93 81       	ldd	r25, Z+3	; 0x03
     af2:	82 17       	cp	r24, r18
     af4:	93 07       	cpc	r25, r19
     af6:	94 f0       	brlt	.+36     	; 0xb1c <__fpcmp_parts_f+0x88>
     af8:	28 17       	cp	r18, r24
     afa:	39 07       	cpc	r19, r25
     afc:	bc f0       	brlt	.+46     	; 0xb2c <__fpcmp_parts_f+0x98>
     afe:	14 96       	adiw	r26, 0x04	; 4
     b00:	8d 91       	ld	r24, X+
     b02:	9d 91       	ld	r25, X+
     b04:	0d 90       	ld	r0, X+
     b06:	bc 91       	ld	r27, X
     b08:	a0 2d       	mov	r26, r0
     b0a:	24 81       	ldd	r18, Z+4	; 0x04
     b0c:	35 81       	ldd	r19, Z+5	; 0x05
     b0e:	46 81       	ldd	r20, Z+6	; 0x06
     b10:	57 81       	ldd	r21, Z+7	; 0x07
     b12:	28 17       	cp	r18, r24
     b14:	39 07       	cpc	r19, r25
     b16:	4a 07       	cpc	r20, r26
     b18:	5b 07       	cpc	r21, r27
     b1a:	18 f4       	brcc	.+6      	; 0xb22 <__fpcmp_parts_f+0x8e>
     b1c:	11 23       	and	r17, r17
     b1e:	41 f0       	breq	.+16     	; 0xb30 <__fpcmp_parts_f+0x9c>
     b20:	0a c0       	rjmp	.+20     	; 0xb36 <__fpcmp_parts_f+0xa2>
     b22:	82 17       	cp	r24, r18
     b24:	93 07       	cpc	r25, r19
     b26:	a4 07       	cpc	r26, r20
     b28:	b5 07       	cpc	r27, r21
     b2a:	40 f4       	brcc	.+16     	; 0xb3c <__fpcmp_parts_f+0xa8>
     b2c:	11 23       	and	r17, r17
     b2e:	19 f0       	breq	.+6      	; 0xb36 <__fpcmp_parts_f+0xa2>
     b30:	61 e0       	ldi	r22, 0x01	; 1
     b32:	70 e0       	ldi	r23, 0x00	; 0
     b34:	05 c0       	rjmp	.+10     	; 0xb40 <__fpcmp_parts_f+0xac>
     b36:	6f ef       	ldi	r22, 0xFF	; 255
     b38:	7f ef       	ldi	r23, 0xFF	; 255
     b3a:	02 c0       	rjmp	.+4      	; 0xb40 <__fpcmp_parts_f+0xac>
     b3c:	60 e0       	ldi	r22, 0x00	; 0
     b3e:	70 e0       	ldi	r23, 0x00	; 0
     b40:	cb 01       	movw	r24, r22
     b42:	1f 91       	pop	r17
     b44:	08 95       	ret

00000b46 <BUZZER_init>:
/*******************************************************************************
 *                              Functions Definition                           *
 *******************************************************************************/

void BUZZER_init()
{
     b46:	df 93       	push	r29
     b48:	cf 93       	push	r28
     b4a:	cd b7       	in	r28, 0x3d	; 61
     b4c:	de b7       	in	r29, 0x3e	; 62
	GPIO_setupPinDirection(BUZZER_PORT, BUZZER_PIN, PIN_OUTPUT);
     b4e:	80 e0       	ldi	r24, 0x00	; 0
     b50:	63 e0       	ldi	r22, 0x03	; 3
     b52:	41 e0       	ldi	r20, 0x01	; 1
     b54:	0e 94 f3 06 	call	0xde6	; 0xde6 <GPIO_setupPinDirection>
	GPIO_writePin(BUZZER_PORT, BUZZER_PIN, LOGIC_LOW);
     b58:	80 e0       	ldi	r24, 0x00	; 0
     b5a:	63 e0       	ldi	r22, 0x03	; 3
     b5c:	40 e0       	ldi	r20, 0x00	; 0
     b5e:	0e 94 de 07 	call	0xfbc	; 0xfbc <GPIO_writePin>
}
     b62:	cf 91       	pop	r28
     b64:	df 91       	pop	r29
     b66:	08 95       	ret

00000b68 <BUZZER_on>:
void BUZZER_on()
{
     b68:	df 93       	push	r29
     b6a:	cf 93       	push	r28
     b6c:	cd b7       	in	r28, 0x3d	; 61
     b6e:	de b7       	in	r29, 0x3e	; 62
	GPIO_writePin(BUZZER_PORT, BUZZER_PIN, LOGIC_HIGH);
     b70:	80 e0       	ldi	r24, 0x00	; 0
     b72:	63 e0       	ldi	r22, 0x03	; 3
     b74:	41 e0       	ldi	r20, 0x01	; 1
     b76:	0e 94 de 07 	call	0xfbc	; 0xfbc <GPIO_writePin>
}
     b7a:	cf 91       	pop	r28
     b7c:	df 91       	pop	r29
     b7e:	08 95       	ret

00000b80 <BUZZER_off>:
void BUZZER_off()
{
     b80:	df 93       	push	r29
     b82:	cf 93       	push	r28
     b84:	cd b7       	in	r28, 0x3d	; 61
     b86:	de b7       	in	r29, 0x3e	; 62
	GPIO_writePin(BUZZER_PORT, BUZZER_PIN, LOGIC_LOW);
     b88:	80 e0       	ldi	r24, 0x00	; 0
     b8a:	63 e0       	ldi	r22, 0x03	; 3
     b8c:	40 e0       	ldi	r20, 0x00	; 0
     b8e:	0e 94 de 07 	call	0xfbc	; 0xfbc <GPIO_writePin>
}
     b92:	cf 91       	pop	r28
     b94:	df 91       	pop	r29
     b96:	08 95       	ret

00000b98 <PWM_Timer0_Start>:
/*******************************************************************************
 *                                FUNCTIONS                                    *
 *******************************************************************************/

static void PWM_Timer0_Start(uint8 duty_cycle)
{
     b98:	df 93       	push	r29
     b9a:	cf 93       	push	r28
     b9c:	0f 92       	push	r0
     b9e:	cd b7       	in	r28, 0x3d	; 61
     ba0:	de b7       	in	r29, 0x3e	; 62
     ba2:	89 83       	std	Y+1, r24	; 0x01
	TCCR0 |= (1<<WGM00) | (1<<WGM01) ;
     ba4:	a3 e5       	ldi	r26, 0x53	; 83
     ba6:	b0 e0       	ldi	r27, 0x00	; 0
     ba8:	e3 e5       	ldi	r30, 0x53	; 83
     baa:	f0 e0       	ldi	r31, 0x00	; 0
     bac:	80 81       	ld	r24, Z
     bae:	88 64       	ori	r24, 0x48	; 72
     bb0:	8c 93       	st	X, r24
	TCCR0 |= (1<<COM01) ;
     bb2:	a3 e5       	ldi	r26, 0x53	; 83
     bb4:	b0 e0       	ldi	r27, 0x00	; 0
     bb6:	e3 e5       	ldi	r30, 0x53	; 83
     bb8:	f0 e0       	ldi	r31, 0x00	; 0
     bba:	80 81       	ld	r24, Z
     bbc:	80 62       	ori	r24, 0x20	; 32
     bbe:	8c 93       	st	X, r24
	TCCR0 |= (1<<CS01) | (1<<CS00);
     bc0:	a3 e5       	ldi	r26, 0x53	; 83
     bc2:	b0 e0       	ldi	r27, 0x00	; 0
     bc4:	e3 e5       	ldi	r30, 0x53	; 83
     bc6:	f0 e0       	ldi	r31, 0x00	; 0
     bc8:	80 81       	ld	r24, Z
     bca:	83 60       	ori	r24, 0x03	; 3
     bcc:	8c 93       	st	X, r24

	TCNT0 = 0;
     bce:	e2 e5       	ldi	r30, 0x52	; 82
     bd0:	f0 e0       	ldi	r31, 0x00	; 0
     bd2:	10 82       	st	Z, r1
	OCR0 = (duty_cycle*255)/100;
     bd4:	ec e5       	ldi	r30, 0x5C	; 92
     bd6:	f0 e0       	ldi	r31, 0x00	; 0
     bd8:	89 81       	ldd	r24, Y+1	; 0x01
     bda:	48 2f       	mov	r20, r24
     bdc:	50 e0       	ldi	r21, 0x00	; 0
     bde:	ca 01       	movw	r24, r20
     be0:	9c 01       	movw	r18, r24
     be2:	22 0f       	add	r18, r18
     be4:	33 1f       	adc	r19, r19
     be6:	c9 01       	movw	r24, r18
     be8:	96 95       	lsr	r25
     bea:	98 2f       	mov	r25, r24
     bec:	88 27       	eor	r24, r24
     bee:	97 95       	ror	r25
     bf0:	87 95       	ror	r24
     bf2:	82 1b       	sub	r24, r18
     bf4:	93 0b       	sbc	r25, r19
     bf6:	84 0f       	add	r24, r20
     bf8:	95 1f       	adc	r25, r21
     bfa:	24 e6       	ldi	r18, 0x64	; 100
     bfc:	30 e0       	ldi	r19, 0x00	; 0
     bfe:	b9 01       	movw	r22, r18
     c00:	0e 94 7e 10 	call	0x20fc	; 0x20fc <__divmodhi4>
     c04:	cb 01       	movw	r24, r22
     c06:	80 83       	st	Z, r24

	GPIO_setupPinDirection(PORTB_ID, PIN3_ID, PIN_OUTPUT);
     c08:	81 e0       	ldi	r24, 0x01	; 1
     c0a:	63 e0       	ldi	r22, 0x03	; 3
     c0c:	41 e0       	ldi	r20, 0x01	; 1
     c0e:	0e 94 f3 06 	call	0xde6	; 0xde6 <GPIO_setupPinDirection>
}
     c12:	0f 90       	pop	r0
     c14:	cf 91       	pop	r28
     c16:	df 91       	pop	r29
     c18:	08 95       	ret

00000c1a <DCMOTOR_init>:
 * [in]: Void
 * [out]: Void
 * [Returns]: Void
 -----------------------------------------------------------------------------*/
void DCMOTOR_init(void)
{
     c1a:	df 93       	push	r29
     c1c:	cf 93       	push	r28
     c1e:	cd b7       	in	r28, 0x3d	; 61
     c20:	de b7       	in	r29, 0x3e	; 62
	GPIO_setupPinDirection(CONTROL_PORT, INPUT_PIN_1, PIN_OUTPUT);
     c22:	81 e0       	ldi	r24, 0x01	; 1
     c24:	61 e0       	ldi	r22, 0x01	; 1
     c26:	41 e0       	ldi	r20, 0x01	; 1
     c28:	0e 94 f3 06 	call	0xde6	; 0xde6 <GPIO_setupPinDirection>
	GPIO_setupPinDirection(CONTROL_PORT, INPUT_PIN_2, PIN_OUTPUT);
     c2c:	81 e0       	ldi	r24, 0x01	; 1
     c2e:	62 e0       	ldi	r22, 0x02	; 2
     c30:	41 e0       	ldi	r20, 0x01	; 1
     c32:	0e 94 f3 06 	call	0xde6	; 0xde6 <GPIO_setupPinDirection>

	GPIO_writePin(CONTROL_PORT, INPUT_PIN_1, LOGIC_LOW);
     c36:	81 e0       	ldi	r24, 0x01	; 1
     c38:	61 e0       	ldi	r22, 0x01	; 1
     c3a:	40 e0       	ldi	r20, 0x00	; 0
     c3c:	0e 94 de 07 	call	0xfbc	; 0xfbc <GPIO_writePin>
	GPIO_writePin(CONTROL_PORT, INPUT_PIN_2, LOGIC_LOW);
     c40:	81 e0       	ldi	r24, 0x01	; 1
     c42:	62 e0       	ldi	r22, 0x02	; 2
     c44:	40 e0       	ldi	r20, 0x00	; 0
     c46:	0e 94 de 07 	call	0xfbc	; 0xfbc <GPIO_writePin>
}
     c4a:	cf 91       	pop	r28
     c4c:	df 91       	pop	r29
     c4e:	08 95       	ret

00000c50 <DCMOTOR_rotate>:
 * 		 speed-> duty cycle of the PWM
 * [out]: Void
 * [Returns]: Void
 -----------------------------------------------------------------------------*/
void DCMOTOR_rotate(DcMotor_State state,uint8 speed)
{
     c50:	df 93       	push	r29
     c52:	cf 93       	push	r28
     c54:	00 d0       	rcall	.+0      	; 0xc56 <DCMOTOR_rotate+0x6>
     c56:	cd b7       	in	r28, 0x3d	; 61
     c58:	de b7       	in	r29, 0x3e	; 62
     c5a:	89 83       	std	Y+1, r24	; 0x01
     c5c:	6a 83       	std	Y+2, r22	; 0x02
	if(state == CW)
     c5e:	89 81       	ldd	r24, Y+1	; 0x01
     c60:	88 23       	and	r24, r24
     c62:	59 f4       	brne	.+22     	; 0xc7a <DCMOTOR_rotate+0x2a>
	{
		GPIO_writePin(CONTROL_PORT, INPUT_PIN_1, LOGIC_LOW);
     c64:	81 e0       	ldi	r24, 0x01	; 1
     c66:	61 e0       	ldi	r22, 0x01	; 1
     c68:	40 e0       	ldi	r20, 0x00	; 0
     c6a:	0e 94 de 07 	call	0xfbc	; 0xfbc <GPIO_writePin>
		GPIO_writePin(CONTROL_PORT, INPUT_PIN_2, LOGIC_HIGH);
     c6e:	81 e0       	ldi	r24, 0x01	; 1
     c70:	62 e0       	ldi	r22, 0x02	; 2
     c72:	41 e0       	ldi	r20, 0x01	; 1
     c74:	0e 94 de 07 	call	0xfbc	; 0xfbc <GPIO_writePin>
     c78:	0d c0       	rjmp	.+26     	; 0xc94 <DCMOTOR_rotate+0x44>
	}
	else if(state == A_CW)
     c7a:	89 81       	ldd	r24, Y+1	; 0x01
     c7c:	81 30       	cpi	r24, 0x01	; 1
     c7e:	51 f4       	brne	.+20     	; 0xc94 <DCMOTOR_rotate+0x44>
	{
		GPIO_writePin(CONTROL_PORT, INPUT_PIN_1, LOGIC_HIGH);
     c80:	81 e0       	ldi	r24, 0x01	; 1
     c82:	61 e0       	ldi	r22, 0x01	; 1
     c84:	41 e0       	ldi	r20, 0x01	; 1
     c86:	0e 94 de 07 	call	0xfbc	; 0xfbc <GPIO_writePin>
		GPIO_writePin(CONTROL_PORT, INPUT_PIN_2, LOGIC_LOW);
     c8a:	81 e0       	ldi	r24, 0x01	; 1
     c8c:	62 e0       	ldi	r22, 0x02	; 2
     c8e:	40 e0       	ldi	r20, 0x00	; 0
     c90:	0e 94 de 07 	call	0xfbc	; 0xfbc <GPIO_writePin>
	}

	PWM_Timer0_Start(speed);
     c94:	8a 81       	ldd	r24, Y+2	; 0x02
     c96:	0e 94 cc 05 	call	0xb98	; 0xb98 <PWM_Timer0_Start>
}
     c9a:	0f 90       	pop	r0
     c9c:	0f 90       	pop	r0
     c9e:	cf 91       	pop	r28
     ca0:	df 91       	pop	r29
     ca2:	08 95       	ret

00000ca4 <EEPROM_writeByte>:
 *******************************************************************************/
#include "external_eeprom.h"
#include "twi.h"

uint8 EEPROM_writeByte(uint16 u16addr, uint8 u8data)
{
     ca4:	df 93       	push	r29
     ca6:	cf 93       	push	r28
     ca8:	00 d0       	rcall	.+0      	; 0xcaa <EEPROM_writeByte+0x6>
     caa:	00 d0       	rcall	.+0      	; 0xcac <EEPROM_writeByte+0x8>
     cac:	cd b7       	in	r28, 0x3d	; 61
     cae:	de b7       	in	r29, 0x3e	; 62
     cb0:	9a 83       	std	Y+2, r25	; 0x02
     cb2:	89 83       	std	Y+1, r24	; 0x01
     cb4:	6b 83       	std	Y+3, r22	; 0x03
	/* Send the Start Bit */
    TWI_start();
     cb6:	0e 94 c7 0e 	call	0x1d8e	; 0x1d8e <TWI_start>
    if (TWI_getStatus() != TWI_START)
     cba:	0e 94 1f 0f 	call	0x1e3e	; 0x1e3e <TWI_getStatus>
     cbe:	88 30       	cpi	r24, 0x08	; 8
     cc0:	11 f0       	breq	.+4      	; 0xcc6 <EEPROM_writeByte+0x22>
        return ERROR;
     cc2:	1c 82       	std	Y+4, r1	; 0x04
     cc4:	28 c0       	rjmp	.+80     	; 0xd16 <EEPROM_writeByte+0x72>
		
    /* Send the device address, we need to get A8 A9 A10 address bits from the
     * memory location address and R/W=0 (write) */
    TWI_writeByte((uint8)(0xA0 | ((u16addr & 0x0700)>>7)));
     cc6:	89 81       	ldd	r24, Y+1	; 0x01
     cc8:	9a 81       	ldd	r25, Y+2	; 0x02
     cca:	80 70       	andi	r24, 0x00	; 0
     ccc:	97 70       	andi	r25, 0x07	; 7
     cce:	88 0f       	add	r24, r24
     cd0:	89 2f       	mov	r24, r25
     cd2:	88 1f       	adc	r24, r24
     cd4:	99 0b       	sbc	r25, r25
     cd6:	91 95       	neg	r25
     cd8:	80 6a       	ori	r24, 0xA0	; 160
     cda:	0e 94 e2 0e 	call	0x1dc4	; 0x1dc4 <TWI_writeByte>
    if (TWI_getStatus() != TWI_MT_SLA_W_ACK)
     cde:	0e 94 1f 0f 	call	0x1e3e	; 0x1e3e <TWI_getStatus>
     ce2:	88 31       	cpi	r24, 0x18	; 24
     ce4:	11 f0       	breq	.+4      	; 0xcea <EEPROM_writeByte+0x46>
        return ERROR; 
     ce6:	1c 82       	std	Y+4, r1	; 0x04
     ce8:	16 c0       	rjmp	.+44     	; 0xd16 <EEPROM_writeByte+0x72>
		 
    /* Send the required memory location address */
    TWI_writeByte((uint8)(u16addr));
     cea:	89 81       	ldd	r24, Y+1	; 0x01
     cec:	0e 94 e2 0e 	call	0x1dc4	; 0x1dc4 <TWI_writeByte>
    if (TWI_getStatus() != TWI_MT_DATA_ACK)
     cf0:	0e 94 1f 0f 	call	0x1e3e	; 0x1e3e <TWI_getStatus>
     cf4:	88 32       	cpi	r24, 0x28	; 40
     cf6:	11 f0       	breq	.+4      	; 0xcfc <EEPROM_writeByte+0x58>
        return ERROR;
     cf8:	1c 82       	std	Y+4, r1	; 0x04
     cfa:	0d c0       	rjmp	.+26     	; 0xd16 <EEPROM_writeByte+0x72>
		
    /* write byte to eeprom */
    TWI_writeByte(u8data);
     cfc:	8b 81       	ldd	r24, Y+3	; 0x03
     cfe:	0e 94 e2 0e 	call	0x1dc4	; 0x1dc4 <TWI_writeByte>
    if (TWI_getStatus() != TWI_MT_DATA_ACK)
     d02:	0e 94 1f 0f 	call	0x1e3e	; 0x1e3e <TWI_getStatus>
     d06:	88 32       	cpi	r24, 0x28	; 40
     d08:	11 f0       	breq	.+4      	; 0xd0e <EEPROM_writeByte+0x6a>
        return ERROR;
     d0a:	1c 82       	std	Y+4, r1	; 0x04
     d0c:	04 c0       	rjmp	.+8      	; 0xd16 <EEPROM_writeByte+0x72>

    /* Send the Stop Bit */
    TWI_stop();
     d0e:	0e 94 d7 0e 	call	0x1dae	; 0x1dae <TWI_stop>
	
    return SUCCESS;
     d12:	81 e0       	ldi	r24, 0x01	; 1
     d14:	8c 83       	std	Y+4, r24	; 0x04
     d16:	8c 81       	ldd	r24, Y+4	; 0x04
}
     d18:	0f 90       	pop	r0
     d1a:	0f 90       	pop	r0
     d1c:	0f 90       	pop	r0
     d1e:	0f 90       	pop	r0
     d20:	cf 91       	pop	r28
     d22:	df 91       	pop	r29
     d24:	08 95       	ret

00000d26 <EEPROM_readByte>:

uint8 EEPROM_readByte(uint16 u16addr, uint8 *u8data)
{
     d26:	df 93       	push	r29
     d28:	cf 93       	push	r28
     d2a:	00 d0       	rcall	.+0      	; 0xd2c <EEPROM_readByte+0x6>
     d2c:	00 d0       	rcall	.+0      	; 0xd2e <EEPROM_readByte+0x8>
     d2e:	0f 92       	push	r0
     d30:	cd b7       	in	r28, 0x3d	; 61
     d32:	de b7       	in	r29, 0x3e	; 62
     d34:	9a 83       	std	Y+2, r25	; 0x02
     d36:	89 83       	std	Y+1, r24	; 0x01
     d38:	7c 83       	std	Y+4, r23	; 0x04
     d3a:	6b 83       	std	Y+3, r22	; 0x03
	/* Send the Start Bit */
    TWI_start();
     d3c:	0e 94 c7 0e 	call	0x1d8e	; 0x1d8e <TWI_start>
    if (TWI_getStatus() != TWI_START)
     d40:	0e 94 1f 0f 	call	0x1e3e	; 0x1e3e <TWI_getStatus>
     d44:	88 30       	cpi	r24, 0x08	; 8
     d46:	11 f0       	breq	.+4      	; 0xd4c <EEPROM_readByte+0x26>
        return ERROR;
     d48:	1d 82       	std	Y+5, r1	; 0x05
     d4a:	44 c0       	rjmp	.+136    	; 0xdd4 <EEPROM_readByte+0xae>
		
    /* Send the device address, we need to get A8 A9 A10 address bits from the
     * memory location address and R/W=0 (write) */
    TWI_writeByte((uint8)((0xA0) | ((u16addr & 0x0700)>>7)));
     d4c:	89 81       	ldd	r24, Y+1	; 0x01
     d4e:	9a 81       	ldd	r25, Y+2	; 0x02
     d50:	80 70       	andi	r24, 0x00	; 0
     d52:	97 70       	andi	r25, 0x07	; 7
     d54:	88 0f       	add	r24, r24
     d56:	89 2f       	mov	r24, r25
     d58:	88 1f       	adc	r24, r24
     d5a:	99 0b       	sbc	r25, r25
     d5c:	91 95       	neg	r25
     d5e:	80 6a       	ori	r24, 0xA0	; 160
     d60:	0e 94 e2 0e 	call	0x1dc4	; 0x1dc4 <TWI_writeByte>
    if (TWI_getStatus() != TWI_MT_SLA_W_ACK)
     d64:	0e 94 1f 0f 	call	0x1e3e	; 0x1e3e <TWI_getStatus>
     d68:	88 31       	cpi	r24, 0x18	; 24
     d6a:	11 f0       	breq	.+4      	; 0xd70 <EEPROM_readByte+0x4a>
        return ERROR;
     d6c:	1d 82       	std	Y+5, r1	; 0x05
     d6e:	32 c0       	rjmp	.+100    	; 0xdd4 <EEPROM_readByte+0xae>
		
    /* Send the required memory location address */
    TWI_writeByte((uint8)(u16addr));
     d70:	89 81       	ldd	r24, Y+1	; 0x01
     d72:	0e 94 e2 0e 	call	0x1dc4	; 0x1dc4 <TWI_writeByte>
    if (TWI_getStatus() != TWI_MT_DATA_ACK)
     d76:	0e 94 1f 0f 	call	0x1e3e	; 0x1e3e <TWI_getStatus>
     d7a:	88 32       	cpi	r24, 0x28	; 40
     d7c:	11 f0       	breq	.+4      	; 0xd82 <EEPROM_readByte+0x5c>
        return ERROR;
     d7e:	1d 82       	std	Y+5, r1	; 0x05
     d80:	29 c0       	rjmp	.+82     	; 0xdd4 <EEPROM_readByte+0xae>
		
    /* Send the Repeated Start Bit */
    TWI_start();
     d82:	0e 94 c7 0e 	call	0x1d8e	; 0x1d8e <TWI_start>
    if (TWI_getStatus() != TWI_REP_START)
     d86:	0e 94 1f 0f 	call	0x1e3e	; 0x1e3e <TWI_getStatus>
     d8a:	80 31       	cpi	r24, 0x10	; 16
     d8c:	11 f0       	breq	.+4      	; 0xd92 <EEPROM_readByte+0x6c>
        return ERROR;
     d8e:	1d 82       	std	Y+5, r1	; 0x05
     d90:	21 c0       	rjmp	.+66     	; 0xdd4 <EEPROM_readByte+0xae>
		
    /* Send the device address, we need to get A8 A9 A10 address bits from the
     * memory location address and R/W=1 (Read) */
    TWI_writeByte((uint8)((0xA0) | ((u16addr & 0x0700)>>7) | 1));
     d92:	89 81       	ldd	r24, Y+1	; 0x01
     d94:	9a 81       	ldd	r25, Y+2	; 0x02
     d96:	80 70       	andi	r24, 0x00	; 0
     d98:	97 70       	andi	r25, 0x07	; 7
     d9a:	88 0f       	add	r24, r24
     d9c:	89 2f       	mov	r24, r25
     d9e:	88 1f       	adc	r24, r24
     da0:	99 0b       	sbc	r25, r25
     da2:	91 95       	neg	r25
     da4:	81 6a       	ori	r24, 0xA1	; 161
     da6:	0e 94 e2 0e 	call	0x1dc4	; 0x1dc4 <TWI_writeByte>
    if (TWI_getStatus() != TWI_MT_SLA_R_ACK)
     daa:	0e 94 1f 0f 	call	0x1e3e	; 0x1e3e <TWI_getStatus>
     dae:	80 34       	cpi	r24, 0x40	; 64
     db0:	11 f0       	breq	.+4      	; 0xdb6 <EEPROM_readByte+0x90>
        return ERROR;
     db2:	1d 82       	std	Y+5, r1	; 0x05
     db4:	0f c0       	rjmp	.+30     	; 0xdd4 <EEPROM_readByte+0xae>

    /* Read Byte from Memory without send ACK */
    *u8data = TWI_readByteWithNACK();
     db6:	0e 94 0c 0f 	call	0x1e18	; 0x1e18 <TWI_readByteWithNACK>
     dba:	eb 81       	ldd	r30, Y+3	; 0x03
     dbc:	fc 81       	ldd	r31, Y+4	; 0x04
     dbe:	80 83       	st	Z, r24
    if (TWI_getStatus() != TWI_MR_DATA_NACK)
     dc0:	0e 94 1f 0f 	call	0x1e3e	; 0x1e3e <TWI_getStatus>
     dc4:	88 35       	cpi	r24, 0x58	; 88
     dc6:	11 f0       	breq	.+4      	; 0xdcc <EEPROM_readByte+0xa6>
        return ERROR;
     dc8:	1d 82       	std	Y+5, r1	; 0x05
     dca:	04 c0       	rjmp	.+8      	; 0xdd4 <EEPROM_readByte+0xae>

    /* Send the Stop Bit */
    TWI_stop();
     dcc:	0e 94 d7 0e 	call	0x1dae	; 0x1dae <TWI_stop>

    return SUCCESS;
     dd0:	81 e0       	ldi	r24, 0x01	; 1
     dd2:	8d 83       	std	Y+5, r24	; 0x05
     dd4:	8d 81       	ldd	r24, Y+5	; 0x05
}
     dd6:	0f 90       	pop	r0
     dd8:	0f 90       	pop	r0
     dda:	0f 90       	pop	r0
     ddc:	0f 90       	pop	r0
     dde:	0f 90       	pop	r0
     de0:	cf 91       	pop	r28
     de2:	df 91       	pop	r29
     de4:	08 95       	ret

00000de6 <GPIO_setupPinDirection>:
 * Description :
 * Setup the direction of the required pin input/output.
 * If the input port number or pin number are not correct, The function will not handle the request.
 */
void GPIO_setupPinDirection(uint8 port_num, uint8 pin_num, GPIO_PinDirectionType direction)
{
     de6:	df 93       	push	r29
     de8:	cf 93       	push	r28
     dea:	00 d0       	rcall	.+0      	; 0xdec <GPIO_setupPinDirection+0x6>
     dec:	00 d0       	rcall	.+0      	; 0xdee <GPIO_setupPinDirection+0x8>
     dee:	0f 92       	push	r0
     df0:	cd b7       	in	r28, 0x3d	; 61
     df2:	de b7       	in	r29, 0x3e	; 62
     df4:	89 83       	std	Y+1, r24	; 0x01
     df6:	6a 83       	std	Y+2, r22	; 0x02
     df8:	4b 83       	std	Y+3, r20	; 0x03
	/*
	 * Check if the input port number is greater than NUM_OF_PINS_PER_PORT value.
	 * Or if the input pin number is greater than NUM_OF_PINS_PER_PORT value.
	 * In this case the input is not valid port/pin number
	 */
	if((pin_num >= NUM_OF_PINS_PER_PORT) || (port_num >= NUM_OF_PORTS))
     dfa:	8a 81       	ldd	r24, Y+2	; 0x02
     dfc:	88 30       	cpi	r24, 0x08	; 8
     dfe:	08 f0       	brcs	.+2      	; 0xe02 <GPIO_setupPinDirection+0x1c>
     e00:	d5 c0       	rjmp	.+426    	; 0xfac <GPIO_setupPinDirection+0x1c6>
     e02:	89 81       	ldd	r24, Y+1	; 0x01
     e04:	84 30       	cpi	r24, 0x04	; 4
     e06:	08 f0       	brcs	.+2      	; 0xe0a <GPIO_setupPinDirection+0x24>
     e08:	d1 c0       	rjmp	.+418    	; 0xfac <GPIO_setupPinDirection+0x1c6>
		/* Do Nothing */
	}
	else
	{
		/* Setup the pin direction as required */
		switch(port_num)
     e0a:	89 81       	ldd	r24, Y+1	; 0x01
     e0c:	28 2f       	mov	r18, r24
     e0e:	30 e0       	ldi	r19, 0x00	; 0
     e10:	3d 83       	std	Y+5, r19	; 0x05
     e12:	2c 83       	std	Y+4, r18	; 0x04
     e14:	8c 81       	ldd	r24, Y+4	; 0x04
     e16:	9d 81       	ldd	r25, Y+5	; 0x05
     e18:	81 30       	cpi	r24, 0x01	; 1
     e1a:	91 05       	cpc	r25, r1
     e1c:	09 f4       	brne	.+2      	; 0xe20 <GPIO_setupPinDirection+0x3a>
     e1e:	43 c0       	rjmp	.+134    	; 0xea6 <GPIO_setupPinDirection+0xc0>
     e20:	2c 81       	ldd	r18, Y+4	; 0x04
     e22:	3d 81       	ldd	r19, Y+5	; 0x05
     e24:	22 30       	cpi	r18, 0x02	; 2
     e26:	31 05       	cpc	r19, r1
     e28:	2c f4       	brge	.+10     	; 0xe34 <GPIO_setupPinDirection+0x4e>
     e2a:	8c 81       	ldd	r24, Y+4	; 0x04
     e2c:	9d 81       	ldd	r25, Y+5	; 0x05
     e2e:	00 97       	sbiw	r24, 0x00	; 0
     e30:	71 f0       	breq	.+28     	; 0xe4e <GPIO_setupPinDirection+0x68>
     e32:	bc c0       	rjmp	.+376    	; 0xfac <GPIO_setupPinDirection+0x1c6>
     e34:	2c 81       	ldd	r18, Y+4	; 0x04
     e36:	3d 81       	ldd	r19, Y+5	; 0x05
     e38:	22 30       	cpi	r18, 0x02	; 2
     e3a:	31 05       	cpc	r19, r1
     e3c:	09 f4       	brne	.+2      	; 0xe40 <GPIO_setupPinDirection+0x5a>
     e3e:	5f c0       	rjmp	.+190    	; 0xefe <GPIO_setupPinDirection+0x118>
     e40:	8c 81       	ldd	r24, Y+4	; 0x04
     e42:	9d 81       	ldd	r25, Y+5	; 0x05
     e44:	83 30       	cpi	r24, 0x03	; 3
     e46:	91 05       	cpc	r25, r1
     e48:	09 f4       	brne	.+2      	; 0xe4c <GPIO_setupPinDirection+0x66>
     e4a:	85 c0       	rjmp	.+266    	; 0xf56 <GPIO_setupPinDirection+0x170>
     e4c:	af c0       	rjmp	.+350    	; 0xfac <GPIO_setupPinDirection+0x1c6>
		{
		case PORTA_ID:
			if(direction == PIN_OUTPUT)
     e4e:	8b 81       	ldd	r24, Y+3	; 0x03
     e50:	81 30       	cpi	r24, 0x01	; 1
     e52:	a1 f4       	brne	.+40     	; 0xe7c <GPIO_setupPinDirection+0x96>
			{
				SET_BIT(DDRA,pin_num);
     e54:	aa e3       	ldi	r26, 0x3A	; 58
     e56:	b0 e0       	ldi	r27, 0x00	; 0
     e58:	ea e3       	ldi	r30, 0x3A	; 58
     e5a:	f0 e0       	ldi	r31, 0x00	; 0
     e5c:	80 81       	ld	r24, Z
     e5e:	48 2f       	mov	r20, r24
     e60:	8a 81       	ldd	r24, Y+2	; 0x02
     e62:	28 2f       	mov	r18, r24
     e64:	30 e0       	ldi	r19, 0x00	; 0
     e66:	81 e0       	ldi	r24, 0x01	; 1
     e68:	90 e0       	ldi	r25, 0x00	; 0
     e6a:	02 2e       	mov	r0, r18
     e6c:	02 c0       	rjmp	.+4      	; 0xe72 <GPIO_setupPinDirection+0x8c>
     e6e:	88 0f       	add	r24, r24
     e70:	99 1f       	adc	r25, r25
     e72:	0a 94       	dec	r0
     e74:	e2 f7       	brpl	.-8      	; 0xe6e <GPIO_setupPinDirection+0x88>
     e76:	84 2b       	or	r24, r20
     e78:	8c 93       	st	X, r24
     e7a:	98 c0       	rjmp	.+304    	; 0xfac <GPIO_setupPinDirection+0x1c6>
			}
			else
			{
				CLEAR_BIT(DDRA,pin_num);
     e7c:	aa e3       	ldi	r26, 0x3A	; 58
     e7e:	b0 e0       	ldi	r27, 0x00	; 0
     e80:	ea e3       	ldi	r30, 0x3A	; 58
     e82:	f0 e0       	ldi	r31, 0x00	; 0
     e84:	80 81       	ld	r24, Z
     e86:	48 2f       	mov	r20, r24
     e88:	8a 81       	ldd	r24, Y+2	; 0x02
     e8a:	28 2f       	mov	r18, r24
     e8c:	30 e0       	ldi	r19, 0x00	; 0
     e8e:	81 e0       	ldi	r24, 0x01	; 1
     e90:	90 e0       	ldi	r25, 0x00	; 0
     e92:	02 2e       	mov	r0, r18
     e94:	02 c0       	rjmp	.+4      	; 0xe9a <GPIO_setupPinDirection+0xb4>
     e96:	88 0f       	add	r24, r24
     e98:	99 1f       	adc	r25, r25
     e9a:	0a 94       	dec	r0
     e9c:	e2 f7       	brpl	.-8      	; 0xe96 <GPIO_setupPinDirection+0xb0>
     e9e:	80 95       	com	r24
     ea0:	84 23       	and	r24, r20
     ea2:	8c 93       	st	X, r24
     ea4:	83 c0       	rjmp	.+262    	; 0xfac <GPIO_setupPinDirection+0x1c6>
			}
			break;
		case PORTB_ID:
			if(direction == PIN_OUTPUT)
     ea6:	8b 81       	ldd	r24, Y+3	; 0x03
     ea8:	81 30       	cpi	r24, 0x01	; 1
     eaa:	a1 f4       	brne	.+40     	; 0xed4 <GPIO_setupPinDirection+0xee>
			{
				SET_BIT(DDRB,pin_num);
     eac:	a7 e3       	ldi	r26, 0x37	; 55
     eae:	b0 e0       	ldi	r27, 0x00	; 0
     eb0:	e7 e3       	ldi	r30, 0x37	; 55
     eb2:	f0 e0       	ldi	r31, 0x00	; 0
     eb4:	80 81       	ld	r24, Z
     eb6:	48 2f       	mov	r20, r24
     eb8:	8a 81       	ldd	r24, Y+2	; 0x02
     eba:	28 2f       	mov	r18, r24
     ebc:	30 e0       	ldi	r19, 0x00	; 0
     ebe:	81 e0       	ldi	r24, 0x01	; 1
     ec0:	90 e0       	ldi	r25, 0x00	; 0
     ec2:	02 2e       	mov	r0, r18
     ec4:	02 c0       	rjmp	.+4      	; 0xeca <GPIO_setupPinDirection+0xe4>
     ec6:	88 0f       	add	r24, r24
     ec8:	99 1f       	adc	r25, r25
     eca:	0a 94       	dec	r0
     ecc:	e2 f7       	brpl	.-8      	; 0xec6 <GPIO_setupPinDirection+0xe0>
     ece:	84 2b       	or	r24, r20
     ed0:	8c 93       	st	X, r24
     ed2:	6c c0       	rjmp	.+216    	; 0xfac <GPIO_setupPinDirection+0x1c6>
			}
			else
			{
				CLEAR_BIT(DDRB,pin_num);
     ed4:	a7 e3       	ldi	r26, 0x37	; 55
     ed6:	b0 e0       	ldi	r27, 0x00	; 0
     ed8:	e7 e3       	ldi	r30, 0x37	; 55
     eda:	f0 e0       	ldi	r31, 0x00	; 0
     edc:	80 81       	ld	r24, Z
     ede:	48 2f       	mov	r20, r24
     ee0:	8a 81       	ldd	r24, Y+2	; 0x02
     ee2:	28 2f       	mov	r18, r24
     ee4:	30 e0       	ldi	r19, 0x00	; 0
     ee6:	81 e0       	ldi	r24, 0x01	; 1
     ee8:	90 e0       	ldi	r25, 0x00	; 0
     eea:	02 2e       	mov	r0, r18
     eec:	02 c0       	rjmp	.+4      	; 0xef2 <GPIO_setupPinDirection+0x10c>
     eee:	88 0f       	add	r24, r24
     ef0:	99 1f       	adc	r25, r25
     ef2:	0a 94       	dec	r0
     ef4:	e2 f7       	brpl	.-8      	; 0xeee <GPIO_setupPinDirection+0x108>
     ef6:	80 95       	com	r24
     ef8:	84 23       	and	r24, r20
     efa:	8c 93       	st	X, r24
     efc:	57 c0       	rjmp	.+174    	; 0xfac <GPIO_setupPinDirection+0x1c6>
			}
			break;
		case PORTC_ID:
			if(direction == PIN_OUTPUT)
     efe:	8b 81       	ldd	r24, Y+3	; 0x03
     f00:	81 30       	cpi	r24, 0x01	; 1
     f02:	a1 f4       	brne	.+40     	; 0xf2c <GPIO_setupPinDirection+0x146>
			{
				SET_BIT(DDRC,pin_num);
     f04:	a4 e3       	ldi	r26, 0x34	; 52
     f06:	b0 e0       	ldi	r27, 0x00	; 0
     f08:	e4 e3       	ldi	r30, 0x34	; 52
     f0a:	f0 e0       	ldi	r31, 0x00	; 0
     f0c:	80 81       	ld	r24, Z
     f0e:	48 2f       	mov	r20, r24
     f10:	8a 81       	ldd	r24, Y+2	; 0x02
     f12:	28 2f       	mov	r18, r24
     f14:	30 e0       	ldi	r19, 0x00	; 0
     f16:	81 e0       	ldi	r24, 0x01	; 1
     f18:	90 e0       	ldi	r25, 0x00	; 0
     f1a:	02 2e       	mov	r0, r18
     f1c:	02 c0       	rjmp	.+4      	; 0xf22 <GPIO_setupPinDirection+0x13c>
     f1e:	88 0f       	add	r24, r24
     f20:	99 1f       	adc	r25, r25
     f22:	0a 94       	dec	r0
     f24:	e2 f7       	brpl	.-8      	; 0xf1e <GPIO_setupPinDirection+0x138>
     f26:	84 2b       	or	r24, r20
     f28:	8c 93       	st	X, r24
     f2a:	40 c0       	rjmp	.+128    	; 0xfac <GPIO_setupPinDirection+0x1c6>
			}
			else
			{
				CLEAR_BIT(DDRC,pin_num);
     f2c:	a4 e3       	ldi	r26, 0x34	; 52
     f2e:	b0 e0       	ldi	r27, 0x00	; 0
     f30:	e4 e3       	ldi	r30, 0x34	; 52
     f32:	f0 e0       	ldi	r31, 0x00	; 0
     f34:	80 81       	ld	r24, Z
     f36:	48 2f       	mov	r20, r24
     f38:	8a 81       	ldd	r24, Y+2	; 0x02
     f3a:	28 2f       	mov	r18, r24
     f3c:	30 e0       	ldi	r19, 0x00	; 0
     f3e:	81 e0       	ldi	r24, 0x01	; 1
     f40:	90 e0       	ldi	r25, 0x00	; 0
     f42:	02 2e       	mov	r0, r18
     f44:	02 c0       	rjmp	.+4      	; 0xf4a <GPIO_setupPinDirection+0x164>
     f46:	88 0f       	add	r24, r24
     f48:	99 1f       	adc	r25, r25
     f4a:	0a 94       	dec	r0
     f4c:	e2 f7       	brpl	.-8      	; 0xf46 <GPIO_setupPinDirection+0x160>
     f4e:	80 95       	com	r24
     f50:	84 23       	and	r24, r20
     f52:	8c 93       	st	X, r24
     f54:	2b c0       	rjmp	.+86     	; 0xfac <GPIO_setupPinDirection+0x1c6>
			}
			break;
		case PORTD_ID:
			if(direction == PIN_OUTPUT)
     f56:	8b 81       	ldd	r24, Y+3	; 0x03
     f58:	81 30       	cpi	r24, 0x01	; 1
     f5a:	a1 f4       	brne	.+40     	; 0xf84 <GPIO_setupPinDirection+0x19e>
			{
				SET_BIT(DDRD,pin_num);
     f5c:	a1 e3       	ldi	r26, 0x31	; 49
     f5e:	b0 e0       	ldi	r27, 0x00	; 0
     f60:	e1 e3       	ldi	r30, 0x31	; 49
     f62:	f0 e0       	ldi	r31, 0x00	; 0
     f64:	80 81       	ld	r24, Z
     f66:	48 2f       	mov	r20, r24
     f68:	8a 81       	ldd	r24, Y+2	; 0x02
     f6a:	28 2f       	mov	r18, r24
     f6c:	30 e0       	ldi	r19, 0x00	; 0
     f6e:	81 e0       	ldi	r24, 0x01	; 1
     f70:	90 e0       	ldi	r25, 0x00	; 0
     f72:	02 2e       	mov	r0, r18
     f74:	02 c0       	rjmp	.+4      	; 0xf7a <GPIO_setupPinDirection+0x194>
     f76:	88 0f       	add	r24, r24
     f78:	99 1f       	adc	r25, r25
     f7a:	0a 94       	dec	r0
     f7c:	e2 f7       	brpl	.-8      	; 0xf76 <GPIO_setupPinDirection+0x190>
     f7e:	84 2b       	or	r24, r20
     f80:	8c 93       	st	X, r24
     f82:	14 c0       	rjmp	.+40     	; 0xfac <GPIO_setupPinDirection+0x1c6>
			}
			else
			{
				CLEAR_BIT(DDRD,pin_num);
     f84:	a1 e3       	ldi	r26, 0x31	; 49
     f86:	b0 e0       	ldi	r27, 0x00	; 0
     f88:	e1 e3       	ldi	r30, 0x31	; 49
     f8a:	f0 e0       	ldi	r31, 0x00	; 0
     f8c:	80 81       	ld	r24, Z
     f8e:	48 2f       	mov	r20, r24
     f90:	8a 81       	ldd	r24, Y+2	; 0x02
     f92:	28 2f       	mov	r18, r24
     f94:	30 e0       	ldi	r19, 0x00	; 0
     f96:	81 e0       	ldi	r24, 0x01	; 1
     f98:	90 e0       	ldi	r25, 0x00	; 0
     f9a:	02 2e       	mov	r0, r18
     f9c:	02 c0       	rjmp	.+4      	; 0xfa2 <GPIO_setupPinDirection+0x1bc>
     f9e:	88 0f       	add	r24, r24
     fa0:	99 1f       	adc	r25, r25
     fa2:	0a 94       	dec	r0
     fa4:	e2 f7       	brpl	.-8      	; 0xf9e <GPIO_setupPinDirection+0x1b8>
     fa6:	80 95       	com	r24
     fa8:	84 23       	and	r24, r20
     faa:	8c 93       	st	X, r24
			}
			break;
		}
	}
}
     fac:	0f 90       	pop	r0
     fae:	0f 90       	pop	r0
     fb0:	0f 90       	pop	r0
     fb2:	0f 90       	pop	r0
     fb4:	0f 90       	pop	r0
     fb6:	cf 91       	pop	r28
     fb8:	df 91       	pop	r29
     fba:	08 95       	ret

00000fbc <GPIO_writePin>:
 * Write the value Logic High or Logic Low on the required pin.
 * If the input port number or pin number are not correct, The function will not handle the request.
 * If the pin is input, this function will enable/disable the internal pull-up resistor.
 */
void GPIO_writePin(uint8 port_num, uint8 pin_num, uint8 value)
{
     fbc:	df 93       	push	r29
     fbe:	cf 93       	push	r28
     fc0:	00 d0       	rcall	.+0      	; 0xfc2 <GPIO_writePin+0x6>
     fc2:	00 d0       	rcall	.+0      	; 0xfc4 <GPIO_writePin+0x8>
     fc4:	0f 92       	push	r0
     fc6:	cd b7       	in	r28, 0x3d	; 61
     fc8:	de b7       	in	r29, 0x3e	; 62
     fca:	89 83       	std	Y+1, r24	; 0x01
     fcc:	6a 83       	std	Y+2, r22	; 0x02
     fce:	4b 83       	std	Y+3, r20	; 0x03
	 * Check if the input port number is greater than NUM_OF_PINS_PER_PORT value.
	 * Or if the input pin number is greater than NUM_OF_PINS_PER_PORT value.
	 * In this case the input is not valid port/pin number
	 */

	if((pin_num >= NUM_OF_PINS_PER_PORT) || (port_num >= NUM_OF_PORTS))
     fd0:	8a 81       	ldd	r24, Y+2	; 0x02
     fd2:	88 30       	cpi	r24, 0x08	; 8
     fd4:	08 f0       	brcs	.+2      	; 0xfd8 <GPIO_writePin+0x1c>
     fd6:	d5 c0       	rjmp	.+426    	; 0x1182 <GPIO_writePin+0x1c6>
     fd8:	89 81       	ldd	r24, Y+1	; 0x01
     fda:	84 30       	cpi	r24, 0x04	; 4
     fdc:	08 f0       	brcs	.+2      	; 0xfe0 <GPIO_writePin+0x24>
     fde:	d1 c0       	rjmp	.+418    	; 0x1182 <GPIO_writePin+0x1c6>
	{
		/* Do Nothing */
	}
	else
	{
		switch(port_num)
     fe0:	89 81       	ldd	r24, Y+1	; 0x01
     fe2:	28 2f       	mov	r18, r24
     fe4:	30 e0       	ldi	r19, 0x00	; 0
     fe6:	3d 83       	std	Y+5, r19	; 0x05
     fe8:	2c 83       	std	Y+4, r18	; 0x04
     fea:	8c 81       	ldd	r24, Y+4	; 0x04
     fec:	9d 81       	ldd	r25, Y+5	; 0x05
     fee:	81 30       	cpi	r24, 0x01	; 1
     ff0:	91 05       	cpc	r25, r1
     ff2:	09 f4       	brne	.+2      	; 0xff6 <GPIO_writePin+0x3a>
     ff4:	43 c0       	rjmp	.+134    	; 0x107c <GPIO_writePin+0xc0>
     ff6:	2c 81       	ldd	r18, Y+4	; 0x04
     ff8:	3d 81       	ldd	r19, Y+5	; 0x05
     ffa:	22 30       	cpi	r18, 0x02	; 2
     ffc:	31 05       	cpc	r19, r1
     ffe:	2c f4       	brge	.+10     	; 0x100a <GPIO_writePin+0x4e>
    1000:	8c 81       	ldd	r24, Y+4	; 0x04
    1002:	9d 81       	ldd	r25, Y+5	; 0x05
    1004:	00 97       	sbiw	r24, 0x00	; 0
    1006:	71 f0       	breq	.+28     	; 0x1024 <GPIO_writePin+0x68>
    1008:	bc c0       	rjmp	.+376    	; 0x1182 <GPIO_writePin+0x1c6>
    100a:	2c 81       	ldd	r18, Y+4	; 0x04
    100c:	3d 81       	ldd	r19, Y+5	; 0x05
    100e:	22 30       	cpi	r18, 0x02	; 2
    1010:	31 05       	cpc	r19, r1
    1012:	09 f4       	brne	.+2      	; 0x1016 <GPIO_writePin+0x5a>
    1014:	5f c0       	rjmp	.+190    	; 0x10d4 <GPIO_writePin+0x118>
    1016:	8c 81       	ldd	r24, Y+4	; 0x04
    1018:	9d 81       	ldd	r25, Y+5	; 0x05
    101a:	83 30       	cpi	r24, 0x03	; 3
    101c:	91 05       	cpc	r25, r1
    101e:	09 f4       	brne	.+2      	; 0x1022 <GPIO_writePin+0x66>
    1020:	85 c0       	rjmp	.+266    	; 0x112c <GPIO_writePin+0x170>
    1022:	af c0       	rjmp	.+350    	; 0x1182 <GPIO_writePin+0x1c6>
		{
		case PORTA_ID:
			if(value == LOGIC_HIGH)
    1024:	8b 81       	ldd	r24, Y+3	; 0x03
    1026:	81 30       	cpi	r24, 0x01	; 1
    1028:	a1 f4       	brne	.+40     	; 0x1052 <GPIO_writePin+0x96>
			{
				SET_BIT(PORTA,pin_num);
    102a:	ab e3       	ldi	r26, 0x3B	; 59
    102c:	b0 e0       	ldi	r27, 0x00	; 0
    102e:	eb e3       	ldi	r30, 0x3B	; 59
    1030:	f0 e0       	ldi	r31, 0x00	; 0
    1032:	80 81       	ld	r24, Z
    1034:	48 2f       	mov	r20, r24
    1036:	8a 81       	ldd	r24, Y+2	; 0x02
    1038:	28 2f       	mov	r18, r24
    103a:	30 e0       	ldi	r19, 0x00	; 0
    103c:	81 e0       	ldi	r24, 0x01	; 1
    103e:	90 e0       	ldi	r25, 0x00	; 0
    1040:	02 2e       	mov	r0, r18
    1042:	02 c0       	rjmp	.+4      	; 0x1048 <GPIO_writePin+0x8c>
    1044:	88 0f       	add	r24, r24
    1046:	99 1f       	adc	r25, r25
    1048:	0a 94       	dec	r0
    104a:	e2 f7       	brpl	.-8      	; 0x1044 <GPIO_writePin+0x88>
    104c:	84 2b       	or	r24, r20
    104e:	8c 93       	st	X, r24
    1050:	98 c0       	rjmp	.+304    	; 0x1182 <GPIO_writePin+0x1c6>
			}
			else
			{
				CLEAR_BIT(PORTA,pin_num);
    1052:	ab e3       	ldi	r26, 0x3B	; 59
    1054:	b0 e0       	ldi	r27, 0x00	; 0
    1056:	eb e3       	ldi	r30, 0x3B	; 59
    1058:	f0 e0       	ldi	r31, 0x00	; 0
    105a:	80 81       	ld	r24, Z
    105c:	48 2f       	mov	r20, r24
    105e:	8a 81       	ldd	r24, Y+2	; 0x02
    1060:	28 2f       	mov	r18, r24
    1062:	30 e0       	ldi	r19, 0x00	; 0
    1064:	81 e0       	ldi	r24, 0x01	; 1
    1066:	90 e0       	ldi	r25, 0x00	; 0
    1068:	02 2e       	mov	r0, r18
    106a:	02 c0       	rjmp	.+4      	; 0x1070 <GPIO_writePin+0xb4>
    106c:	88 0f       	add	r24, r24
    106e:	99 1f       	adc	r25, r25
    1070:	0a 94       	dec	r0
    1072:	e2 f7       	brpl	.-8      	; 0x106c <GPIO_writePin+0xb0>
    1074:	80 95       	com	r24
    1076:	84 23       	and	r24, r20
    1078:	8c 93       	st	X, r24
    107a:	83 c0       	rjmp	.+262    	; 0x1182 <GPIO_writePin+0x1c6>
			}
			break;
		case PORTB_ID:
			if(value == LOGIC_HIGH)
    107c:	8b 81       	ldd	r24, Y+3	; 0x03
    107e:	81 30       	cpi	r24, 0x01	; 1
    1080:	a1 f4       	brne	.+40     	; 0x10aa <GPIO_writePin+0xee>
			{
				SET_BIT(PORTB,pin_num);
    1082:	a8 e3       	ldi	r26, 0x38	; 56
    1084:	b0 e0       	ldi	r27, 0x00	; 0
    1086:	e8 e3       	ldi	r30, 0x38	; 56
    1088:	f0 e0       	ldi	r31, 0x00	; 0
    108a:	80 81       	ld	r24, Z
    108c:	48 2f       	mov	r20, r24
    108e:	8a 81       	ldd	r24, Y+2	; 0x02
    1090:	28 2f       	mov	r18, r24
    1092:	30 e0       	ldi	r19, 0x00	; 0
    1094:	81 e0       	ldi	r24, 0x01	; 1
    1096:	90 e0       	ldi	r25, 0x00	; 0
    1098:	02 2e       	mov	r0, r18
    109a:	02 c0       	rjmp	.+4      	; 0x10a0 <GPIO_writePin+0xe4>
    109c:	88 0f       	add	r24, r24
    109e:	99 1f       	adc	r25, r25
    10a0:	0a 94       	dec	r0
    10a2:	e2 f7       	brpl	.-8      	; 0x109c <GPIO_writePin+0xe0>
    10a4:	84 2b       	or	r24, r20
    10a6:	8c 93       	st	X, r24
    10a8:	6c c0       	rjmp	.+216    	; 0x1182 <GPIO_writePin+0x1c6>
			}
			else
			{
				CLEAR_BIT(PORTB,pin_num);
    10aa:	a8 e3       	ldi	r26, 0x38	; 56
    10ac:	b0 e0       	ldi	r27, 0x00	; 0
    10ae:	e8 e3       	ldi	r30, 0x38	; 56
    10b0:	f0 e0       	ldi	r31, 0x00	; 0
    10b2:	80 81       	ld	r24, Z
    10b4:	48 2f       	mov	r20, r24
    10b6:	8a 81       	ldd	r24, Y+2	; 0x02
    10b8:	28 2f       	mov	r18, r24
    10ba:	30 e0       	ldi	r19, 0x00	; 0
    10bc:	81 e0       	ldi	r24, 0x01	; 1
    10be:	90 e0       	ldi	r25, 0x00	; 0
    10c0:	02 2e       	mov	r0, r18
    10c2:	02 c0       	rjmp	.+4      	; 0x10c8 <GPIO_writePin+0x10c>
    10c4:	88 0f       	add	r24, r24
    10c6:	99 1f       	adc	r25, r25
    10c8:	0a 94       	dec	r0
    10ca:	e2 f7       	brpl	.-8      	; 0x10c4 <GPIO_writePin+0x108>
    10cc:	80 95       	com	r24
    10ce:	84 23       	and	r24, r20
    10d0:	8c 93       	st	X, r24
    10d2:	57 c0       	rjmp	.+174    	; 0x1182 <GPIO_writePin+0x1c6>
			}
			break;
		case PORTC_ID:
			if(value == LOGIC_HIGH)
    10d4:	8b 81       	ldd	r24, Y+3	; 0x03
    10d6:	81 30       	cpi	r24, 0x01	; 1
    10d8:	a1 f4       	brne	.+40     	; 0x1102 <GPIO_writePin+0x146>
			{
				SET_BIT(PORTC,pin_num);
    10da:	a5 e3       	ldi	r26, 0x35	; 53
    10dc:	b0 e0       	ldi	r27, 0x00	; 0
    10de:	e5 e3       	ldi	r30, 0x35	; 53
    10e0:	f0 e0       	ldi	r31, 0x00	; 0
    10e2:	80 81       	ld	r24, Z
    10e4:	48 2f       	mov	r20, r24
    10e6:	8a 81       	ldd	r24, Y+2	; 0x02
    10e8:	28 2f       	mov	r18, r24
    10ea:	30 e0       	ldi	r19, 0x00	; 0
    10ec:	81 e0       	ldi	r24, 0x01	; 1
    10ee:	90 e0       	ldi	r25, 0x00	; 0
    10f0:	02 2e       	mov	r0, r18
    10f2:	02 c0       	rjmp	.+4      	; 0x10f8 <GPIO_writePin+0x13c>
    10f4:	88 0f       	add	r24, r24
    10f6:	99 1f       	adc	r25, r25
    10f8:	0a 94       	dec	r0
    10fa:	e2 f7       	brpl	.-8      	; 0x10f4 <GPIO_writePin+0x138>
    10fc:	84 2b       	or	r24, r20
    10fe:	8c 93       	st	X, r24
    1100:	40 c0       	rjmp	.+128    	; 0x1182 <GPIO_writePin+0x1c6>
			}
			else
			{
				CLEAR_BIT(PORTC,pin_num);
    1102:	a5 e3       	ldi	r26, 0x35	; 53
    1104:	b0 e0       	ldi	r27, 0x00	; 0
    1106:	e5 e3       	ldi	r30, 0x35	; 53
    1108:	f0 e0       	ldi	r31, 0x00	; 0
    110a:	80 81       	ld	r24, Z
    110c:	48 2f       	mov	r20, r24
    110e:	8a 81       	ldd	r24, Y+2	; 0x02
    1110:	28 2f       	mov	r18, r24
    1112:	30 e0       	ldi	r19, 0x00	; 0
    1114:	81 e0       	ldi	r24, 0x01	; 1
    1116:	90 e0       	ldi	r25, 0x00	; 0
    1118:	02 2e       	mov	r0, r18
    111a:	02 c0       	rjmp	.+4      	; 0x1120 <GPIO_writePin+0x164>
    111c:	88 0f       	add	r24, r24
    111e:	99 1f       	adc	r25, r25
    1120:	0a 94       	dec	r0
    1122:	e2 f7       	brpl	.-8      	; 0x111c <GPIO_writePin+0x160>
    1124:	80 95       	com	r24
    1126:	84 23       	and	r24, r20
    1128:	8c 93       	st	X, r24
    112a:	2b c0       	rjmp	.+86     	; 0x1182 <GPIO_writePin+0x1c6>
			}
			break;
		case PORTD_ID:
			if(value == LOGIC_HIGH)
    112c:	8b 81       	ldd	r24, Y+3	; 0x03
    112e:	81 30       	cpi	r24, 0x01	; 1
    1130:	a1 f4       	brne	.+40     	; 0x115a <GPIO_writePin+0x19e>
			{
				SET_BIT(PORTD,pin_num);
    1132:	a2 e3       	ldi	r26, 0x32	; 50
    1134:	b0 e0       	ldi	r27, 0x00	; 0
    1136:	e2 e3       	ldi	r30, 0x32	; 50
    1138:	f0 e0       	ldi	r31, 0x00	; 0
    113a:	80 81       	ld	r24, Z
    113c:	48 2f       	mov	r20, r24
    113e:	8a 81       	ldd	r24, Y+2	; 0x02
    1140:	28 2f       	mov	r18, r24
    1142:	30 e0       	ldi	r19, 0x00	; 0
    1144:	81 e0       	ldi	r24, 0x01	; 1
    1146:	90 e0       	ldi	r25, 0x00	; 0
    1148:	02 2e       	mov	r0, r18
    114a:	02 c0       	rjmp	.+4      	; 0x1150 <GPIO_writePin+0x194>
    114c:	88 0f       	add	r24, r24
    114e:	99 1f       	adc	r25, r25
    1150:	0a 94       	dec	r0
    1152:	e2 f7       	brpl	.-8      	; 0x114c <GPIO_writePin+0x190>
    1154:	84 2b       	or	r24, r20
    1156:	8c 93       	st	X, r24
    1158:	14 c0       	rjmp	.+40     	; 0x1182 <GPIO_writePin+0x1c6>
			}
			else
			{
				CLEAR_BIT(PORTD,pin_num);
    115a:	a2 e3       	ldi	r26, 0x32	; 50
    115c:	b0 e0       	ldi	r27, 0x00	; 0
    115e:	e2 e3       	ldi	r30, 0x32	; 50
    1160:	f0 e0       	ldi	r31, 0x00	; 0
    1162:	80 81       	ld	r24, Z
    1164:	48 2f       	mov	r20, r24
    1166:	8a 81       	ldd	r24, Y+2	; 0x02
    1168:	28 2f       	mov	r18, r24
    116a:	30 e0       	ldi	r19, 0x00	; 0
    116c:	81 e0       	ldi	r24, 0x01	; 1
    116e:	90 e0       	ldi	r25, 0x00	; 0
    1170:	02 2e       	mov	r0, r18
    1172:	02 c0       	rjmp	.+4      	; 0x1178 <GPIO_writePin+0x1bc>
    1174:	88 0f       	add	r24, r24
    1176:	99 1f       	adc	r25, r25
    1178:	0a 94       	dec	r0
    117a:	e2 f7       	brpl	.-8      	; 0x1174 <GPIO_writePin+0x1b8>
    117c:	80 95       	com	r24
    117e:	84 23       	and	r24, r20
    1180:	8c 93       	st	X, r24
			}
			break;
		}
	}
}
    1182:	0f 90       	pop	r0
    1184:	0f 90       	pop	r0
    1186:	0f 90       	pop	r0
    1188:	0f 90       	pop	r0
    118a:	0f 90       	pop	r0
    118c:	cf 91       	pop	r28
    118e:	df 91       	pop	r29
    1190:	08 95       	ret

00001192 <GPIO_readPin>:
 * Description :
 * Read and return the value for the required pin, it should be Logic High or Logic Low.
 * If the input port number or pin number are not correct, The function will return Logic Low.
 */
uint8 GPIO_readPin(uint8 port_num, uint8 pin_num)
{
    1192:	df 93       	push	r29
    1194:	cf 93       	push	r28
    1196:	00 d0       	rcall	.+0      	; 0x1198 <GPIO_readPin+0x6>
    1198:	00 d0       	rcall	.+0      	; 0x119a <GPIO_readPin+0x8>
    119a:	00 d0       	rcall	.+0      	; 0x119c <GPIO_readPin+0xa>
    119c:	cd b7       	in	r28, 0x3d	; 61
    119e:	de b7       	in	r29, 0x3e	; 62
    11a0:	89 83       	std	Y+1, r24	; 0x01
    11a2:	6a 83       	std	Y+2, r22	; 0x02
	/*
	 * depending on the port number
	 * using switch case get the pin and write your value
	 */

	if((pin_num >= NUM_OF_PINS_PER_PORT) || (port_num >= NUM_OF_PORTS))
    11a4:	8a 81       	ldd	r24, Y+2	; 0x02
    11a6:	88 30       	cpi	r24, 0x08	; 8
    11a8:	08 f0       	brcs	.+2      	; 0x11ac <GPIO_readPin+0x1a>
    11aa:	85 c0       	rjmp	.+266    	; 0x12b6 <GPIO_readPin+0x124>
    11ac:	89 81       	ldd	r24, Y+1	; 0x01
    11ae:	84 30       	cpi	r24, 0x04	; 4
    11b0:	08 f0       	brcs	.+2      	; 0x11b4 <GPIO_readPin+0x22>
    11b2:	81 c0       	rjmp	.+258    	; 0x12b6 <GPIO_readPin+0x124>
	{
		/* Do Nothing */
	}
	else
	{
		switch(port_num)
    11b4:	89 81       	ldd	r24, Y+1	; 0x01
    11b6:	28 2f       	mov	r18, r24
    11b8:	30 e0       	ldi	r19, 0x00	; 0
    11ba:	3d 83       	std	Y+5, r19	; 0x05
    11bc:	2c 83       	std	Y+4, r18	; 0x04
    11be:	4c 81       	ldd	r20, Y+4	; 0x04
    11c0:	5d 81       	ldd	r21, Y+5	; 0x05
    11c2:	41 30       	cpi	r20, 0x01	; 1
    11c4:	51 05       	cpc	r21, r1
    11c6:	79 f1       	breq	.+94     	; 0x1226 <GPIO_readPin+0x94>
    11c8:	8c 81       	ldd	r24, Y+4	; 0x04
    11ca:	9d 81       	ldd	r25, Y+5	; 0x05
    11cc:	82 30       	cpi	r24, 0x02	; 2
    11ce:	91 05       	cpc	r25, r1
    11d0:	34 f4       	brge	.+12     	; 0x11de <GPIO_readPin+0x4c>
    11d2:	2c 81       	ldd	r18, Y+4	; 0x04
    11d4:	3d 81       	ldd	r19, Y+5	; 0x05
    11d6:	21 15       	cp	r18, r1
    11d8:	31 05       	cpc	r19, r1
    11da:	69 f0       	breq	.+26     	; 0x11f6 <GPIO_readPin+0x64>
    11dc:	6c c0       	rjmp	.+216    	; 0x12b6 <GPIO_readPin+0x124>
    11de:	4c 81       	ldd	r20, Y+4	; 0x04
    11e0:	5d 81       	ldd	r21, Y+5	; 0x05
    11e2:	42 30       	cpi	r20, 0x02	; 2
    11e4:	51 05       	cpc	r21, r1
    11e6:	b9 f1       	breq	.+110    	; 0x1256 <GPIO_readPin+0xc4>
    11e8:	8c 81       	ldd	r24, Y+4	; 0x04
    11ea:	9d 81       	ldd	r25, Y+5	; 0x05
    11ec:	83 30       	cpi	r24, 0x03	; 3
    11ee:	91 05       	cpc	r25, r1
    11f0:	09 f4       	brne	.+2      	; 0x11f4 <GPIO_readPin+0x62>
    11f2:	49 c0       	rjmp	.+146    	; 0x1286 <GPIO_readPin+0xf4>
    11f4:	60 c0       	rjmp	.+192    	; 0x12b6 <GPIO_readPin+0x124>
		{
		case PORTA_ID:
			if(BIT_IS_SET(PINA,pin_num))
    11f6:	e9 e3       	ldi	r30, 0x39	; 57
    11f8:	f0 e0       	ldi	r31, 0x00	; 0
    11fa:	80 81       	ld	r24, Z
    11fc:	28 2f       	mov	r18, r24
    11fe:	30 e0       	ldi	r19, 0x00	; 0
    1200:	8a 81       	ldd	r24, Y+2	; 0x02
    1202:	88 2f       	mov	r24, r24
    1204:	90 e0       	ldi	r25, 0x00	; 0
    1206:	a9 01       	movw	r20, r18
    1208:	02 c0       	rjmp	.+4      	; 0x120e <GPIO_readPin+0x7c>
    120a:	55 95       	asr	r21
    120c:	47 95       	ror	r20
    120e:	8a 95       	dec	r24
    1210:	e2 f7       	brpl	.-8      	; 0x120a <GPIO_readPin+0x78>
    1212:	ca 01       	movw	r24, r20
    1214:	81 70       	andi	r24, 0x01	; 1
    1216:	90 70       	andi	r25, 0x00	; 0
    1218:	88 23       	and	r24, r24
    121a:	19 f0       	breq	.+6      	; 0x1222 <GPIO_readPin+0x90>
			{
				return LOGIC_HIGH;
    121c:	51 e0       	ldi	r21, 0x01	; 1
    121e:	5b 83       	std	Y+3, r21	; 0x03
    1220:	4b c0       	rjmp	.+150    	; 0x12b8 <GPIO_readPin+0x126>
			}
			else
			{
				return LOGIC_LOW;
    1222:	1b 82       	std	Y+3, r1	; 0x03
    1224:	49 c0       	rjmp	.+146    	; 0x12b8 <GPIO_readPin+0x126>
			}
			break;
		case PORTB_ID:
			if(BIT_IS_SET(PINB,pin_num))
    1226:	e6 e3       	ldi	r30, 0x36	; 54
    1228:	f0 e0       	ldi	r31, 0x00	; 0
    122a:	80 81       	ld	r24, Z
    122c:	28 2f       	mov	r18, r24
    122e:	30 e0       	ldi	r19, 0x00	; 0
    1230:	8a 81       	ldd	r24, Y+2	; 0x02
    1232:	88 2f       	mov	r24, r24
    1234:	90 e0       	ldi	r25, 0x00	; 0
    1236:	a9 01       	movw	r20, r18
    1238:	02 c0       	rjmp	.+4      	; 0x123e <GPIO_readPin+0xac>
    123a:	55 95       	asr	r21
    123c:	47 95       	ror	r20
    123e:	8a 95       	dec	r24
    1240:	e2 f7       	brpl	.-8      	; 0x123a <GPIO_readPin+0xa8>
    1242:	ca 01       	movw	r24, r20
    1244:	81 70       	andi	r24, 0x01	; 1
    1246:	90 70       	andi	r25, 0x00	; 0
    1248:	88 23       	and	r24, r24
    124a:	19 f0       	breq	.+6      	; 0x1252 <GPIO_readPin+0xc0>
			{
				return LOGIC_HIGH;
    124c:	51 e0       	ldi	r21, 0x01	; 1
    124e:	5b 83       	std	Y+3, r21	; 0x03
    1250:	33 c0       	rjmp	.+102    	; 0x12b8 <GPIO_readPin+0x126>
			}
			else
			{
				return LOGIC_LOW;
    1252:	1b 82       	std	Y+3, r1	; 0x03
    1254:	31 c0       	rjmp	.+98     	; 0x12b8 <GPIO_readPin+0x126>
			}
			break;
		case PORTC_ID:
			if(BIT_IS_SET(PINC,pin_num))
    1256:	e3 e3       	ldi	r30, 0x33	; 51
    1258:	f0 e0       	ldi	r31, 0x00	; 0
    125a:	80 81       	ld	r24, Z
    125c:	28 2f       	mov	r18, r24
    125e:	30 e0       	ldi	r19, 0x00	; 0
    1260:	8a 81       	ldd	r24, Y+2	; 0x02
    1262:	88 2f       	mov	r24, r24
    1264:	90 e0       	ldi	r25, 0x00	; 0
    1266:	a9 01       	movw	r20, r18
    1268:	02 c0       	rjmp	.+4      	; 0x126e <GPIO_readPin+0xdc>
    126a:	55 95       	asr	r21
    126c:	47 95       	ror	r20
    126e:	8a 95       	dec	r24
    1270:	e2 f7       	brpl	.-8      	; 0x126a <GPIO_readPin+0xd8>
    1272:	ca 01       	movw	r24, r20
    1274:	81 70       	andi	r24, 0x01	; 1
    1276:	90 70       	andi	r25, 0x00	; 0
    1278:	88 23       	and	r24, r24
    127a:	19 f0       	breq	.+6      	; 0x1282 <GPIO_readPin+0xf0>
			{
				return LOGIC_HIGH;
    127c:	51 e0       	ldi	r21, 0x01	; 1
    127e:	5b 83       	std	Y+3, r21	; 0x03
    1280:	1b c0       	rjmp	.+54     	; 0x12b8 <GPIO_readPin+0x126>
			}
			else
			{
				return LOGIC_LOW;
    1282:	1b 82       	std	Y+3, r1	; 0x03
    1284:	19 c0       	rjmp	.+50     	; 0x12b8 <GPIO_readPin+0x126>
			}
			break;
		case PORTD_ID:
			if(BIT_IS_SET(PIND,pin_num))
    1286:	e0 e3       	ldi	r30, 0x30	; 48
    1288:	f0 e0       	ldi	r31, 0x00	; 0
    128a:	80 81       	ld	r24, Z
    128c:	28 2f       	mov	r18, r24
    128e:	30 e0       	ldi	r19, 0x00	; 0
    1290:	8a 81       	ldd	r24, Y+2	; 0x02
    1292:	88 2f       	mov	r24, r24
    1294:	90 e0       	ldi	r25, 0x00	; 0
    1296:	a9 01       	movw	r20, r18
    1298:	02 c0       	rjmp	.+4      	; 0x129e <GPIO_readPin+0x10c>
    129a:	55 95       	asr	r21
    129c:	47 95       	ror	r20
    129e:	8a 95       	dec	r24
    12a0:	e2 f7       	brpl	.-8      	; 0x129a <GPIO_readPin+0x108>
    12a2:	ca 01       	movw	r24, r20
    12a4:	81 70       	andi	r24, 0x01	; 1
    12a6:	90 70       	andi	r25, 0x00	; 0
    12a8:	88 23       	and	r24, r24
    12aa:	19 f0       	breq	.+6      	; 0x12b2 <GPIO_readPin+0x120>
			{
				return LOGIC_HIGH;
    12ac:	51 e0       	ldi	r21, 0x01	; 1
    12ae:	5b 83       	std	Y+3, r21	; 0x03
    12b0:	03 c0       	rjmp	.+6      	; 0x12b8 <GPIO_readPin+0x126>
			}
			else
			{
				return LOGIC_LOW;
    12b2:	1b 82       	std	Y+3, r1	; 0x03
    12b4:	01 c0       	rjmp	.+2      	; 0x12b8 <GPIO_readPin+0x126>
    12b6:	02 c0       	rjmp	.+4      	; 0x12bc <GPIO_readPin+0x12a>
			}
			break;
		}
	}
}
    12b8:	8b 81       	ldd	r24, Y+3	; 0x03
    12ba:	8e 83       	std	Y+6, r24	; 0x06
    12bc:	8e 81       	ldd	r24, Y+6	; 0x06
    12be:	26 96       	adiw	r28, 0x06	; 6
    12c0:	0f b6       	in	r0, 0x3f	; 63
    12c2:	f8 94       	cli
    12c4:	de bf       	out	0x3e, r29	; 62
    12c6:	0f be       	out	0x3f, r0	; 63
    12c8:	cd bf       	out	0x3d, r28	; 61
    12ca:	cf 91       	pop	r28
    12cc:	df 91       	pop	r29
    12ce:	08 95       	ret

000012d0 <GPIO_setupPortDirection>:
 * If the direction value is PORT_INPUT all pins in this port should be input pins.
 * If the direction value is PORT_OUTPUT all pins in this port should be output pins.
 * If the input port number is not correct, The function will not handle the request.
 */
void GPIO_setupPortDirection(uint8 port_num, GPIO_PortDirectionType direction)
{
    12d0:	df 93       	push	r29
    12d2:	cf 93       	push	r28
    12d4:	00 d0       	rcall	.+0      	; 0x12d6 <GPIO_setupPortDirection+0x6>
    12d6:	00 d0       	rcall	.+0      	; 0x12d8 <GPIO_setupPortDirection+0x8>
    12d8:	cd b7       	in	r28, 0x3d	; 61
    12da:	de b7       	in	r29, 0x3e	; 62
    12dc:	89 83       	std	Y+1, r24	; 0x01
    12de:	6a 83       	std	Y+2, r22	; 0x02
	/*
	 * Check if the input number is greater than NUM_OF_PORTS value.
	 * In this case the input is not valid port number
	 */
	if(port_num >= NUM_OF_PORTS)
    12e0:	89 81       	ldd	r24, Y+1	; 0x01
    12e2:	84 30       	cpi	r24, 0x04	; 4
    12e4:	90 f5       	brcc	.+100    	; 0x134a <GPIO_setupPortDirection+0x7a>
		/* Do Nothing */
	}
	else
	{
		/* Setup the port direction as required */
		switch(port_num)
    12e6:	89 81       	ldd	r24, Y+1	; 0x01
    12e8:	28 2f       	mov	r18, r24
    12ea:	30 e0       	ldi	r19, 0x00	; 0
    12ec:	3c 83       	std	Y+4, r19	; 0x04
    12ee:	2b 83       	std	Y+3, r18	; 0x03
    12f0:	8b 81       	ldd	r24, Y+3	; 0x03
    12f2:	9c 81       	ldd	r25, Y+4	; 0x04
    12f4:	81 30       	cpi	r24, 0x01	; 1
    12f6:	91 05       	cpc	r25, r1
    12f8:	d1 f0       	breq	.+52     	; 0x132e <GPIO_setupPortDirection+0x5e>
    12fa:	2b 81       	ldd	r18, Y+3	; 0x03
    12fc:	3c 81       	ldd	r19, Y+4	; 0x04
    12fe:	22 30       	cpi	r18, 0x02	; 2
    1300:	31 05       	cpc	r19, r1
    1302:	2c f4       	brge	.+10     	; 0x130e <GPIO_setupPortDirection+0x3e>
    1304:	8b 81       	ldd	r24, Y+3	; 0x03
    1306:	9c 81       	ldd	r25, Y+4	; 0x04
    1308:	00 97       	sbiw	r24, 0x00	; 0
    130a:	61 f0       	breq	.+24     	; 0x1324 <GPIO_setupPortDirection+0x54>
    130c:	1e c0       	rjmp	.+60     	; 0x134a <GPIO_setupPortDirection+0x7a>
    130e:	2b 81       	ldd	r18, Y+3	; 0x03
    1310:	3c 81       	ldd	r19, Y+4	; 0x04
    1312:	22 30       	cpi	r18, 0x02	; 2
    1314:	31 05       	cpc	r19, r1
    1316:	81 f0       	breq	.+32     	; 0x1338 <GPIO_setupPortDirection+0x68>
    1318:	8b 81       	ldd	r24, Y+3	; 0x03
    131a:	9c 81       	ldd	r25, Y+4	; 0x04
    131c:	83 30       	cpi	r24, 0x03	; 3
    131e:	91 05       	cpc	r25, r1
    1320:	81 f0       	breq	.+32     	; 0x1342 <GPIO_setupPortDirection+0x72>
    1322:	13 c0       	rjmp	.+38     	; 0x134a <GPIO_setupPortDirection+0x7a>
		{
		case PORTA_ID:
			DDRA = direction;
    1324:	ea e3       	ldi	r30, 0x3A	; 58
    1326:	f0 e0       	ldi	r31, 0x00	; 0
    1328:	8a 81       	ldd	r24, Y+2	; 0x02
    132a:	80 83       	st	Z, r24
    132c:	0e c0       	rjmp	.+28     	; 0x134a <GPIO_setupPortDirection+0x7a>
			break;
		case PORTB_ID:
			DDRB = direction;
    132e:	e7 e3       	ldi	r30, 0x37	; 55
    1330:	f0 e0       	ldi	r31, 0x00	; 0
    1332:	8a 81       	ldd	r24, Y+2	; 0x02
    1334:	80 83       	st	Z, r24
    1336:	09 c0       	rjmp	.+18     	; 0x134a <GPIO_setupPortDirection+0x7a>
			break;
		case PORTC_ID:
			DDRC = direction;
    1338:	e4 e3       	ldi	r30, 0x34	; 52
    133a:	f0 e0       	ldi	r31, 0x00	; 0
    133c:	8a 81       	ldd	r24, Y+2	; 0x02
    133e:	80 83       	st	Z, r24
    1340:	04 c0       	rjmp	.+8      	; 0x134a <GPIO_setupPortDirection+0x7a>
			break;
		case PORTD_ID:
			DDRD = direction;
    1342:	e1 e3       	ldi	r30, 0x31	; 49
    1344:	f0 e0       	ldi	r31, 0x00	; 0
    1346:	8a 81       	ldd	r24, Y+2	; 0x02
    1348:	80 83       	st	Z, r24
			break;
		}
	}
}
    134a:	0f 90       	pop	r0
    134c:	0f 90       	pop	r0
    134e:	0f 90       	pop	r0
    1350:	0f 90       	pop	r0
    1352:	cf 91       	pop	r28
    1354:	df 91       	pop	r29
    1356:	08 95       	ret

00001358 <GPIO_writePort>:
 * If any pin in the port is output pin the value will be written.
 * If any pin in the port is input pin this will activate/deactivate the internal pull-up resistor.
 * If the input port number is not correct, The function will not handle the request.
 */
void GPIO_writePort(uint8 port_num, uint8 value)
{
    1358:	df 93       	push	r29
    135a:	cf 93       	push	r28
    135c:	00 d0       	rcall	.+0      	; 0x135e <GPIO_writePort+0x6>
    135e:	00 d0       	rcall	.+0      	; 0x1360 <GPIO_writePort+0x8>
    1360:	cd b7       	in	r28, 0x3d	; 61
    1362:	de b7       	in	r29, 0x3e	; 62
    1364:	89 83       	std	Y+1, r24	; 0x01
    1366:	6a 83       	std	Y+2, r22	; 0x02
	/*
	 * Check if the input number is greater than NUM_OF_PORTS value.
	 * In this case the input is not valid port number
	 */
	if(port_num >= NUM_OF_PORTS)
    1368:	89 81       	ldd	r24, Y+1	; 0x01
    136a:	84 30       	cpi	r24, 0x04	; 4
    136c:	90 f5       	brcc	.+100    	; 0x13d2 <GPIO_writePort+0x7a>
		/* Do Nothing */
	}
	else
	{
		/* Setup the port direction as required */
		switch(port_num)
    136e:	89 81       	ldd	r24, Y+1	; 0x01
    1370:	28 2f       	mov	r18, r24
    1372:	30 e0       	ldi	r19, 0x00	; 0
    1374:	3c 83       	std	Y+4, r19	; 0x04
    1376:	2b 83       	std	Y+3, r18	; 0x03
    1378:	8b 81       	ldd	r24, Y+3	; 0x03
    137a:	9c 81       	ldd	r25, Y+4	; 0x04
    137c:	81 30       	cpi	r24, 0x01	; 1
    137e:	91 05       	cpc	r25, r1
    1380:	d1 f0       	breq	.+52     	; 0x13b6 <GPIO_writePort+0x5e>
    1382:	2b 81       	ldd	r18, Y+3	; 0x03
    1384:	3c 81       	ldd	r19, Y+4	; 0x04
    1386:	22 30       	cpi	r18, 0x02	; 2
    1388:	31 05       	cpc	r19, r1
    138a:	2c f4       	brge	.+10     	; 0x1396 <GPIO_writePort+0x3e>
    138c:	8b 81       	ldd	r24, Y+3	; 0x03
    138e:	9c 81       	ldd	r25, Y+4	; 0x04
    1390:	00 97       	sbiw	r24, 0x00	; 0
    1392:	61 f0       	breq	.+24     	; 0x13ac <GPIO_writePort+0x54>
    1394:	1e c0       	rjmp	.+60     	; 0x13d2 <GPIO_writePort+0x7a>
    1396:	2b 81       	ldd	r18, Y+3	; 0x03
    1398:	3c 81       	ldd	r19, Y+4	; 0x04
    139a:	22 30       	cpi	r18, 0x02	; 2
    139c:	31 05       	cpc	r19, r1
    139e:	81 f0       	breq	.+32     	; 0x13c0 <GPIO_writePort+0x68>
    13a0:	8b 81       	ldd	r24, Y+3	; 0x03
    13a2:	9c 81       	ldd	r25, Y+4	; 0x04
    13a4:	83 30       	cpi	r24, 0x03	; 3
    13a6:	91 05       	cpc	r25, r1
    13a8:	81 f0       	breq	.+32     	; 0x13ca <GPIO_writePort+0x72>
    13aa:	13 c0       	rjmp	.+38     	; 0x13d2 <GPIO_writePort+0x7a>
		{
		case PORTA_ID:
			PORTA = value;
    13ac:	eb e3       	ldi	r30, 0x3B	; 59
    13ae:	f0 e0       	ldi	r31, 0x00	; 0
    13b0:	8a 81       	ldd	r24, Y+2	; 0x02
    13b2:	80 83       	st	Z, r24
    13b4:	0e c0       	rjmp	.+28     	; 0x13d2 <GPIO_writePort+0x7a>
			break;
		case PORTB_ID:
			PORTB = value;
    13b6:	e8 e3       	ldi	r30, 0x38	; 56
    13b8:	f0 e0       	ldi	r31, 0x00	; 0
    13ba:	8a 81       	ldd	r24, Y+2	; 0x02
    13bc:	80 83       	st	Z, r24
    13be:	09 c0       	rjmp	.+18     	; 0x13d2 <GPIO_writePort+0x7a>
			break;
		case PORTC_ID:
			PORTC = value;
    13c0:	e5 e3       	ldi	r30, 0x35	; 53
    13c2:	f0 e0       	ldi	r31, 0x00	; 0
    13c4:	8a 81       	ldd	r24, Y+2	; 0x02
    13c6:	80 83       	st	Z, r24
    13c8:	04 c0       	rjmp	.+8      	; 0x13d2 <GPIO_writePort+0x7a>
			break;
		case PORTD_ID:
			PORTD = value;
    13ca:	e2 e3       	ldi	r30, 0x32	; 50
    13cc:	f0 e0       	ldi	r31, 0x00	; 0
    13ce:	8a 81       	ldd	r24, Y+2	; 0x02
    13d0:	80 83       	st	Z, r24
			break;
		}
	}
}
    13d2:	0f 90       	pop	r0
    13d4:	0f 90       	pop	r0
    13d6:	0f 90       	pop	r0
    13d8:	0f 90       	pop	r0
    13da:	cf 91       	pop	r28
    13dc:	df 91       	pop	r29
    13de:	08 95       	ret

000013e0 <GPIO_readPort>:
 * Description :
 * Read and return the value of the required port.
 * If the input port number is not correct, The function will return ZERO value.
 */
uint8 GPIO_readPort(uint8 port_num)
{
    13e0:	df 93       	push	r29
    13e2:	cf 93       	push	r28
    13e4:	00 d0       	rcall	.+0      	; 0x13e6 <GPIO_readPort+0x6>
    13e6:	00 d0       	rcall	.+0      	; 0x13e8 <GPIO_readPort+0x8>
    13e8:	0f 92       	push	r0
    13ea:	cd b7       	in	r28, 0x3d	; 61
    13ec:	de b7       	in	r29, 0x3e	; 62
    13ee:	89 83       	std	Y+1, r24	; 0x01
	/*
	 * Check if the input number is greater than NUM_OF_PORTS value.
	 * In this case the input is not valid port number
	 */
	if(port_num >= NUM_OF_PORTS)
    13f0:	89 81       	ldd	r24, Y+1	; 0x01
    13f2:	84 30       	cpi	r24, 0x04	; 4
    13f4:	98 f5       	brcc	.+102    	; 0x145c <GPIO_readPort+0x7c>
		/* Do Nothing */
	}
	else
	{
		/* Setup the port direction as required */
		switch(port_num)
    13f6:	89 81       	ldd	r24, Y+1	; 0x01
    13f8:	28 2f       	mov	r18, r24
    13fa:	30 e0       	ldi	r19, 0x00	; 0
    13fc:	3c 83       	std	Y+4, r19	; 0x04
    13fe:	2b 83       	std	Y+3, r18	; 0x03
    1400:	8b 81       	ldd	r24, Y+3	; 0x03
    1402:	9c 81       	ldd	r25, Y+4	; 0x04
    1404:	81 30       	cpi	r24, 0x01	; 1
    1406:	91 05       	cpc	r25, r1
    1408:	d1 f0       	breq	.+52     	; 0x143e <GPIO_readPort+0x5e>
    140a:	2b 81       	ldd	r18, Y+3	; 0x03
    140c:	3c 81       	ldd	r19, Y+4	; 0x04
    140e:	22 30       	cpi	r18, 0x02	; 2
    1410:	31 05       	cpc	r19, r1
    1412:	2c f4       	brge	.+10     	; 0x141e <GPIO_readPort+0x3e>
    1414:	8b 81       	ldd	r24, Y+3	; 0x03
    1416:	9c 81       	ldd	r25, Y+4	; 0x04
    1418:	00 97       	sbiw	r24, 0x00	; 0
    141a:	61 f0       	breq	.+24     	; 0x1434 <GPIO_readPort+0x54>
    141c:	1f c0       	rjmp	.+62     	; 0x145c <GPIO_readPort+0x7c>
    141e:	2b 81       	ldd	r18, Y+3	; 0x03
    1420:	3c 81       	ldd	r19, Y+4	; 0x04
    1422:	22 30       	cpi	r18, 0x02	; 2
    1424:	31 05       	cpc	r19, r1
    1426:	81 f0       	breq	.+32     	; 0x1448 <GPIO_readPort+0x68>
    1428:	8b 81       	ldd	r24, Y+3	; 0x03
    142a:	9c 81       	ldd	r25, Y+4	; 0x04
    142c:	83 30       	cpi	r24, 0x03	; 3
    142e:	91 05       	cpc	r25, r1
    1430:	81 f0       	breq	.+32     	; 0x1452 <GPIO_readPort+0x72>
    1432:	14 c0       	rjmp	.+40     	; 0x145c <GPIO_readPort+0x7c>
		{
		case PORTA_ID:
			return PINA;
    1434:	e9 e3       	ldi	r30, 0x39	; 57
    1436:	f0 e0       	ldi	r31, 0x00	; 0
    1438:	90 81       	ld	r25, Z
    143a:	9a 83       	std	Y+2, r25	; 0x02
    143c:	10 c0       	rjmp	.+32     	; 0x145e <GPIO_readPort+0x7e>
			break;
		case PORTB_ID:
			return PINB;
    143e:	e6 e3       	ldi	r30, 0x36	; 54
    1440:	f0 e0       	ldi	r31, 0x00	; 0
    1442:	20 81       	ld	r18, Z
    1444:	2a 83       	std	Y+2, r18	; 0x02
    1446:	0b c0       	rjmp	.+22     	; 0x145e <GPIO_readPort+0x7e>
			break;
		case PORTC_ID:
			return PINB;
    1448:	e6 e3       	ldi	r30, 0x36	; 54
    144a:	f0 e0       	ldi	r31, 0x00	; 0
    144c:	30 81       	ld	r19, Z
    144e:	3a 83       	std	Y+2, r19	; 0x02
    1450:	06 c0       	rjmp	.+12     	; 0x145e <GPIO_readPort+0x7e>
			break;
		case PORTD_ID:
			return PIND;
    1452:	e0 e3       	ldi	r30, 0x30	; 48
    1454:	f0 e0       	ldi	r31, 0x00	; 0
    1456:	80 81       	ld	r24, Z
    1458:	8a 83       	std	Y+2, r24	; 0x02
    145a:	01 c0       	rjmp	.+2      	; 0x145e <GPIO_readPort+0x7e>
    145c:	02 c0       	rjmp	.+4      	; 0x1462 <GPIO_readPort+0x82>
			break;
		}
	}
}
    145e:	9a 81       	ldd	r25, Y+2	; 0x02
    1460:	9d 83       	std	Y+5, r25	; 0x05
    1462:	8d 81       	ldd	r24, Y+5	; 0x05
    1464:	0f 90       	pop	r0
    1466:	0f 90       	pop	r0
    1468:	0f 90       	pop	r0
    146a:	0f 90       	pop	r0
    146c:	0f 90       	pop	r0
    146e:	cf 91       	pop	r28
    1470:	df 91       	pop	r29
    1472:	08 95       	ret

00001474 <FunToTimer_Door>:
 *                         Timer CallBack Function                             *
 *******************************************************************************/

uint8 tick_door=0;
void FunToTimer_Door()
{
    1474:	df 93       	push	r29
    1476:	cf 93       	push	r28
    1478:	cd b7       	in	r28, 0x3d	; 61
    147a:	de b7       	in	r29, 0x3e	; 62
	tick_door++;
    147c:	80 91 84 00 	lds	r24, 0x0084
    1480:	8f 5f       	subi	r24, 0xFF	; 255
    1482:	80 93 84 00 	sts	0x0084, r24
	if(tick_door < 15)
    1486:	80 91 84 00 	lds	r24, 0x0084
    148a:	8f 30       	cpi	r24, 0x0F	; 15
    148c:	28 f4       	brcc	.+10     	; 0x1498 <FunToTimer_Door+0x24>
	{
		DCMOTOR_rotate(CW, 100);
    148e:	80 e0       	ldi	r24, 0x00	; 0
    1490:	64 e6       	ldi	r22, 0x64	; 100
    1492:	0e 94 28 06 	call	0xc50	; 0xc50 <DCMOTOR_rotate>
    1496:	22 c0       	rjmp	.+68     	; 0x14dc <FunToTimer_Door+0x68>
	}
	else if(15<=tick_door && tick_door<18)
    1498:	80 91 84 00 	lds	r24, 0x0084
    149c:	8f 30       	cpi	r24, 0x0F	; 15
    149e:	48 f0       	brcs	.+18     	; 0x14b2 <FunToTimer_Door+0x3e>
    14a0:	80 91 84 00 	lds	r24, 0x0084
    14a4:	82 31       	cpi	r24, 0x12	; 18
    14a6:	28 f4       	brcc	.+10     	; 0x14b2 <FunToTimer_Door+0x3e>
	{
		DCMOTOR_rotate(CW, 0);
    14a8:	80 e0       	ldi	r24, 0x00	; 0
    14aa:	60 e0       	ldi	r22, 0x00	; 0
    14ac:	0e 94 28 06 	call	0xc50	; 0xc50 <DCMOTOR_rotate>
    14b0:	15 c0       	rjmp	.+42     	; 0x14dc <FunToTimer_Door+0x68>
	}
	else if(18<=tick_door && tick_door<33)
    14b2:	80 91 84 00 	lds	r24, 0x0084
    14b6:	82 31       	cpi	r24, 0x12	; 18
    14b8:	48 f0       	brcs	.+18     	; 0x14cc <FunToTimer_Door+0x58>
    14ba:	80 91 84 00 	lds	r24, 0x0084
    14be:	81 32       	cpi	r24, 0x21	; 33
    14c0:	28 f4       	brcc	.+10     	; 0x14cc <FunToTimer_Door+0x58>
	{
		DCMOTOR_rotate(A_CW, 100);
    14c2:	81 e0       	ldi	r24, 0x01	; 1
    14c4:	64 e6       	ldi	r22, 0x64	; 100
    14c6:	0e 94 28 06 	call	0xc50	; 0xc50 <DCMOTOR_rotate>
    14ca:	08 c0       	rjmp	.+16     	; 0x14dc <FunToTimer_Door+0x68>
	}
	else
	{
		tick_door=0;
    14cc:	10 92 84 00 	sts	0x0084, r1
		DCMOTOR_rotate(CW, 0);
    14d0:	80 e0       	ldi	r24, 0x00	; 0
    14d2:	60 e0       	ldi	r22, 0x00	; 0
    14d4:	0e 94 28 06 	call	0xc50	; 0xc50 <DCMOTOR_rotate>
		TIMER1_deinit();
    14d8:	0e 94 6c 0e 	call	0x1cd8	; 0x1cd8 <TIMER1_deinit>
	}
}
    14dc:	cf 91       	pop	r28
    14de:	df 91       	pop	r29
    14e0:	08 95       	ret

000014e2 <FunToTimer_3Errors>:

uint8 tick_3errors=0;
void FunToTimer_3Errors()
{
    14e2:	df 93       	push	r29
    14e4:	cf 93       	push	r28
    14e6:	cd b7       	in	r28, 0x3d	; 61
    14e8:	de b7       	in	r29, 0x3e	; 62
	tick_3errors++;
    14ea:	80 91 85 00 	lds	r24, 0x0085
    14ee:	8f 5f       	subi	r24, 0xFF	; 255
    14f0:	80 93 85 00 	sts	0x0085, r24
	if(!int_3errors_ISR_flag)
    14f4:	80 91 83 00 	lds	r24, 0x0083
    14f8:	88 23       	and	r24, r24
    14fa:	51 f4       	brne	.+20     	; 0x1510 <FunToTimer_3Errors+0x2e>
	{
		BUZZER_on();
    14fc:	0e 94 b4 05 	call	0xb68	; 0xb68 <BUZZER_on>
		int_3errors_ISR_flag=1;
    1500:	81 e0       	ldi	r24, 0x01	; 1
    1502:	80 93 83 00 	sts	0x0083, r24
		ext_3errors_ISR_flag+=2;
    1506:	80 91 68 00 	lds	r24, 0x0068
    150a:	8e 5f       	subi	r24, 0xFE	; 254
    150c:	80 93 68 00 	sts	0x0068, r24
	}
	if(tick_3errors==60)
    1510:	80 91 85 00 	lds	r24, 0x0085
    1514:	8c 33       	cpi	r24, 0x3C	; 60
    1516:	59 f4       	brne	.+22     	; 0x152e <FunToTimer_3Errors+0x4c>
	{
		BUZZER_off();
    1518:	0e 94 c0 05 	call	0xb80	; 0xb80 <BUZZER_off>
		int_3errors_ISR_flag=0;
    151c:	10 92 83 00 	sts	0x0083, r1
		ext_3errors_ISR_flag++;
    1520:	80 91 68 00 	lds	r24, 0x0068
    1524:	8f 5f       	subi	r24, 0xFF	; 255
    1526:	80 93 68 00 	sts	0x0068, r24

		TIMER1_deinit();
    152a:	0e 94 6c 0e 	call	0x1cd8	; 0x1cd8 <TIMER1_deinit>
	}
}
    152e:	cf 91       	pop	r28
    1530:	df 91       	pop	r29
    1532:	08 95       	ret

00001534 <StoreThePasswordInEEPROM>:
/*******************************************************************************
 *                         Functions Used In Main                              *
 *******************************************************************************/

void StoreThePasswordInEEPROM(uint8 *pw)
{
    1534:	df 93       	push	r29
    1536:	cf 93       	push	r28
    1538:	cd b7       	in	r28, 0x3d	; 61
    153a:	de b7       	in	r29, 0x3e	; 62
    153c:	61 97       	sbiw	r28, 0x11	; 17
    153e:	0f b6       	in	r0, 0x3f	; 63
    1540:	f8 94       	cli
    1542:	de bf       	out	0x3e, r29	; 62
    1544:	0f be       	out	0x3f, r0	; 63
    1546:	cd bf       	out	0x3d, r28	; 61
    1548:	99 8b       	std	Y+17, r25	; 0x11
    154a:	88 8b       	std	Y+16, r24	; 0x10
	uint8 i=0;
    154c:	1f 86       	std	Y+15, r1	; 0x0f
	for(i=0;i<=4;i++)
    154e:	1f 86       	std	Y+15, r1	; 0x0f
    1550:	88 c0       	rjmp	.+272    	; 0x1662 <StoreThePasswordInEEPROM+0x12e>
	{
		EEPROM_writeByte(EEPROM_ADDRESS+i, pw[i]); /* Write 0x0F in the external EEPROM */
    1552:	8f 85       	ldd	r24, Y+15	; 0x0f
    1554:	88 2f       	mov	r24, r24
    1556:	90 e0       	ldi	r25, 0x00	; 0
    1558:	80 50       	subi	r24, 0x00	; 0
    155a:	9f 4f       	sbci	r25, 0xFF	; 255
    155c:	ac 01       	movw	r20, r24
    155e:	8f 85       	ldd	r24, Y+15	; 0x0f
    1560:	28 2f       	mov	r18, r24
    1562:	30 e0       	ldi	r19, 0x00	; 0
    1564:	88 89       	ldd	r24, Y+16	; 0x10
    1566:	99 89       	ldd	r25, Y+17	; 0x11
    1568:	fc 01       	movw	r30, r24
    156a:	e2 0f       	add	r30, r18
    156c:	f3 1f       	adc	r31, r19
    156e:	20 81       	ld	r18, Z
    1570:	ca 01       	movw	r24, r20
    1572:	62 2f       	mov	r22, r18
    1574:	0e 94 52 06 	call	0xca4	; 0xca4 <EEPROM_writeByte>
    1578:	80 e0       	ldi	r24, 0x00	; 0
    157a:	90 e0       	ldi	r25, 0x00	; 0
    157c:	a0 e2       	ldi	r26, 0x20	; 32
    157e:	b1 e4       	ldi	r27, 0x41	; 65
    1580:	8b 87       	std	Y+11, r24	; 0x0b
    1582:	9c 87       	std	Y+12, r25	; 0x0c
    1584:	ad 87       	std	Y+13, r26	; 0x0d
    1586:	be 87       	std	Y+14, r27	; 0x0e
 */
void
_delay_ms(double __ms)
{
	uint16_t __ticks;
	double __tmp = ((F_CPU) / 4e3) * __ms;
    1588:	6b 85       	ldd	r22, Y+11	; 0x0b
    158a:	7c 85       	ldd	r23, Y+12	; 0x0c
    158c:	8d 85       	ldd	r24, Y+13	; 0x0d
    158e:	9e 85       	ldd	r25, Y+14	; 0x0e
    1590:	20 e0       	ldi	r18, 0x00	; 0
    1592:	30 e0       	ldi	r19, 0x00	; 0
    1594:	4a ef       	ldi	r20, 0xFA	; 250
    1596:	54 e4       	ldi	r21, 0x44	; 68
    1598:	0e 94 1f 02 	call	0x43e	; 0x43e <__mulsf3>
    159c:	dc 01       	movw	r26, r24
    159e:	cb 01       	movw	r24, r22
    15a0:	8f 83       	std	Y+7, r24	; 0x07
    15a2:	98 87       	std	Y+8, r25	; 0x08
    15a4:	a9 87       	std	Y+9, r26	; 0x09
    15a6:	ba 87       	std	Y+10, r27	; 0x0a
	if (__tmp < 1.0)
    15a8:	6f 81       	ldd	r22, Y+7	; 0x07
    15aa:	78 85       	ldd	r23, Y+8	; 0x08
    15ac:	89 85       	ldd	r24, Y+9	; 0x09
    15ae:	9a 85       	ldd	r25, Y+10	; 0x0a
    15b0:	20 e0       	ldi	r18, 0x00	; 0
    15b2:	30 e0       	ldi	r19, 0x00	; 0
    15b4:	40 e8       	ldi	r20, 0x80	; 128
    15b6:	5f e3       	ldi	r21, 0x3F	; 63
    15b8:	0e 94 79 03 	call	0x6f2	; 0x6f2 <__ltsf2>
    15bc:	88 23       	and	r24, r24
    15be:	2c f4       	brge	.+10     	; 0x15ca <StoreThePasswordInEEPROM+0x96>
		__ticks = 1;
    15c0:	81 e0       	ldi	r24, 0x01	; 1
    15c2:	90 e0       	ldi	r25, 0x00	; 0
    15c4:	9e 83       	std	Y+6, r25	; 0x06
    15c6:	8d 83       	std	Y+5, r24	; 0x05
    15c8:	3f c0       	rjmp	.+126    	; 0x1648 <StoreThePasswordInEEPROM+0x114>
	else if (__tmp > 65535)
    15ca:	6f 81       	ldd	r22, Y+7	; 0x07
    15cc:	78 85       	ldd	r23, Y+8	; 0x08
    15ce:	89 85       	ldd	r24, Y+9	; 0x09
    15d0:	9a 85       	ldd	r25, Y+10	; 0x0a
    15d2:	20 e0       	ldi	r18, 0x00	; 0
    15d4:	3f ef       	ldi	r19, 0xFF	; 255
    15d6:	4f e7       	ldi	r20, 0x7F	; 127
    15d8:	57 e4       	ldi	r21, 0x47	; 71
    15da:	0e 94 19 03 	call	0x632	; 0x632 <__gtsf2>
    15de:	18 16       	cp	r1, r24
    15e0:	4c f5       	brge	.+82     	; 0x1634 <StoreThePasswordInEEPROM+0x100>
	{
		//	__ticks = requested delay in 1/10 ms
		__ticks = (uint16_t) (__ms * 10.0);
    15e2:	6b 85       	ldd	r22, Y+11	; 0x0b
    15e4:	7c 85       	ldd	r23, Y+12	; 0x0c
    15e6:	8d 85       	ldd	r24, Y+13	; 0x0d
    15e8:	9e 85       	ldd	r25, Y+14	; 0x0e
    15ea:	20 e0       	ldi	r18, 0x00	; 0
    15ec:	30 e0       	ldi	r19, 0x00	; 0
    15ee:	40 e2       	ldi	r20, 0x20	; 32
    15f0:	51 e4       	ldi	r21, 0x41	; 65
    15f2:	0e 94 1f 02 	call	0x43e	; 0x43e <__mulsf3>
    15f6:	dc 01       	movw	r26, r24
    15f8:	cb 01       	movw	r24, r22
    15fa:	bc 01       	movw	r22, r24
    15fc:	cd 01       	movw	r24, r26
    15fe:	0e 94 49 00 	call	0x92	; 0x92 <__fixunssfsi>
    1602:	dc 01       	movw	r26, r24
    1604:	cb 01       	movw	r24, r22
    1606:	9e 83       	std	Y+6, r25	; 0x06
    1608:	8d 83       	std	Y+5, r24	; 0x05
    160a:	0f c0       	rjmp	.+30     	; 0x162a <StoreThePasswordInEEPROM+0xf6>
    160c:	88 ec       	ldi	r24, 0xC8	; 200
    160e:	90 e0       	ldi	r25, 0x00	; 0
    1610:	9c 83       	std	Y+4, r25	; 0x04
    1612:	8b 83       	std	Y+3, r24	; 0x03
    milliseconds can be achieved.
 */
void
_delay_loop_2(uint16_t __count)
{
	__asm__ volatile (
    1614:	8b 81       	ldd	r24, Y+3	; 0x03
    1616:	9c 81       	ldd	r25, Y+4	; 0x04
    1618:	01 97       	sbiw	r24, 0x01	; 1
    161a:	f1 f7       	brne	.-4      	; 0x1618 <StoreThePasswordInEEPROM+0xe4>
    161c:	9c 83       	std	Y+4, r25	; 0x04
    161e:	8b 83       	std	Y+3, r24	; 0x03
		while(__ticks)
		{
			// wait 1/10 ms
			_delay_loop_2(((F_CPU) / 4e3) / 10);
			__ticks --;
    1620:	8d 81       	ldd	r24, Y+5	; 0x05
    1622:	9e 81       	ldd	r25, Y+6	; 0x06
    1624:	01 97       	sbiw	r24, 0x01	; 1
    1626:	9e 83       	std	Y+6, r25	; 0x06
    1628:	8d 83       	std	Y+5, r24	; 0x05
		__ticks = 1;
	else if (__tmp > 65535)
	{
		//	__ticks = requested delay in 1/10 ms
		__ticks = (uint16_t) (__ms * 10.0);
		while(__ticks)
    162a:	8d 81       	ldd	r24, Y+5	; 0x05
    162c:	9e 81       	ldd	r25, Y+6	; 0x06
    162e:	00 97       	sbiw	r24, 0x00	; 0
    1630:	69 f7       	brne	.-38     	; 0x160c <StoreThePasswordInEEPROM+0xd8>
    1632:	14 c0       	rjmp	.+40     	; 0x165c <StoreThePasswordInEEPROM+0x128>
			__ticks --;
		}
		return;
	}
	else
		__ticks = (uint16_t)__tmp;
    1634:	6f 81       	ldd	r22, Y+7	; 0x07
    1636:	78 85       	ldd	r23, Y+8	; 0x08
    1638:	89 85       	ldd	r24, Y+9	; 0x09
    163a:	9a 85       	ldd	r25, Y+10	; 0x0a
    163c:	0e 94 49 00 	call	0x92	; 0x92 <__fixunssfsi>
    1640:	dc 01       	movw	r26, r24
    1642:	cb 01       	movw	r24, r22
    1644:	9e 83       	std	Y+6, r25	; 0x06
    1646:	8d 83       	std	Y+5, r24	; 0x05
    1648:	8d 81       	ldd	r24, Y+5	; 0x05
    164a:	9e 81       	ldd	r25, Y+6	; 0x06
    164c:	9a 83       	std	Y+2, r25	; 0x02
    164e:	89 83       	std	Y+1, r24	; 0x01
    1650:	89 81       	ldd	r24, Y+1	; 0x01
    1652:	9a 81       	ldd	r25, Y+2	; 0x02
    1654:	01 97       	sbiw	r24, 0x01	; 1
    1656:	f1 f7       	brne	.-4      	; 0x1654 <StoreThePasswordInEEPROM+0x120>
    1658:	9a 83       	std	Y+2, r25	; 0x02
    165a:	89 83       	std	Y+1, r24	; 0x01
 *******************************************************************************/

void StoreThePasswordInEEPROM(uint8 *pw)
{
	uint8 i=0;
	for(i=0;i<=4;i++)
    165c:	8f 85       	ldd	r24, Y+15	; 0x0f
    165e:	8f 5f       	subi	r24, 0xFF	; 255
    1660:	8f 87       	std	Y+15, r24	; 0x0f
    1662:	8f 85       	ldd	r24, Y+15	; 0x0f
    1664:	85 30       	cpi	r24, 0x05	; 5
    1666:	08 f4       	brcc	.+2      	; 0x166a <StoreThePasswordInEEPROM+0x136>
    1668:	74 cf       	rjmp	.-280    	; 0x1552 <StoreThePasswordInEEPROM+0x1e>
	{
		EEPROM_writeByte(EEPROM_ADDRESS+i, pw[i]); /* Write 0x0F in the external EEPROM */
		_delay_ms(10);
	}
}
    166a:	61 96       	adiw	r28, 0x11	; 17
    166c:	0f b6       	in	r0, 0x3f	; 63
    166e:	f8 94       	cli
    1670:	de bf       	out	0x3e, r29	; 62
    1672:	0f be       	out	0x3f, r0	; 63
    1674:	cd bf       	out	0x3d, r28	; 61
    1676:	cf 91       	pop	r28
    1678:	df 91       	pop	r29
    167a:	08 95       	ret

0000167c <ComparePasswordAndEEPROM>:

uint8 ComparePasswordAndEEPROM(uint8 *pw)
{
    167c:	df 93       	push	r29
    167e:	cf 93       	push	r28
    1680:	cd b7       	in	r28, 0x3d	; 61
    1682:	de b7       	in	r29, 0x3e	; 62
    1684:	63 97       	sbiw	r28, 0x13	; 19
    1686:	0f b6       	in	r0, 0x3f	; 63
    1688:	f8 94       	cli
    168a:	de bf       	out	0x3e, r29	; 62
    168c:	0f be       	out	0x3f, r0	; 63
    168e:	cd bf       	out	0x3d, r28	; 61
    1690:	9a 8b       	std	Y+18, r25	; 0x12
    1692:	89 8b       	std	Y+17, r24	; 0x11
	uint8 i=0;
    1694:	1f 86       	std	Y+15, r1	; 0x0f
	uint8 EEval=0;
    1696:	18 8a       	std	Y+16, r1	; 0x10
	for(i=0;i<=4;i++)
    1698:	1f 86       	std	Y+15, r1	; 0x0f
    169a:	8e c0       	rjmp	.+284    	; 0x17b8 <ComparePasswordAndEEPROM+0x13c>
	{
		EEPROM_readByte(EEPROM_ADDRESS+i, &EEval);
    169c:	8f 85       	ldd	r24, Y+15	; 0x0f
    169e:	88 2f       	mov	r24, r24
    16a0:	90 e0       	ldi	r25, 0x00	; 0
    16a2:	80 50       	subi	r24, 0x00	; 0
    16a4:	9f 4f       	sbci	r25, 0xFF	; 255
    16a6:	9e 01       	movw	r18, r28
    16a8:	20 5f       	subi	r18, 0xF0	; 240
    16aa:	3f 4f       	sbci	r19, 0xFF	; 255
    16ac:	b9 01       	movw	r22, r18
    16ae:	0e 94 93 06 	call	0xd26	; 0xd26 <EEPROM_readByte>
    16b2:	80 e0       	ldi	r24, 0x00	; 0
    16b4:	90 e0       	ldi	r25, 0x00	; 0
    16b6:	a0 e2       	ldi	r26, 0x20	; 32
    16b8:	b1 e4       	ldi	r27, 0x41	; 65
    16ba:	8b 87       	std	Y+11, r24	; 0x0b
    16bc:	9c 87       	std	Y+12, r25	; 0x0c
    16be:	ad 87       	std	Y+13, r26	; 0x0d
    16c0:	be 87       	std	Y+14, r27	; 0x0e
 */
void
_delay_ms(double __ms)
{
	uint16_t __ticks;
	double __tmp = ((F_CPU) / 4e3) * __ms;
    16c2:	6b 85       	ldd	r22, Y+11	; 0x0b
    16c4:	7c 85       	ldd	r23, Y+12	; 0x0c
    16c6:	8d 85       	ldd	r24, Y+13	; 0x0d
    16c8:	9e 85       	ldd	r25, Y+14	; 0x0e
    16ca:	20 e0       	ldi	r18, 0x00	; 0
    16cc:	30 e0       	ldi	r19, 0x00	; 0
    16ce:	4a ef       	ldi	r20, 0xFA	; 250
    16d0:	54 e4       	ldi	r21, 0x44	; 68
    16d2:	0e 94 1f 02 	call	0x43e	; 0x43e <__mulsf3>
    16d6:	dc 01       	movw	r26, r24
    16d8:	cb 01       	movw	r24, r22
    16da:	8f 83       	std	Y+7, r24	; 0x07
    16dc:	98 87       	std	Y+8, r25	; 0x08
    16de:	a9 87       	std	Y+9, r26	; 0x09
    16e0:	ba 87       	std	Y+10, r27	; 0x0a
	if (__tmp < 1.0)
    16e2:	6f 81       	ldd	r22, Y+7	; 0x07
    16e4:	78 85       	ldd	r23, Y+8	; 0x08
    16e6:	89 85       	ldd	r24, Y+9	; 0x09
    16e8:	9a 85       	ldd	r25, Y+10	; 0x0a
    16ea:	20 e0       	ldi	r18, 0x00	; 0
    16ec:	30 e0       	ldi	r19, 0x00	; 0
    16ee:	40 e8       	ldi	r20, 0x80	; 128
    16f0:	5f e3       	ldi	r21, 0x3F	; 63
    16f2:	0e 94 79 03 	call	0x6f2	; 0x6f2 <__ltsf2>
    16f6:	88 23       	and	r24, r24
    16f8:	2c f4       	brge	.+10     	; 0x1704 <ComparePasswordAndEEPROM+0x88>
		__ticks = 1;
    16fa:	81 e0       	ldi	r24, 0x01	; 1
    16fc:	90 e0       	ldi	r25, 0x00	; 0
    16fe:	9e 83       	std	Y+6, r25	; 0x06
    1700:	8d 83       	std	Y+5, r24	; 0x05
    1702:	3f c0       	rjmp	.+126    	; 0x1782 <ComparePasswordAndEEPROM+0x106>
	else if (__tmp > 65535)
    1704:	6f 81       	ldd	r22, Y+7	; 0x07
    1706:	78 85       	ldd	r23, Y+8	; 0x08
    1708:	89 85       	ldd	r24, Y+9	; 0x09
    170a:	9a 85       	ldd	r25, Y+10	; 0x0a
    170c:	20 e0       	ldi	r18, 0x00	; 0
    170e:	3f ef       	ldi	r19, 0xFF	; 255
    1710:	4f e7       	ldi	r20, 0x7F	; 127
    1712:	57 e4       	ldi	r21, 0x47	; 71
    1714:	0e 94 19 03 	call	0x632	; 0x632 <__gtsf2>
    1718:	18 16       	cp	r1, r24
    171a:	4c f5       	brge	.+82     	; 0x176e <ComparePasswordAndEEPROM+0xf2>
	{
		//	__ticks = requested delay in 1/10 ms
		__ticks = (uint16_t) (__ms * 10.0);
    171c:	6b 85       	ldd	r22, Y+11	; 0x0b
    171e:	7c 85       	ldd	r23, Y+12	; 0x0c
    1720:	8d 85       	ldd	r24, Y+13	; 0x0d
    1722:	9e 85       	ldd	r25, Y+14	; 0x0e
    1724:	20 e0       	ldi	r18, 0x00	; 0
    1726:	30 e0       	ldi	r19, 0x00	; 0
    1728:	40 e2       	ldi	r20, 0x20	; 32
    172a:	51 e4       	ldi	r21, 0x41	; 65
    172c:	0e 94 1f 02 	call	0x43e	; 0x43e <__mulsf3>
    1730:	dc 01       	movw	r26, r24
    1732:	cb 01       	movw	r24, r22
    1734:	bc 01       	movw	r22, r24
    1736:	cd 01       	movw	r24, r26
    1738:	0e 94 49 00 	call	0x92	; 0x92 <__fixunssfsi>
    173c:	dc 01       	movw	r26, r24
    173e:	cb 01       	movw	r24, r22
    1740:	9e 83       	std	Y+6, r25	; 0x06
    1742:	8d 83       	std	Y+5, r24	; 0x05
    1744:	0f c0       	rjmp	.+30     	; 0x1764 <ComparePasswordAndEEPROM+0xe8>
    1746:	88 ec       	ldi	r24, 0xC8	; 200
    1748:	90 e0       	ldi	r25, 0x00	; 0
    174a:	9c 83       	std	Y+4, r25	; 0x04
    174c:	8b 83       	std	Y+3, r24	; 0x03
    174e:	8b 81       	ldd	r24, Y+3	; 0x03
    1750:	9c 81       	ldd	r25, Y+4	; 0x04
    1752:	01 97       	sbiw	r24, 0x01	; 1
    1754:	f1 f7       	brne	.-4      	; 0x1752 <ComparePasswordAndEEPROM+0xd6>
    1756:	9c 83       	std	Y+4, r25	; 0x04
    1758:	8b 83       	std	Y+3, r24	; 0x03
		while(__ticks)
		{
			// wait 1/10 ms
			_delay_loop_2(((F_CPU) / 4e3) / 10);
			__ticks --;
    175a:	8d 81       	ldd	r24, Y+5	; 0x05
    175c:	9e 81       	ldd	r25, Y+6	; 0x06
    175e:	01 97       	sbiw	r24, 0x01	; 1
    1760:	9e 83       	std	Y+6, r25	; 0x06
    1762:	8d 83       	std	Y+5, r24	; 0x05
		__ticks = 1;
	else if (__tmp > 65535)
	{
		//	__ticks = requested delay in 1/10 ms
		__ticks = (uint16_t) (__ms * 10.0);
		while(__ticks)
    1764:	8d 81       	ldd	r24, Y+5	; 0x05
    1766:	9e 81       	ldd	r25, Y+6	; 0x06
    1768:	00 97       	sbiw	r24, 0x00	; 0
    176a:	69 f7       	brne	.-38     	; 0x1746 <ComparePasswordAndEEPROM+0xca>
    176c:	14 c0       	rjmp	.+40     	; 0x1796 <ComparePasswordAndEEPROM+0x11a>
			__ticks --;
		}
		return;
	}
	else
		__ticks = (uint16_t)__tmp;
    176e:	6f 81       	ldd	r22, Y+7	; 0x07
    1770:	78 85       	ldd	r23, Y+8	; 0x08
    1772:	89 85       	ldd	r24, Y+9	; 0x09
    1774:	9a 85       	ldd	r25, Y+10	; 0x0a
    1776:	0e 94 49 00 	call	0x92	; 0x92 <__fixunssfsi>
    177a:	dc 01       	movw	r26, r24
    177c:	cb 01       	movw	r24, r22
    177e:	9e 83       	std	Y+6, r25	; 0x06
    1780:	8d 83       	std	Y+5, r24	; 0x05
    1782:	8d 81       	ldd	r24, Y+5	; 0x05
    1784:	9e 81       	ldd	r25, Y+6	; 0x06
    1786:	9a 83       	std	Y+2, r25	; 0x02
    1788:	89 83       	std	Y+1, r24	; 0x01
    178a:	89 81       	ldd	r24, Y+1	; 0x01
    178c:	9a 81       	ldd	r25, Y+2	; 0x02
    178e:	01 97       	sbiw	r24, 0x01	; 1
    1790:	f1 f7       	brne	.-4      	; 0x178e <ComparePasswordAndEEPROM+0x112>
    1792:	9a 83       	std	Y+2, r25	; 0x02
    1794:	89 83       	std	Y+1, r24	; 0x01
		_delay_ms(10);
		if(pw[i] != EEval)
    1796:	8f 85       	ldd	r24, Y+15	; 0x0f
    1798:	28 2f       	mov	r18, r24
    179a:	30 e0       	ldi	r19, 0x00	; 0
    179c:	89 89       	ldd	r24, Y+17	; 0x11
    179e:	9a 89       	ldd	r25, Y+18	; 0x12
    17a0:	fc 01       	movw	r30, r24
    17a2:	e2 0f       	add	r30, r18
    17a4:	f3 1f       	adc	r31, r19
    17a6:	90 81       	ld	r25, Z
    17a8:	88 89       	ldd	r24, Y+16	; 0x10
    17aa:	98 17       	cp	r25, r24
    17ac:	11 f0       	breq	.+4      	; 0x17b2 <ComparePasswordAndEEPROM+0x136>
		{
			return 0;
    17ae:	1b 8a       	std	Y+19, r1	; 0x13
    17b0:	09 c0       	rjmp	.+18     	; 0x17c4 <ComparePasswordAndEEPROM+0x148>

uint8 ComparePasswordAndEEPROM(uint8 *pw)
{
	uint8 i=0;
	uint8 EEval=0;
	for(i=0;i<=4;i++)
    17b2:	8f 85       	ldd	r24, Y+15	; 0x0f
    17b4:	8f 5f       	subi	r24, 0xFF	; 255
    17b6:	8f 87       	std	Y+15, r24	; 0x0f
    17b8:	8f 85       	ldd	r24, Y+15	; 0x0f
    17ba:	85 30       	cpi	r24, 0x05	; 5
    17bc:	08 f4       	brcc	.+2      	; 0x17c0 <ComparePasswordAndEEPROM+0x144>
    17be:	6e cf       	rjmp	.-292    	; 0x169c <ComparePasswordAndEEPROM+0x20>
		if(pw[i] != EEval)
		{
			return 0;
		}
	}
	return 1;
    17c0:	81 e0       	ldi	r24, 0x01	; 1
    17c2:	8b 8b       	std	Y+19, r24	; 0x13
    17c4:	8b 89       	ldd	r24, Y+19	; 0x13
}
    17c6:	63 96       	adiw	r28, 0x13	; 19
    17c8:	0f b6       	in	r0, 0x3f	; 63
    17ca:	f8 94       	cli
    17cc:	de bf       	out	0x3e, r29	; 62
    17ce:	0f be       	out	0x3f, r0	; 63
    17d0:	cd bf       	out	0x3d, r28	; 61
    17d2:	cf 91       	pop	r28
    17d4:	df 91       	pop	r29
    17d6:	08 95       	ret

000017d8 <CheckTwoPassWords>:

void CheckTwoPassWords(uint8 pw1[],uint8 pw2[])
{
    17d8:	df 93       	push	r29
    17da:	cf 93       	push	r28
    17dc:	00 d0       	rcall	.+0      	; 0x17de <CheckTwoPassWords+0x6>
    17de:	00 d0       	rcall	.+0      	; 0x17e0 <CheckTwoPassWords+0x8>
    17e0:	0f 92       	push	r0
    17e2:	cd b7       	in	r28, 0x3d	; 61
    17e4:	de b7       	in	r29, 0x3e	; 62
    17e6:	9b 83       	std	Y+3, r25	; 0x03
    17e8:	8a 83       	std	Y+2, r24	; 0x02
    17ea:	7d 83       	std	Y+5, r23	; 0x05
    17ec:	6c 83       	std	Y+4, r22	; 0x04
	uint8 i=0;
    17ee:	19 82       	std	Y+1, r1	; 0x01
	for(i=0;i<=4;i++)
    17f0:	19 82       	std	Y+1, r1	; 0x01
    17f2:	1a c0       	rjmp	.+52     	; 0x1828 <CheckTwoPassWords+0x50>
	{
		if(pw1[i]!=pw2[i])
    17f4:	89 81       	ldd	r24, Y+1	; 0x01
    17f6:	28 2f       	mov	r18, r24
    17f8:	30 e0       	ldi	r19, 0x00	; 0
    17fa:	8a 81       	ldd	r24, Y+2	; 0x02
    17fc:	9b 81       	ldd	r25, Y+3	; 0x03
    17fe:	fc 01       	movw	r30, r24
    1800:	e2 0f       	add	r30, r18
    1802:	f3 1f       	adc	r31, r19
    1804:	40 81       	ld	r20, Z
    1806:	89 81       	ldd	r24, Y+1	; 0x01
    1808:	28 2f       	mov	r18, r24
    180a:	30 e0       	ldi	r19, 0x00	; 0
    180c:	8c 81       	ldd	r24, Y+4	; 0x04
    180e:	9d 81       	ldd	r25, Y+5	; 0x05
    1810:	fc 01       	movw	r30, r24
    1812:	e2 0f       	add	r30, r18
    1814:	f3 1f       	adc	r31, r19
    1816:	80 81       	ld	r24, Z
    1818:	48 17       	cp	r20, r24
    181a:	19 f0       	breq	.+6      	; 0x1822 <CheckTwoPassWords+0x4a>
		{
			Error_flag=1;
    181c:	81 e0       	ldi	r24, 0x01	; 1
    181e:	80 93 7c 00 	sts	0x007C, r24
}

void CheckTwoPassWords(uint8 pw1[],uint8 pw2[])
{
	uint8 i=0;
	for(i=0;i<=4;i++)
    1822:	89 81       	ldd	r24, Y+1	; 0x01
    1824:	8f 5f       	subi	r24, 0xFF	; 255
    1826:	89 83       	std	Y+1, r24	; 0x01
    1828:	89 81       	ldd	r24, Y+1	; 0x01
    182a:	85 30       	cpi	r24, 0x05	; 5
    182c:	18 f3       	brcs	.-58     	; 0x17f4 <CheckTwoPassWords+0x1c>
		if(pw1[i]!=pw2[i])
		{
			Error_flag=1;
		}
	}
}
    182e:	0f 90       	pop	r0
    1830:	0f 90       	pop	r0
    1832:	0f 90       	pop	r0
    1834:	0f 90       	pop	r0
    1836:	0f 90       	pop	r0
    1838:	cf 91       	pop	r28
    183a:	df 91       	pop	r29
    183c:	08 95       	ret

0000183e <OpenDoor>:

void OpenDoor()
{
    183e:	df 93       	push	r29
    1840:	cf 93       	push	r28
    1842:	cd b7       	in	r28, 0x3d	; 61
    1844:	de b7       	in	r29, 0x3e	; 62
    1846:	2b 97       	sbiw	r28, 0x0b	; 11
    1848:	0f b6       	in	r0, 0x3f	; 63
    184a:	f8 94       	cli
    184c:	de bf       	out	0x3e, r29	; 62
    184e:	0f be       	out	0x3f, r0	; 63
    1850:	cd bf       	out	0x3d, r28	; 61
	SET_BIT(SREG,7);
    1852:	af e5       	ldi	r26, 0x5F	; 95
    1854:	b0 e0       	ldi	r27, 0x00	; 0
    1856:	ef e5       	ldi	r30, 0x5F	; 95
    1858:	f0 e0       	ldi	r31, 0x00	; 0
    185a:	80 81       	ld	r24, Z
    185c:	80 68       	ori	r24, 0x80	; 128
    185e:	8c 93       	st	X, r24

	Timer1_ConfigType configs={0,31250,F_CPU_256,COMPARE};
    1860:	ce 01       	movw	r24, r28
    1862:	01 96       	adiw	r24, 0x01	; 1
    1864:	98 87       	std	Y+8, r25	; 0x08
    1866:	8f 83       	std	Y+7, r24	; 0x07
    1868:	e9 e6       	ldi	r30, 0x69	; 105
    186a:	f0 e0       	ldi	r31, 0x00	; 0
    186c:	fa 87       	std	Y+10, r31	; 0x0a
    186e:	e9 87       	std	Y+9, r30	; 0x09
    1870:	f6 e0       	ldi	r31, 0x06	; 6
    1872:	fb 87       	std	Y+11, r31	; 0x0b
    1874:	e9 85       	ldd	r30, Y+9	; 0x09
    1876:	fa 85       	ldd	r31, Y+10	; 0x0a
    1878:	00 80       	ld	r0, Z
    187a:	89 85       	ldd	r24, Y+9	; 0x09
    187c:	9a 85       	ldd	r25, Y+10	; 0x0a
    187e:	01 96       	adiw	r24, 0x01	; 1
    1880:	9a 87       	std	Y+10, r25	; 0x0a
    1882:	89 87       	std	Y+9, r24	; 0x09
    1884:	ef 81       	ldd	r30, Y+7	; 0x07
    1886:	f8 85       	ldd	r31, Y+8	; 0x08
    1888:	00 82       	st	Z, r0
    188a:	8f 81       	ldd	r24, Y+7	; 0x07
    188c:	98 85       	ldd	r25, Y+8	; 0x08
    188e:	01 96       	adiw	r24, 0x01	; 1
    1890:	98 87       	std	Y+8, r25	; 0x08
    1892:	8f 83       	std	Y+7, r24	; 0x07
    1894:	9b 85       	ldd	r25, Y+11	; 0x0b
    1896:	91 50       	subi	r25, 0x01	; 1
    1898:	9b 87       	std	Y+11, r25	; 0x0b
    189a:	eb 85       	ldd	r30, Y+11	; 0x0b
    189c:	ee 23       	and	r30, r30
    189e:	51 f7       	brne	.-44     	; 0x1874 <OpenDoor+0x36>
	TIMER1_init(&configs);
    18a0:	ce 01       	movw	r24, r28
    18a2:	01 96       	adiw	r24, 0x01	; 1
    18a4:	0e 94 0c 0e 	call	0x1c18	; 0x1c18 <TIMER1_init>

	TIMER1_setCallBack(FunToTimer_Door);
    18a8:	8a e3       	ldi	r24, 0x3A	; 58
    18aa:	9a e0       	ldi	r25, 0x0A	; 10
    18ac:	0e 94 8f 0e 	call	0x1d1e	; 0x1d1e <TIMER1_setCallBack>
}
    18b0:	2b 96       	adiw	r28, 0x0b	; 11
    18b2:	0f b6       	in	r0, 0x3f	; 63
    18b4:	f8 94       	cli
    18b6:	de bf       	out	0x3e, r29	; 62
    18b8:	0f be       	out	0x3f, r0	; 63
    18ba:	cd bf       	out	0x3d, r28	; 61
    18bc:	cf 91       	pop	r28
    18be:	df 91       	pop	r29
    18c0:	08 95       	ret

000018c2 <ChengePassWord>:

void ChengePassWord()
{
    18c2:	df 93       	push	r29
    18c4:	cf 93       	push	r28
    18c6:	0f 92       	push	r0
    18c8:	cd b7       	in	r28, 0x3d	; 61
    18ca:	de b7       	in	r29, 0x3e	; 62
	while(1)
	{
		UART_sendByte(READY_TO_RECEIVE);
    18cc:	82 e0       	ldi	r24, 0x02	; 2
    18ce:	0e 94 ec 0f 	call	0x1fd8	; 0x1fd8 <UART_sendByte>
		UART_receiveString(First_Password);
    18d2:	8d e8       	ldi	r24, 0x8D	; 141
    18d4:	90 e0       	ldi	r25, 0x00	; 0
    18d6:	0e 94 3b 10 	call	0x2076	; 0x2076 <UART_receiveString>

		UART_sendByte(READY_TO_RECEIVE);
    18da:	82 e0       	ldi	r24, 0x02	; 2
    18dc:	0e 94 ec 0f 	call	0x1fd8	; 0x1fd8 <UART_sendByte>
		UART_receiveString(Second_Password);
    18e0:	84 e9       	ldi	r24, 0x94	; 148
    18e2:	90 e0       	ldi	r25, 0x00	; 0
    18e4:	0e 94 3b 10 	call	0x2076	; 0x2076 <UART_receiveString>

		uint8 i=0;
    18e8:	19 82       	std	Y+1, r1	; 0x01
		for(i=0;i<=4;i++)
    18ea:	19 82       	std	Y+1, r1	; 0x01
    18ec:	16 c0       	rjmp	.+44     	; 0x191a <ChengePassWord+0x58>
		{
			if(First_Password[i]!=Second_Password[i])
    18ee:	89 81       	ldd	r24, Y+1	; 0x01
    18f0:	88 2f       	mov	r24, r24
    18f2:	90 e0       	ldi	r25, 0x00	; 0
    18f4:	fc 01       	movw	r30, r24
    18f6:	e3 57       	subi	r30, 0x73	; 115
    18f8:	ff 4f       	sbci	r31, 0xFF	; 255
    18fa:	20 81       	ld	r18, Z
    18fc:	89 81       	ldd	r24, Y+1	; 0x01
    18fe:	88 2f       	mov	r24, r24
    1900:	90 e0       	ldi	r25, 0x00	; 0
    1902:	fc 01       	movw	r30, r24
    1904:	ec 56       	subi	r30, 0x6C	; 108
    1906:	ff 4f       	sbci	r31, 0xFF	; 255
    1908:	80 81       	ld	r24, Z
    190a:	28 17       	cp	r18, r24
    190c:	19 f0       	breq	.+6      	; 0x1914 <ChengePassWord+0x52>
			{
				Error_flag_ChangePass=1;
    190e:	81 e0       	ldi	r24, 0x01	; 1
    1910:	80 93 7e 00 	sts	0x007E, r24

		UART_sendByte(READY_TO_RECEIVE);
		UART_receiveString(Second_Password);

		uint8 i=0;
		for(i=0;i<=4;i++)
    1914:	89 81       	ldd	r24, Y+1	; 0x01
    1916:	8f 5f       	subi	r24, 0xFF	; 255
    1918:	89 83       	std	Y+1, r24	; 0x01
    191a:	89 81       	ldd	r24, Y+1	; 0x01
    191c:	85 30       	cpi	r24, 0x05	; 5
    191e:	38 f3       	brcs	.-50     	; 0x18ee <ChengePassWord+0x2c>
				Error_flag_ChangePass=1;
			}
		}


		if(!Error_flag_ChangePass)
    1920:	80 91 7e 00 	lds	r24, 0x007E
    1924:	88 23       	and	r24, r24
    1926:	79 f4       	brne	.+30     	; 0x1946 <ChengePassWord+0x84>
		{
			while(UART_receiveByte() != READY_TO_RECEIVE);
    1928:	0e 94 03 10 	call	0x2006	; 0x2006 <UART_receiveByte>
    192c:	82 30       	cpi	r24, 0x02	; 2
    192e:	e1 f7       	brne	.-8      	; 0x1928 <ChengePassWord+0x66>
			UART_sendByte(MATCHED);
    1930:	89 e0       	ldi	r24, 0x09	; 9
    1932:	0e 94 ec 0f 	call	0x1fd8	; 0x1fd8 <UART_sendByte>

			StoreThePasswordInEEPROM(First_Password);
    1936:	8d e8       	ldi	r24, 0x8D	; 141
    1938:	90 e0       	ldi	r25, 0x00	; 0
    193a:	0e 94 9a 0a 	call	0x1534	; 0x1534 <StoreThePasswordInEEPROM>
			while(UART_receiveByte() != READY_TO_RECEIVE);
			UART_sendByte(UNMATCHED);
			Error_flag_ChangePass=0;
		}
	}
}
    193e:	0f 90       	pop	r0
    1940:	cf 91       	pop	r28
    1942:	df 91       	pop	r29
    1944:	08 95       	ret
			StoreThePasswordInEEPROM(First_Password);
			break;
		}
		else
		{
			while(UART_receiveByte() != READY_TO_RECEIVE);
    1946:	0e 94 03 10 	call	0x2006	; 0x2006 <UART_receiveByte>
    194a:	82 30       	cpi	r24, 0x02	; 2
    194c:	e1 f7       	brne	.-8      	; 0x1946 <ChengePassWord+0x84>
			UART_sendByte(UNMATCHED);
    194e:	87 e0       	ldi	r24, 0x07	; 7
    1950:	0e 94 ec 0f 	call	0x1fd8	; 0x1fd8 <UART_sendByte>
			Error_flag_ChangePass=0;
    1954:	10 92 7e 00 	sts	0x007E, r1
    1958:	b9 cf       	rjmp	.-142    	; 0x18cc <ChengePassWord+0xa>

0000195a <ThreeTimesError>:
		}
	}
}

void ThreeTimesError()
{
    195a:	df 93       	push	r29
    195c:	cf 93       	push	r28
    195e:	cd b7       	in	r28, 0x3d	; 61
    1960:	de b7       	in	r29, 0x3e	; 62
    1962:	2b 97       	sbiw	r28, 0x0b	; 11
    1964:	0f b6       	in	r0, 0x3f	; 63
    1966:	f8 94       	cli
    1968:	de bf       	out	0x3e, r29	; 62
    196a:	0f be       	out	0x3f, r0	; 63
    196c:	cd bf       	out	0x3d, r28	; 61
	while(UART_receiveByte() != READY_TO_RECEIVE);
    196e:	0e 94 03 10 	call	0x2006	; 0x2006 <UART_receiveByte>
    1972:	82 30       	cpi	r24, 0x02	; 2
    1974:	e1 f7       	brne	.-8      	; 0x196e <ThreeTimesError+0x14>
	UART_sendByte(UNMATCHED);
    1976:	87 e0       	ldi	r24, 0x07	; 7
    1978:	0e 94 ec 0f 	call	0x1fd8	; 0x1fd8 <UART_sendByte>
	wrong_counter++;
    197c:	80 91 82 00 	lds	r24, 0x0082
    1980:	8f 5f       	subi	r24, 0xFF	; 255
    1982:	80 93 82 00 	sts	0x0082, r24
	if(wrong_counter>2)
    1986:	80 91 82 00 	lds	r24, 0x0082
    198a:	83 30       	cpi	r24, 0x03	; 3
    198c:	c8 f1       	brcs	.+114    	; 0x1a00 <ThreeTimesError+0xa6>
	{
		SET_BIT(SREG,7);
    198e:	af e5       	ldi	r26, 0x5F	; 95
    1990:	b0 e0       	ldi	r27, 0x00	; 0
    1992:	ef e5       	ldi	r30, 0x5F	; 95
    1994:	f0 e0       	ldi	r31, 0x00	; 0
    1996:	80 81       	ld	r24, Z
    1998:	80 68       	ori	r24, 0x80	; 128
    199a:	8c 93       	st	X, r24

		Timer1_ConfigType configs={0,31250,F_CPU_256,COMPARE};
    199c:	ce 01       	movw	r24, r28
    199e:	01 96       	adiw	r24, 0x01	; 1
    19a0:	98 87       	std	Y+8, r25	; 0x08
    19a2:	8f 83       	std	Y+7, r24	; 0x07
    19a4:	ef e6       	ldi	r30, 0x6F	; 111
    19a6:	f0 e0       	ldi	r31, 0x00	; 0
    19a8:	fa 87       	std	Y+10, r31	; 0x0a
    19aa:	e9 87       	std	Y+9, r30	; 0x09
    19ac:	f6 e0       	ldi	r31, 0x06	; 6
    19ae:	fb 87       	std	Y+11, r31	; 0x0b
    19b0:	e9 85       	ldd	r30, Y+9	; 0x09
    19b2:	fa 85       	ldd	r31, Y+10	; 0x0a
    19b4:	00 80       	ld	r0, Z
    19b6:	89 85       	ldd	r24, Y+9	; 0x09
    19b8:	9a 85       	ldd	r25, Y+10	; 0x0a
    19ba:	01 96       	adiw	r24, 0x01	; 1
    19bc:	9a 87       	std	Y+10, r25	; 0x0a
    19be:	89 87       	std	Y+9, r24	; 0x09
    19c0:	ef 81       	ldd	r30, Y+7	; 0x07
    19c2:	f8 85       	ldd	r31, Y+8	; 0x08
    19c4:	00 82       	st	Z, r0
    19c6:	8f 81       	ldd	r24, Y+7	; 0x07
    19c8:	98 85       	ldd	r25, Y+8	; 0x08
    19ca:	01 96       	adiw	r24, 0x01	; 1
    19cc:	98 87       	std	Y+8, r25	; 0x08
    19ce:	8f 83       	std	Y+7, r24	; 0x07
    19d0:	9b 85       	ldd	r25, Y+11	; 0x0b
    19d2:	91 50       	subi	r25, 0x01	; 1
    19d4:	9b 87       	std	Y+11, r25	; 0x0b
    19d6:	eb 85       	ldd	r30, Y+11	; 0x0b
    19d8:	ee 23       	and	r30, r30
    19da:	51 f7       	brne	.-44     	; 0x19b0 <ThreeTimesError+0x56>
		TIMER1_init(&configs);
    19dc:	ce 01       	movw	r24, r28
    19de:	01 96       	adiw	r24, 0x01	; 1
    19e0:	0e 94 0c 0e 	call	0x1c18	; 0x1c18 <TIMER1_init>

		TIMER1_setCallBack(FunToTimer_3Errors);
    19e4:	81 e7       	ldi	r24, 0x71	; 113
    19e6:	9a e0       	ldi	r25, 0x0A	; 10
    19e8:	0e 94 8f 0e 	call	0x1d1e	; 0x1d1e <TIMER1_setCallBack>
		while( (ext_3errors_ISR_flag%2) != 0);
    19ec:	80 91 68 00 	lds	r24, 0x0068
    19f0:	88 2f       	mov	r24, r24
    19f2:	90 e0       	ldi	r25, 0x00	; 0
    19f4:	81 70       	andi	r24, 0x01	; 1
    19f6:	90 70       	andi	r25, 0x00	; 0
    19f8:	88 23       	and	r24, r24
    19fa:	c1 f7       	brne	.-16     	; 0x19ec <ThreeTimesError+0x92>
		wrong_counter=0;
    19fc:	10 92 82 00 	sts	0x0082, r1
	}
}
    1a00:	2b 96       	adiw	r28, 0x0b	; 11
    1a02:	0f b6       	in	r0, 0x3f	; 63
    1a04:	f8 94       	cli
    1a06:	de bf       	out	0x3e, r29	; 62
    1a08:	0f be       	out	0x3f, r0	; 63
    1a0a:	cd bf       	out	0x3d, r28	; 61
    1a0c:	cf 91       	pop	r28
    1a0e:	df 91       	pop	r29
    1a10:	08 95       	ret

00001a12 <main>:
/*******************************************************************************
 *                                Main Functions                               *
 *******************************************************************************/

int main(void)
{
    1a12:	df 93       	push	r29
    1a14:	cf 93       	push	r28
    1a16:	cd b7       	in	r28, 0x3d	; 61
    1a18:	de b7       	in	r29, 0x3e	; 62
    1a1a:	2f 97       	sbiw	r28, 0x0f	; 15
    1a1c:	0f b6       	in	r0, 0x3f	; 63
    1a1e:	f8 94       	cli
    1a20:	de bf       	out	0x3e, r29	; 62
    1a22:	0f be       	out	0x3f, r0	; 63
    1a24:	cd bf       	out	0x3d, r28	; 61
	UART_ConfigType configs={Bit_8,Disabled,OneStopBit,9600};	/* The configurations struct of the UART */
    1a26:	ce 01       	movw	r24, r28
    1a28:	02 96       	adiw	r24, 0x02	; 2
    1a2a:	9c 87       	std	Y+12, r25	; 0x0c
    1a2c:	8b 87       	std	Y+11, r24	; 0x0b
    1a2e:	e5 e7       	ldi	r30, 0x75	; 117
    1a30:	f0 e0       	ldi	r31, 0x00	; 0
    1a32:	fe 87       	std	Y+14, r31	; 0x0e
    1a34:	ed 87       	std	Y+13, r30	; 0x0d
    1a36:	f7 e0       	ldi	r31, 0x07	; 7
    1a38:	ff 87       	std	Y+15, r31	; 0x0f
    1a3a:	ed 85       	ldd	r30, Y+13	; 0x0d
    1a3c:	fe 85       	ldd	r31, Y+14	; 0x0e
    1a3e:	00 80       	ld	r0, Z
    1a40:	8d 85       	ldd	r24, Y+13	; 0x0d
    1a42:	9e 85       	ldd	r25, Y+14	; 0x0e
    1a44:	01 96       	adiw	r24, 0x01	; 1
    1a46:	9e 87       	std	Y+14, r25	; 0x0e
    1a48:	8d 87       	std	Y+13, r24	; 0x0d
    1a4a:	eb 85       	ldd	r30, Y+11	; 0x0b
    1a4c:	fc 85       	ldd	r31, Y+12	; 0x0c
    1a4e:	00 82       	st	Z, r0
    1a50:	8b 85       	ldd	r24, Y+11	; 0x0b
    1a52:	9c 85       	ldd	r25, Y+12	; 0x0c
    1a54:	01 96       	adiw	r24, 0x01	; 1
    1a56:	9c 87       	std	Y+12, r25	; 0x0c
    1a58:	8b 87       	std	Y+11, r24	; 0x0b
    1a5a:	9f 85       	ldd	r25, Y+15	; 0x0f
    1a5c:	91 50       	subi	r25, 0x01	; 1
    1a5e:	9f 87       	std	Y+15, r25	; 0x0f
    1a60:	ef 85       	ldd	r30, Y+15	; 0x0f
    1a62:	ee 23       	and	r30, r30
    1a64:	51 f7       	brne	.-44     	; 0x1a3a <main+0x28>
	UART_init(&configs);										/* Initialize the UART */
    1a66:	ce 01       	movw	r24, r28
    1a68:	02 96       	adiw	r24, 0x02	; 2
    1a6a:	0e 94 2e 0f 	call	0x1e5c	; 0x1e5c <UART_init>

	TWI_ConfigType configrations={0b00000010,Prescaler_1};		/* The configurations struct of the TWI */
    1a6e:	82 e0       	ldi	r24, 0x02	; 2
    1a70:	89 87       	std	Y+9, r24	; 0x09
    1a72:	1a 86       	std	Y+10, r1	; 0x0a
	TWI_init(&configrations);									/* Initialize the TWI */
    1a74:	ce 01       	movw	r24, r28
    1a76:	09 96       	adiw	r24, 0x09	; 9
    1a78:	0e 94 a1 0e 	call	0x1d42	; 0x1d42 <TWI_init>

	DCMOTOR_init();
    1a7c:	0e 94 0d 06 	call	0xc1a	; 0xc1a <DCMOTOR_init>
	BUZZER_init();
    1a80:	0e 94 a3 05 	call	0xb46	; 0xb46 <BUZZER_init>

	while(1)
	{
		UART_sendByte(READY_TO_RECEIVE);		/* Send to the HMI_ECU that you are ready to receive */
    1a84:	82 e0       	ldi	r24, 0x02	; 2
    1a86:	0e 94 ec 0f 	call	0x1fd8	; 0x1fd8 <UART_sendByte>
		UART_receiveString(First_Password);		/* Receive the first password */
    1a8a:	8d e8       	ldi	r24, 0x8D	; 141
    1a8c:	90 e0       	ldi	r25, 0x00	; 0
    1a8e:	0e 94 3b 10 	call	0x2076	; 0x2076 <UART_receiveString>

		UART_sendByte(READY_TO_RECEIVE);		/* Send to the HMI_ECU that you are ready to receive */
    1a92:	82 e0       	ldi	r24, 0x02	; 2
    1a94:	0e 94 ec 0f 	call	0x1fd8	; 0x1fd8 <UART_sendByte>
		UART_receiveString(Second_Password);	/* Receive the first password */
    1a98:	84 e9       	ldi	r24, 0x94	; 148
    1a9a:	90 e0       	ldi	r25, 0x00	; 0
    1a9c:	0e 94 3b 10 	call	0x2076	; 0x2076 <UART_receiveString>

		CheckTwoPassWords(First_Password, Second_Password);		/* Check the two passwords */
    1aa0:	8d e8       	ldi	r24, 0x8D	; 141
    1aa2:	90 e0       	ldi	r25, 0x00	; 0
    1aa4:	24 e9       	ldi	r18, 0x94	; 148
    1aa6:	30 e0       	ldi	r19, 0x00	; 0
    1aa8:	b9 01       	movw	r22, r18
    1aaa:	0e 94 ec 0b 	call	0x17d8	; 0x17d8 <CheckTwoPassWords>


		if(!Error_flag)										/* Based on the Checking function the Error_flag is changed */
    1aae:	80 91 7c 00 	lds	r24, 0x007C
    1ab2:	88 23       	and	r24, r24
    1ab4:	b9 f5       	brne	.+110    	; 0x1b24 <main+0x112>
		{													/* if the two received passwords are matched Go in */
			while(UART_receiveByte() != READY_TO_RECEIVE);  /* Wait till the C_ECU send that he is ready */
    1ab6:	0e 94 03 10 	call	0x2006	; 0x2006 <UART_receiveByte>
    1aba:	82 30       	cpi	r24, 0x02	; 2
    1abc:	e1 f7       	brne	.-8      	; 0x1ab6 <main+0xa4>
			UART_sendByte(MATCHED);							/* Send the feedback to HMI_ECU */
    1abe:	89 e0       	ldi	r24, 0x09	; 9
    1ac0:	0e 94 ec 0f 	call	0x1fd8	; 0x1fd8 <UART_sendByte>

			StoreThePasswordInEEPROM(First_Password);		/* Store one of the Passwords in the EEPROM */
    1ac4:	8d e8       	ldi	r24, 0x8D	; 141
    1ac6:	90 e0       	ldi	r25, 0x00	; 0
    1ac8:	0e 94 9a 0a 	call	0x1534	; 0x1534 <StoreThePasswordInEEPROM>

			while(1)
			{
				UART_sendByte(READY_TO_RECEIVE);			/* Send to the HMI_ECU that you are ready to receive */
    1acc:	82 e0       	ldi	r24, 0x02	; 2
    1ace:	0e 94 ec 0f 	call	0x1fd8	; 0x1fd8 <UART_sendByte>
				UART_receiveString(Operating_Password);		/* Receive the entered password to HMI_ECU */
    1ad2:	86 e8       	ldi	r24, 0x86	; 134
    1ad4:	90 e0       	ldi	r25, 0x00	; 0
    1ad6:	0e 94 3b 10 	call	0x2076	; 0x2076 <UART_receiveString>

				if(ComparePasswordAndEEPROM(Operating_Password) == 1)  /* Compare the password to the password stored in EEPROM */
    1ada:	86 e8       	ldi	r24, 0x86	; 134
    1adc:	90 e0       	ldi	r25, 0x00	; 0
    1ade:	0e 94 3e 0b 	call	0x167c	; 0x167c <ComparePasswordAndEEPROM>
    1ae2:	81 30       	cpi	r24, 0x01	; 1
    1ae4:	e1 f4       	brne	.+56     	; 0x1b1e <main+0x10c>
				{
					while(UART_receiveByte() != READY_TO_RECEIVE);		/* Wait till the HMI_ECU send that he is ready */
    1ae6:	0e 94 03 10 	call	0x2006	; 0x2006 <UART_receiveByte>
    1aea:	82 30       	cpi	r24, 0x02	; 2
    1aec:	e1 f7       	brne	.-8      	; 0x1ae6 <main+0xd4>
					UART_sendByte(MATCHED);								/* Send the feedback */
    1aee:	89 e0       	ldi	r24, 0x09	; 9
    1af0:	0e 94 ec 0f 	call	0x1fd8	; 0x1fd8 <UART_sendByte>

					UART_sendByte(READY_TO_RECEIVE);					/* Send that your are ready to receive the operation */
    1af4:	82 e0       	ldi	r24, 0x02	; 2
    1af6:	0e 94 ec 0f 	call	0x1fd8	; 0x1fd8 <UART_sendByte>
					operation=UART_receiveByte();						/* Receive the operation */
    1afa:	0e 94 03 10 	call	0x2006	; 0x2006 <UART_receiveByte>
    1afe:	80 93 7f 00 	sts	0x007F, r24

					if(operation==OPEN_DOOR)			/* If the received is Open Door */
    1b02:	80 91 7f 00 	lds	r24, 0x007F
    1b06:	80 31       	cpi	r24, 0x10	; 16
    1b08:	19 f4       	brne	.+6      	; 0x1b10 <main+0xfe>
					{
						OpenDoor();						/* Perform the OpenDoor routine */
    1b0a:	0e 94 1f 0c 	call	0x183e	; 0x183e <OpenDoor>
    1b0e:	de cf       	rjmp	.-68     	; 0x1acc <main+0xba>
					}
					else if(operation==CHANGE_PASSWORD) /* If the received is Open Door */
    1b10:	80 91 7f 00 	lds	r24, 0x007F
    1b14:	80 32       	cpi	r24, 0x20	; 32
    1b16:	d1 f6       	brne	.-76     	; 0x1acc <main+0xba>
					{
						ChengePassWord();				/* Perform the ChangePassWord routine */
    1b18:	0e 94 61 0c 	call	0x18c2	; 0x18c2 <ChengePassWord>
    1b1c:	d7 cf       	rjmp	.-82     	; 0x1acc <main+0xba>
					}

				}
				else					/* If the entered password does not match the EEPROM */
				{
					ThreeTimesError();	/* Perform the ThreeTimeError routine */
    1b1e:	0e 94 ad 0c 	call	0x195a	; 0x195a <ThreeTimesError>
    1b22:	d4 cf       	rjmp	.-88     	; 0x1acc <main+0xba>
				}
			}
		}
		else
		{
			while(UART_receiveByte() != READY_TO_RECEIVE);	/* Wait till the HMI_ECU send that he is ready */
    1b24:	0e 94 03 10 	call	0x2006	; 0x2006 <UART_receiveByte>
    1b28:	82 30       	cpi	r24, 0x02	; 2
    1b2a:	e1 f7       	brne	.-8      	; 0x1b24 <main+0x112>
			UART_sendByte(UNMATCHED);						/* Send that the initially two passwords are not matched */
    1b2c:	87 e0       	ldi	r24, 0x07	; 7
    1b2e:	0e 94 ec 0f 	call	0x1fd8	; 0x1fd8 <UART_sendByte>

			Error_flag=0;			/* Clear the Error_flag to use it in the check process in the next times */
    1b32:	10 92 7c 00 	sts	0x007C, r1

			for(uint8 i=0;i<=4;i++)
    1b36:	19 82       	std	Y+1, r1	; 0x01
    1b38:	11 c0       	rjmp	.+34     	; 0x1b5c <main+0x14a>
			{
				First_Password[i]=0; /* Clear the two passwords */
    1b3a:	89 81       	ldd	r24, Y+1	; 0x01
    1b3c:	88 2f       	mov	r24, r24
    1b3e:	90 e0       	ldi	r25, 0x00	; 0
    1b40:	fc 01       	movw	r30, r24
    1b42:	e3 57       	subi	r30, 0x73	; 115
    1b44:	ff 4f       	sbci	r31, 0xFF	; 255
    1b46:	10 82       	st	Z, r1
				Second_Password[i]=0;
    1b48:	89 81       	ldd	r24, Y+1	; 0x01
    1b4a:	88 2f       	mov	r24, r24
    1b4c:	90 e0       	ldi	r25, 0x00	; 0
    1b4e:	fc 01       	movw	r30, r24
    1b50:	ec 56       	subi	r30, 0x6C	; 108
    1b52:	ff 4f       	sbci	r31, 0xFF	; 255
    1b54:	10 82       	st	Z, r1
			while(UART_receiveByte() != READY_TO_RECEIVE);	/* Wait till the HMI_ECU send that he is ready */
			UART_sendByte(UNMATCHED);						/* Send that the initially two passwords are not matched */

			Error_flag=0;			/* Clear the Error_flag to use it in the check process in the next times */

			for(uint8 i=0;i<=4;i++)
    1b56:	89 81       	ldd	r24, Y+1	; 0x01
    1b58:	8f 5f       	subi	r24, 0xFF	; 255
    1b5a:	89 83       	std	Y+1, r24	; 0x01
    1b5c:	89 81       	ldd	r24, Y+1	; 0x01
    1b5e:	85 30       	cpi	r24, 0x05	; 5
    1b60:	60 f3       	brcs	.-40     	; 0x1b3a <main+0x128>
    1b62:	90 cf       	rjmp	.-224    	; 0x1a84 <main+0x72>

00001b64 <__vector_7>:

extern uint8 timer_tickes;
extern uint8 timer_flag;

ISR(TIMER1_COMPA_vect)
{
    1b64:	1f 92       	push	r1
    1b66:	0f 92       	push	r0
    1b68:	0f b6       	in	r0, 0x3f	; 63
    1b6a:	0f 92       	push	r0
    1b6c:	11 24       	eor	r1, r1
    1b6e:	2f 93       	push	r18
    1b70:	3f 93       	push	r19
    1b72:	4f 93       	push	r20
    1b74:	5f 93       	push	r21
    1b76:	6f 93       	push	r22
    1b78:	7f 93       	push	r23
    1b7a:	8f 93       	push	r24
    1b7c:	9f 93       	push	r25
    1b7e:	af 93       	push	r26
    1b80:	bf 93       	push	r27
    1b82:	ef 93       	push	r30
    1b84:	ff 93       	push	r31
    1b86:	df 93       	push	r29
    1b88:	cf 93       	push	r28
    1b8a:	cd b7       	in	r28, 0x3d	; 61
    1b8c:	de b7       	in	r29, 0x3e	; 62
	(*gptr)();
    1b8e:	e0 91 9b 00 	lds	r30, 0x009B
    1b92:	f0 91 9c 00 	lds	r31, 0x009C
    1b96:	09 95       	icall
	// Operate the upper layer function.
}
    1b98:	cf 91       	pop	r28
    1b9a:	df 91       	pop	r29
    1b9c:	ff 91       	pop	r31
    1b9e:	ef 91       	pop	r30
    1ba0:	bf 91       	pop	r27
    1ba2:	af 91       	pop	r26
    1ba4:	9f 91       	pop	r25
    1ba6:	8f 91       	pop	r24
    1ba8:	7f 91       	pop	r23
    1baa:	6f 91       	pop	r22
    1bac:	5f 91       	pop	r21
    1bae:	4f 91       	pop	r20
    1bb0:	3f 91       	pop	r19
    1bb2:	2f 91       	pop	r18
    1bb4:	0f 90       	pop	r0
    1bb6:	0f be       	out	0x3f, r0	; 63
    1bb8:	0f 90       	pop	r0
    1bba:	1f 90       	pop	r1
    1bbc:	18 95       	reti

00001bbe <__vector_9>:

ISR(TIMER1_OVF_vect)
{
    1bbe:	1f 92       	push	r1
    1bc0:	0f 92       	push	r0
    1bc2:	0f b6       	in	r0, 0x3f	; 63
    1bc4:	0f 92       	push	r0
    1bc6:	11 24       	eor	r1, r1
    1bc8:	2f 93       	push	r18
    1bca:	3f 93       	push	r19
    1bcc:	4f 93       	push	r20
    1bce:	5f 93       	push	r21
    1bd0:	6f 93       	push	r22
    1bd2:	7f 93       	push	r23
    1bd4:	8f 93       	push	r24
    1bd6:	9f 93       	push	r25
    1bd8:	af 93       	push	r26
    1bda:	bf 93       	push	r27
    1bdc:	ef 93       	push	r30
    1bde:	ff 93       	push	r31
    1be0:	df 93       	push	r29
    1be2:	cf 93       	push	r28
    1be4:	cd b7       	in	r28, 0x3d	; 61
    1be6:	de b7       	in	r29, 0x3e	; 62
	(*gptr)();
    1be8:	e0 91 9b 00 	lds	r30, 0x009B
    1bec:	f0 91 9c 00 	lds	r31, 0x009C
    1bf0:	09 95       	icall
	// Operate the upper layer function.
}
    1bf2:	cf 91       	pop	r28
    1bf4:	df 91       	pop	r29
    1bf6:	ff 91       	pop	r31
    1bf8:	ef 91       	pop	r30
    1bfa:	bf 91       	pop	r27
    1bfc:	af 91       	pop	r26
    1bfe:	9f 91       	pop	r25
    1c00:	8f 91       	pop	r24
    1c02:	7f 91       	pop	r23
    1c04:	6f 91       	pop	r22
    1c06:	5f 91       	pop	r21
    1c08:	4f 91       	pop	r20
    1c0a:	3f 91       	pop	r19
    1c0c:	2f 91       	pop	r18
    1c0e:	0f 90       	pop	r0
    1c10:	0f be       	out	0x3f, r0	; 63
    1c12:	0f 90       	pop	r0
    1c14:	1f 90       	pop	r1
    1c16:	18 95       	reti

00001c18 <TIMER1_init>:
/*******************************************************************************
 *                              Functions Definition                           *
 *******************************************************************************/

void TIMER1_init(Timer1_ConfigType* configs)
{
    1c18:	df 93       	push	r29
    1c1a:	cf 93       	push	r28
    1c1c:	00 d0       	rcall	.+0      	; 0x1c1e <TIMER1_init+0x6>
    1c1e:	cd b7       	in	r28, 0x3d	; 61
    1c20:	de b7       	in	r29, 0x3e	; 62
    1c22:	9a 83       	std	Y+2, r25	; 0x02
    1c24:	89 83       	std	Y+1, r24	; 0x01
	SET_BIT(TCCR1A,FOC1A); // Set this bit as long as no PWM.
    1c26:	af e4       	ldi	r26, 0x4F	; 79
    1c28:	b0 e0       	ldi	r27, 0x00	; 0
    1c2a:	ef e4       	ldi	r30, 0x4F	; 79
    1c2c:	f0 e0       	ldi	r31, 0x00	; 0
    1c2e:	80 81       	ld	r24, Z
    1c30:	88 60       	ori	r24, 0x08	; 8
    1c32:	8c 93       	st	X, r24
	SET_BIT(TCCR1A,FOC1B); // Set this bit as long as no PWM.
    1c34:	af e4       	ldi	r26, 0x4F	; 79
    1c36:	b0 e0       	ldi	r27, 0x00	; 0
    1c38:	ef e4       	ldi	r30, 0x4F	; 79
    1c3a:	f0 e0       	ldi	r31, 0x00	; 0
    1c3c:	80 81       	ld	r24, Z
    1c3e:	84 60       	ori	r24, 0x04	; 4
    1c40:	8c 93       	st	X, r24

	TCCR1B = (TCCR1B & 0xF7) | (configs->mode << 3);
    1c42:	ae e4       	ldi	r26, 0x4E	; 78
    1c44:	b0 e0       	ldi	r27, 0x00	; 0
    1c46:	ee e4       	ldi	r30, 0x4E	; 78
    1c48:	f0 e0       	ldi	r31, 0x00	; 0
    1c4a:	80 81       	ld	r24, Z
    1c4c:	28 2f       	mov	r18, r24
    1c4e:	27 7f       	andi	r18, 0xF7	; 247
    1c50:	e9 81       	ldd	r30, Y+1	; 0x01
    1c52:	fa 81       	ldd	r31, Y+2	; 0x02
    1c54:	85 81       	ldd	r24, Z+5	; 0x05
    1c56:	88 2f       	mov	r24, r24
    1c58:	90 e0       	ldi	r25, 0x00	; 0
    1c5a:	88 0f       	add	r24, r24
    1c5c:	99 1f       	adc	r25, r25
    1c5e:	88 0f       	add	r24, r24
    1c60:	99 1f       	adc	r25, r25
    1c62:	88 0f       	add	r24, r24
    1c64:	99 1f       	adc	r25, r25
    1c66:	82 2b       	or	r24, r18
    1c68:	8c 93       	st	X, r24
	// The WGM12 is the only difference between Overflow mode and Compare mode.

	TCCR1B = (TCCR1B & 0xF8) | (configs->prescaler);
    1c6a:	ae e4       	ldi	r26, 0x4E	; 78
    1c6c:	b0 e0       	ldi	r27, 0x00	; 0
    1c6e:	ee e4       	ldi	r30, 0x4E	; 78
    1c70:	f0 e0       	ldi	r31, 0x00	; 0
    1c72:	80 81       	ld	r24, Z
    1c74:	98 2f       	mov	r25, r24
    1c76:	98 7f       	andi	r25, 0xF8	; 248
    1c78:	e9 81       	ldd	r30, Y+1	; 0x01
    1c7a:	fa 81       	ldd	r31, Y+2	; 0x02
    1c7c:	84 81       	ldd	r24, Z+4	; 0x04
    1c7e:	89 2b       	or	r24, r25
    1c80:	8c 93       	st	X, r24
	// Put up the prescalar on CS10,CS11,CS12 bits.

	TCNT1 = configs->initial_vlaue; // Setup the initial value.
    1c82:	ac e4       	ldi	r26, 0x4C	; 76
    1c84:	b0 e0       	ldi	r27, 0x00	; 0
    1c86:	e9 81       	ldd	r30, Y+1	; 0x01
    1c88:	fa 81       	ldd	r31, Y+2	; 0x02
    1c8a:	80 81       	ld	r24, Z
    1c8c:	91 81       	ldd	r25, Z+1	; 0x01
    1c8e:	11 96       	adiw	r26, 0x01	; 1
    1c90:	9c 93       	st	X, r25
    1c92:	8e 93       	st	-X, r24
	OCR1A = configs->compare_value; // Setup the compare value.
    1c94:	aa e4       	ldi	r26, 0x4A	; 74
    1c96:	b0 e0       	ldi	r27, 0x00	; 0
    1c98:	e9 81       	ldd	r30, Y+1	; 0x01
    1c9a:	fa 81       	ldd	r31, Y+2	; 0x02
    1c9c:	82 81       	ldd	r24, Z+2	; 0x02
    1c9e:	93 81       	ldd	r25, Z+3	; 0x03
    1ca0:	11 96       	adiw	r26, 0x01	; 1
    1ca2:	9c 93       	st	X, r25
    1ca4:	8e 93       	st	-X, r24

	if(configs->mode == NORMAL)
    1ca6:	e9 81       	ldd	r30, Y+1	; 0x01
    1ca8:	fa 81       	ldd	r31, Y+2	; 0x02
    1caa:	85 81       	ldd	r24, Z+5	; 0x05
    1cac:	88 23       	and	r24, r24
    1cae:	41 f4       	brne	.+16     	; 0x1cc0 <TIMER1_init+0xa8>
	{
		SET_BIT(TIMSK,TOIE1);
    1cb0:	a9 e5       	ldi	r26, 0x59	; 89
    1cb2:	b0 e0       	ldi	r27, 0x00	; 0
    1cb4:	e9 e5       	ldi	r30, 0x59	; 89
    1cb6:	f0 e0       	ldi	r31, 0x00	; 0
    1cb8:	80 81       	ld	r24, Z
    1cba:	84 60       	ori	r24, 0x04	; 4
    1cbc:	8c 93       	st	X, r24
    1cbe:	07 c0       	rjmp	.+14     	; 0x1cce <TIMER1_init+0xb6>
		// if the normal mode is selected, Set the interrupt enable of the overflow mode.
	}
	else
	{
		SET_BIT(TIMSK,OCIE1A);
    1cc0:	a9 e5       	ldi	r26, 0x59	; 89
    1cc2:	b0 e0       	ldi	r27, 0x00	; 0
    1cc4:	e9 e5       	ldi	r30, 0x59	; 89
    1cc6:	f0 e0       	ldi	r31, 0x00	; 0
    1cc8:	80 81       	ld	r24, Z
    1cca:	80 61       	ori	r24, 0x10	; 16
    1ccc:	8c 93       	st	X, r24
		// if the compare mode is selected, Set the interrupt enable of the compare mode.
	}
}
    1cce:	0f 90       	pop	r0
    1cd0:	0f 90       	pop	r0
    1cd2:	cf 91       	pop	r28
    1cd4:	df 91       	pop	r29
    1cd6:	08 95       	ret

00001cd8 <TIMER1_deinit>:
void TIMER1_deinit()
{
    1cd8:	df 93       	push	r29
    1cda:	cf 93       	push	r28
    1cdc:	cd b7       	in	r28, 0x3d	; 61
    1cde:	de b7       	in	r29, 0x3e	; 62
	TCCR1A=0;
    1ce0:	ef e4       	ldi	r30, 0x4F	; 79
    1ce2:	f0 e0       	ldi	r31, 0x00	; 0
    1ce4:	10 82       	st	Z, r1
	TCCR1B=0;
    1ce6:	ee e4       	ldi	r30, 0x4E	; 78
    1ce8:	f0 e0       	ldi	r31, 0x00	; 0
    1cea:	10 82       	st	Z, r1

	TCNT1=0;
    1cec:	ec e4       	ldi	r30, 0x4C	; 76
    1cee:	f0 e0       	ldi	r31, 0x00	; 0
    1cf0:	11 82       	std	Z+1, r1	; 0x01
    1cf2:	10 82       	st	Z, r1
	OCR1A=0;
    1cf4:	ea e4       	ldi	r30, 0x4A	; 74
    1cf6:	f0 e0       	ldi	r31, 0x00	; 0
    1cf8:	11 82       	std	Z+1, r1	; 0x01
    1cfa:	10 82       	st	Z, r1

	CLEAR_BIT(TIMSK,TOIE1);
    1cfc:	a9 e5       	ldi	r26, 0x59	; 89
    1cfe:	b0 e0       	ldi	r27, 0x00	; 0
    1d00:	e9 e5       	ldi	r30, 0x59	; 89
    1d02:	f0 e0       	ldi	r31, 0x00	; 0
    1d04:	80 81       	ld	r24, Z
    1d06:	8b 7f       	andi	r24, 0xFB	; 251
    1d08:	8c 93       	st	X, r24
	//Regardless the mode, Clear the OVERFLOW interrupt enable.
	CLEAR_BIT(TIMSK,OCIE1A);
    1d0a:	a9 e5       	ldi	r26, 0x59	; 89
    1d0c:	b0 e0       	ldi	r27, 0x00	; 0
    1d0e:	e9 e5       	ldi	r30, 0x59	; 89
    1d10:	f0 e0       	ldi	r31, 0x00	; 0
    1d12:	80 81       	ld	r24, Z
    1d14:	8f 7e       	andi	r24, 0xEF	; 239
    1d16:	8c 93       	st	X, r24
	//Regardless the mode, Clear the COMPARE interrupt enable.
}
    1d18:	cf 91       	pop	r28
    1d1a:	df 91       	pop	r29
    1d1c:	08 95       	ret

00001d1e <TIMER1_setCallBack>:
void TIMER1_setCallBack(void(*ptr)())
{
    1d1e:	df 93       	push	r29
    1d20:	cf 93       	push	r28
    1d22:	00 d0       	rcall	.+0      	; 0x1d24 <TIMER1_setCallBack+0x6>
    1d24:	cd b7       	in	r28, 0x3d	; 61
    1d26:	de b7       	in	r29, 0x3e	; 62
    1d28:	9a 83       	std	Y+2, r25	; 0x02
    1d2a:	89 83       	std	Y+1, r24	; 0x01
	gptr = ptr;
    1d2c:	89 81       	ldd	r24, Y+1	; 0x01
    1d2e:	9a 81       	ldd	r25, Y+2	; 0x02
    1d30:	90 93 9c 00 	sts	0x009C, r25
    1d34:	80 93 9b 00 	sts	0x009B, r24
	// Make the global pointer points to the upper layer function.
}
    1d38:	0f 90       	pop	r0
    1d3a:	0f 90       	pop	r0
    1d3c:	cf 91       	pop	r28
    1d3e:	df 91       	pop	r29
    1d40:	08 95       	ret

00001d42 <TWI_init>:
#include "twi.h"
#include "common_macros.h"
#include <avr/io.h>

void TWI_init(TWI_ConfigType *configs)
{
    1d42:	df 93       	push	r29
    1d44:	cf 93       	push	r28
    1d46:	00 d0       	rcall	.+0      	; 0x1d48 <TWI_init+0x6>
    1d48:	cd b7       	in	r28, 0x3d	; 61
    1d4a:	de b7       	in	r29, 0x3e	; 62
    1d4c:	9a 83       	std	Y+2, r25	; 0x02
    1d4e:	89 83       	std	Y+1, r24	; 0x01
    /* Bit Rate: 400.000 kbps using zero pre-scaler TWPS=00 and F_CPU=8Mhz */
    TWBR = 0x02;
    1d50:	e0 e2       	ldi	r30, 0x20	; 32
    1d52:	f0 e0       	ldi	r31, 0x00	; 0
    1d54:	82 e0       	ldi	r24, 0x02	; 2
    1d56:	80 83       	st	Z, r24
    TWSR = (TWSR & 0xFC) | (configs->bit_rate);
    1d58:	a1 e2       	ldi	r26, 0x21	; 33
    1d5a:	b0 e0       	ldi	r27, 0x00	; 0
    1d5c:	e1 e2       	ldi	r30, 0x21	; 33
    1d5e:	f0 e0       	ldi	r31, 0x00	; 0
    1d60:	80 81       	ld	r24, Z
    1d62:	98 2f       	mov	r25, r24
    1d64:	9c 7f       	andi	r25, 0xFC	; 252
    1d66:	e9 81       	ldd	r30, Y+1	; 0x01
    1d68:	fa 81       	ldd	r31, Y+2	; 0x02
    1d6a:	81 81       	ldd	r24, Z+1	; 0x01
    1d6c:	89 2b       	or	r24, r25
    1d6e:	8c 93       	st	X, r24

    /* Two Wire Bus address my address if any master device want to call me: 0x1 (used in case this MC is a slave device)
       General Call Recognition: Off */
    TWAR = configs->address; // my address = 0x01 :)
    1d70:	a2 e2       	ldi	r26, 0x22	; 34
    1d72:	b0 e0       	ldi	r27, 0x00	; 0
    1d74:	e9 81       	ldd	r30, Y+1	; 0x01
    1d76:	fa 81       	ldd	r31, Y+2	; 0x02
    1d78:	80 81       	ld	r24, Z
    1d7a:	8c 93       	st	X, r24
	
    TWCR = (1<<TWEN); /* enable TWI */
    1d7c:	e6 e5       	ldi	r30, 0x56	; 86
    1d7e:	f0 e0       	ldi	r31, 0x00	; 0
    1d80:	84 e0       	ldi	r24, 0x04	; 4
    1d82:	80 83       	st	Z, r24
}
    1d84:	0f 90       	pop	r0
    1d86:	0f 90       	pop	r0
    1d88:	cf 91       	pop	r28
    1d8a:	df 91       	pop	r29
    1d8c:	08 95       	ret

00001d8e <TWI_start>:

void TWI_start(void)
{
    1d8e:	df 93       	push	r29
    1d90:	cf 93       	push	r28
    1d92:	cd b7       	in	r28, 0x3d	; 61
    1d94:	de b7       	in	r29, 0x3e	; 62
    /* 
	 * Clear the TWINT flag before sending the start bit TWINT=1
	 * send the start bit by TWSTA=1
	 * Enable TWI Module TWEN=1 
	 */
    TWCR = (1 << TWINT) | (1 << TWSTA) | (1 << TWEN);
    1d96:	e6 e5       	ldi	r30, 0x56	; 86
    1d98:	f0 e0       	ldi	r31, 0x00	; 0
    1d9a:	84 ea       	ldi	r24, 0xA4	; 164
    1d9c:	80 83       	st	Z, r24
    
    /* Wait for TWINT flag set in TWCR Register (start bit is send successfully) */
    while(BIT_IS_CLEAR(TWCR,TWINT));
    1d9e:	e6 e5       	ldi	r30, 0x56	; 86
    1da0:	f0 e0       	ldi	r31, 0x00	; 0
    1da2:	80 81       	ld	r24, Z
    1da4:	88 23       	and	r24, r24
    1da6:	dc f7       	brge	.-10     	; 0x1d9e <TWI_start+0x10>
}
    1da8:	cf 91       	pop	r28
    1daa:	df 91       	pop	r29
    1dac:	08 95       	ret

00001dae <TWI_stop>:

void TWI_stop(void)
{
    1dae:	df 93       	push	r29
    1db0:	cf 93       	push	r28
    1db2:	cd b7       	in	r28, 0x3d	; 61
    1db4:	de b7       	in	r29, 0x3e	; 62
    /* 
	 * Clear the TWINT flag before sending the stop bit TWINT=1
	 * send the stop bit by TWSTO=1
	 * Enable TWI Module TWEN=1 
	 */
    TWCR = (1 << TWINT) | (1 << TWSTO) | (1 << TWEN);
    1db6:	e6 e5       	ldi	r30, 0x56	; 86
    1db8:	f0 e0       	ldi	r31, 0x00	; 0
    1dba:	84 e9       	ldi	r24, 0x94	; 148
    1dbc:	80 83       	st	Z, r24
}
    1dbe:	cf 91       	pop	r28
    1dc0:	df 91       	pop	r29
    1dc2:	08 95       	ret

00001dc4 <TWI_writeByte>:

void TWI_writeByte(uint8 data)
{
    1dc4:	df 93       	push	r29
    1dc6:	cf 93       	push	r28
    1dc8:	0f 92       	push	r0
    1dca:	cd b7       	in	r28, 0x3d	; 61
    1dcc:	de b7       	in	r29, 0x3e	; 62
    1dce:	89 83       	std	Y+1, r24	; 0x01
    /* Put data On TWI data Register */
    TWDR = data;
    1dd0:	e3 e2       	ldi	r30, 0x23	; 35
    1dd2:	f0 e0       	ldi	r31, 0x00	; 0
    1dd4:	89 81       	ldd	r24, Y+1	; 0x01
    1dd6:	80 83       	st	Z, r24
    /* 
	 * Clear the TWINT flag before sending the data TWINT=1
	 * Enable TWI Module TWEN=1 
	 */ 
    TWCR = (1 << TWINT) | (1 << TWEN);
    1dd8:	e6 e5       	ldi	r30, 0x56	; 86
    1dda:	f0 e0       	ldi	r31, 0x00	; 0
    1ddc:	84 e8       	ldi	r24, 0x84	; 132
    1dde:	80 83       	st	Z, r24
    /* Wait for TWINT flag set in TWCR Register(data is send successfully) */
    while(BIT_IS_CLEAR(TWCR,TWINT));
    1de0:	e6 e5       	ldi	r30, 0x56	; 86
    1de2:	f0 e0       	ldi	r31, 0x00	; 0
    1de4:	80 81       	ld	r24, Z
    1de6:	88 23       	and	r24, r24
    1de8:	dc f7       	brge	.-10     	; 0x1de0 <TWI_writeByte+0x1c>
}
    1dea:	0f 90       	pop	r0
    1dec:	cf 91       	pop	r28
    1dee:	df 91       	pop	r29
    1df0:	08 95       	ret

00001df2 <TWI_readByteWithACK>:

uint8 TWI_readByteWithACK(void)
{
    1df2:	df 93       	push	r29
    1df4:	cf 93       	push	r28
    1df6:	cd b7       	in	r28, 0x3d	; 61
    1df8:	de b7       	in	r29, 0x3e	; 62
	/* 
	 * Clear the TWINT flag before reading the data TWINT=1
	 * Enable sending ACK after reading or receiving data TWEA=1
	 * Enable TWI Module TWEN=1 
	 */ 
    TWCR = (1 << TWINT) | (1 << TWEN) | (1 << TWEA);
    1dfa:	e6 e5       	ldi	r30, 0x56	; 86
    1dfc:	f0 e0       	ldi	r31, 0x00	; 0
    1dfe:	84 ec       	ldi	r24, 0xC4	; 196
    1e00:	80 83       	st	Z, r24
    /* Wait for TWINT flag set in TWCR Register (data received successfully) */
    while(BIT_IS_CLEAR(TWCR,TWINT));
    1e02:	e6 e5       	ldi	r30, 0x56	; 86
    1e04:	f0 e0       	ldi	r31, 0x00	; 0
    1e06:	80 81       	ld	r24, Z
    1e08:	88 23       	and	r24, r24
    1e0a:	dc f7       	brge	.-10     	; 0x1e02 <TWI_readByteWithACK+0x10>
    /* Read Data */
    return TWDR;
    1e0c:	e3 e2       	ldi	r30, 0x23	; 35
    1e0e:	f0 e0       	ldi	r31, 0x00	; 0
    1e10:	80 81       	ld	r24, Z
}
    1e12:	cf 91       	pop	r28
    1e14:	df 91       	pop	r29
    1e16:	08 95       	ret

00001e18 <TWI_readByteWithNACK>:

uint8 TWI_readByteWithNACK(void)
{
    1e18:	df 93       	push	r29
    1e1a:	cf 93       	push	r28
    1e1c:	cd b7       	in	r28, 0x3d	; 61
    1e1e:	de b7       	in	r29, 0x3e	; 62
	/* 
	 * Clear the TWINT flag before reading the data TWINT=1
	 * Enable TWI Module TWEN=1 
	 */
    TWCR = (1 << TWINT) | (1 << TWEN);
    1e20:	e6 e5       	ldi	r30, 0x56	; 86
    1e22:	f0 e0       	ldi	r31, 0x00	; 0
    1e24:	84 e8       	ldi	r24, 0x84	; 132
    1e26:	80 83       	st	Z, r24
    /* Wait for TWINT flag set in TWCR Register (data received successfully) */
    while(BIT_IS_CLEAR(TWCR,TWINT));
    1e28:	e6 e5       	ldi	r30, 0x56	; 86
    1e2a:	f0 e0       	ldi	r31, 0x00	; 0
    1e2c:	80 81       	ld	r24, Z
    1e2e:	88 23       	and	r24, r24
    1e30:	dc f7       	brge	.-10     	; 0x1e28 <TWI_readByteWithNACK+0x10>
    /* Read Data */
    return TWDR;
    1e32:	e3 e2       	ldi	r30, 0x23	; 35
    1e34:	f0 e0       	ldi	r31, 0x00	; 0
    1e36:	80 81       	ld	r24, Z
}
    1e38:	cf 91       	pop	r28
    1e3a:	df 91       	pop	r29
    1e3c:	08 95       	ret

00001e3e <TWI_getStatus>:

uint8 TWI_getStatus(void)
{
    1e3e:	df 93       	push	r29
    1e40:	cf 93       	push	r28
    1e42:	0f 92       	push	r0
    1e44:	cd b7       	in	r28, 0x3d	; 61
    1e46:	de b7       	in	r29, 0x3e	; 62
    uint8 status;
    /* masking to eliminate first 3 bits and get the last 5 bits (status bits) */
    status = TWSR & 0xF8;
    1e48:	e1 e2       	ldi	r30, 0x21	; 33
    1e4a:	f0 e0       	ldi	r31, 0x00	; 0
    1e4c:	80 81       	ld	r24, Z
    1e4e:	88 7f       	andi	r24, 0xF8	; 248
    1e50:	89 83       	std	Y+1, r24	; 0x01
    return status;
    1e52:	89 81       	ldd	r24, Y+1	; 0x01
}
    1e54:	0f 90       	pop	r0
    1e56:	cf 91       	pop	r28
    1e58:	df 91       	pop	r29
    1e5a:	08 95       	ret

00001e5c <UART_init>:
#include "uart.h"
#include "gpio.h"
#include "common_macros.h"

void UART_init(UART_ConfigType* configs)
{
    1e5c:	0f 93       	push	r16
    1e5e:	1f 93       	push	r17
    1e60:	df 93       	push	r29
    1e62:	cf 93       	push	r28
    1e64:	00 d0       	rcall	.+0      	; 0x1e66 <UART_init+0xa>
    1e66:	cd b7       	in	r28, 0x3d	; 61
    1e68:	de b7       	in	r29, 0x3e	; 62
    1e6a:	9a 83       	std	Y+2, r25	; 0x02
    1e6c:	89 83       	std	Y+1, r24	; 0x01
	SET_BIT(UCSRA,U2X); // Double transmission speed activated.
    1e6e:	ab e2       	ldi	r26, 0x2B	; 43
    1e70:	b0 e0       	ldi	r27, 0x00	; 0
    1e72:	eb e2       	ldi	r30, 0x2B	; 43
    1e74:	f0 e0       	ldi	r31, 0x00	; 0
    1e76:	80 81       	ld	r24, Z
    1e78:	82 60       	ori	r24, 0x02	; 2
    1e7a:	8c 93       	st	X, r24
	CLEAR_BIT(UCSRA,MPCM); // Multi-Processor communication mode activated.
    1e7c:	ab e2       	ldi	r26, 0x2B	; 43
    1e7e:	b0 e0       	ldi	r27, 0x00	; 0
    1e80:	eb e2       	ldi	r30, 0x2B	; 43
    1e82:	f0 e0       	ldi	r31, 0x00	; 0
    1e84:	80 81       	ld	r24, Z
    1e86:	8e 7f       	andi	r24, 0xFE	; 254
    1e88:	8c 93       	st	X, r24

	SET_BIT(UCSRB,RXEN); // Enable the receiving.
    1e8a:	aa e2       	ldi	r26, 0x2A	; 42
    1e8c:	b0 e0       	ldi	r27, 0x00	; 0
    1e8e:	ea e2       	ldi	r30, 0x2A	; 42
    1e90:	f0 e0       	ldi	r31, 0x00	; 0
    1e92:	80 81       	ld	r24, Z
    1e94:	80 61       	ori	r24, 0x10	; 16
    1e96:	8c 93       	st	X, r24
	SET_BIT(UCSRB,TXEN); // Enable the transmitting.
    1e98:	aa e2       	ldi	r26, 0x2A	; 42
    1e9a:	b0 e0       	ldi	r27, 0x00	; 0
    1e9c:	ea e2       	ldi	r30, 0x2A	; 42
    1e9e:	f0 e0       	ldi	r31, 0x00	; 0
    1ea0:	80 81       	ld	r24, Z
    1ea2:	88 60       	ori	r24, 0x08	; 8
    1ea4:	8c 93       	st	X, r24
	UCSRB = (UCSRB & 0xFB) | ((configs->bit_data & (1<<2))<<2);
    1ea6:	aa e2       	ldi	r26, 0x2A	; 42
    1ea8:	b0 e0       	ldi	r27, 0x00	; 0
    1eaa:	ea e2       	ldi	r30, 0x2A	; 42
    1eac:	f0 e0       	ldi	r31, 0x00	; 0
    1eae:	80 81       	ld	r24, Z
    1eb0:	28 2f       	mov	r18, r24
    1eb2:	2b 7f       	andi	r18, 0xFB	; 251
    1eb4:	e9 81       	ldd	r30, Y+1	; 0x01
    1eb6:	fa 81       	ldd	r31, Y+2	; 0x02
    1eb8:	80 81       	ld	r24, Z
    1eba:	88 2f       	mov	r24, r24
    1ebc:	90 e0       	ldi	r25, 0x00	; 0
    1ebe:	84 70       	andi	r24, 0x04	; 4
    1ec0:	90 70       	andi	r25, 0x00	; 0
    1ec2:	88 0f       	add	r24, r24
    1ec4:	99 1f       	adc	r25, r25
    1ec6:	88 0f       	add	r24, r24
    1ec8:	99 1f       	adc	r25, r25
    1eca:	82 2b       	or	r24, r18
    1ecc:	8c 93       	st	X, r24

	UCSRC = (UCSRC & 0xFC) | ((configs->bit_data & 0x03)<<1);
    1ece:	a0 e4       	ldi	r26, 0x40	; 64
    1ed0:	b0 e0       	ldi	r27, 0x00	; 0
    1ed2:	e0 e4       	ldi	r30, 0x40	; 64
    1ed4:	f0 e0       	ldi	r31, 0x00	; 0
    1ed6:	80 81       	ld	r24, Z
    1ed8:	28 2f       	mov	r18, r24
    1eda:	2c 7f       	andi	r18, 0xFC	; 252
    1edc:	e9 81       	ldd	r30, Y+1	; 0x01
    1ede:	fa 81       	ldd	r31, Y+2	; 0x02
    1ee0:	80 81       	ld	r24, Z
    1ee2:	88 2f       	mov	r24, r24
    1ee4:	90 e0       	ldi	r25, 0x00	; 0
    1ee6:	83 70       	andi	r24, 0x03	; 3
    1ee8:	90 70       	andi	r25, 0x00	; 0
    1eea:	88 0f       	add	r24, r24
    1eec:	99 1f       	adc	r25, r25
    1eee:	82 2b       	or	r24, r18
    1ef0:	8c 93       	st	X, r24
	CLEAR_BIT(UCSRC,URSEL);
    1ef2:	a0 e4       	ldi	r26, 0x40	; 64
    1ef4:	b0 e0       	ldi	r27, 0x00	; 0
    1ef6:	e0 e4       	ldi	r30, 0x40	; 64
    1ef8:	f0 e0       	ldi	r31, 0x00	; 0
    1efa:	80 81       	ld	r24, Z
    1efc:	8f 77       	andi	r24, 0x7F	; 127
    1efe:	8c 93       	st	X, r24
	CLEAR_BIT(UCSRC,UMSEL);
    1f00:	a0 e4       	ldi	r26, 0x40	; 64
    1f02:	b0 e0       	ldi	r27, 0x00	; 0
    1f04:	e0 e4       	ldi	r30, 0x40	; 64
    1f06:	f0 e0       	ldi	r31, 0x00	; 0
    1f08:	80 81       	ld	r24, Z
    1f0a:	8f 7b       	andi	r24, 0xBF	; 191
    1f0c:	8c 93       	st	X, r24
	UCSRC = (UCSRC & 0xCF) | ((configs->parity & 0x03)<<4);
    1f0e:	a0 e4       	ldi	r26, 0x40	; 64
    1f10:	b0 e0       	ldi	r27, 0x00	; 0
    1f12:	e0 e4       	ldi	r30, 0x40	; 64
    1f14:	f0 e0       	ldi	r31, 0x00	; 0
    1f16:	80 81       	ld	r24, Z
    1f18:	28 2f       	mov	r18, r24
    1f1a:	2f 7c       	andi	r18, 0xCF	; 207
    1f1c:	e9 81       	ldd	r30, Y+1	; 0x01
    1f1e:	fa 81       	ldd	r31, Y+2	; 0x02
    1f20:	81 81       	ldd	r24, Z+1	; 0x01
    1f22:	88 2f       	mov	r24, r24
    1f24:	90 e0       	ldi	r25, 0x00	; 0
    1f26:	83 70       	andi	r24, 0x03	; 3
    1f28:	90 70       	andi	r25, 0x00	; 0
    1f2a:	82 95       	swap	r24
    1f2c:	92 95       	swap	r25
    1f2e:	90 7f       	andi	r25, 0xF0	; 240
    1f30:	98 27       	eor	r25, r24
    1f32:	80 7f       	andi	r24, 0xF0	; 240
    1f34:	98 27       	eor	r25, r24
    1f36:	82 2b       	or	r24, r18
    1f38:	8c 93       	st	X, r24
	UCSRC = (UCSRC & 0xF7) | ((configs->stop_bit)<<3);
    1f3a:	a0 e4       	ldi	r26, 0x40	; 64
    1f3c:	b0 e0       	ldi	r27, 0x00	; 0
    1f3e:	e0 e4       	ldi	r30, 0x40	; 64
    1f40:	f0 e0       	ldi	r31, 0x00	; 0
    1f42:	80 81       	ld	r24, Z
    1f44:	28 2f       	mov	r18, r24
    1f46:	27 7f       	andi	r18, 0xF7	; 247
    1f48:	e9 81       	ldd	r30, Y+1	; 0x01
    1f4a:	fa 81       	ldd	r31, Y+2	; 0x02
    1f4c:	82 81       	ldd	r24, Z+2	; 0x02
    1f4e:	88 2f       	mov	r24, r24
    1f50:	90 e0       	ldi	r25, 0x00	; 0
    1f52:	88 0f       	add	r24, r24
    1f54:	99 1f       	adc	r25, r25
    1f56:	88 0f       	add	r24, r24
    1f58:	99 1f       	adc	r25, r25
    1f5a:	88 0f       	add	r24, r24
    1f5c:	99 1f       	adc	r25, r25
    1f5e:	82 2b       	or	r24, r18
    1f60:	8c 93       	st	X, r24
	CLEAR_BIT(UCSRC,UCPOL);
    1f62:	a0 e4       	ldi	r26, 0x40	; 64
    1f64:	b0 e0       	ldi	r27, 0x00	; 0
    1f66:	e0 e4       	ldi	r30, 0x40	; 64
    1f68:	f0 e0       	ldi	r31, 0x00	; 0
    1f6a:	80 81       	ld	r24, Z
    1f6c:	8e 7f       	andi	r24, 0xFE	; 254
    1f6e:	8c 93       	st	X, r24

	UBRRL = (uint8)(((uint32)FREQUENCY/(8*configs->baud_rate))-1);
    1f70:	09 e2       	ldi	r16, 0x29	; 41
    1f72:	10 e0       	ldi	r17, 0x00	; 0
    1f74:	e9 81       	ldd	r30, Y+1	; 0x01
    1f76:	fa 81       	ldd	r31, Y+2	; 0x02
    1f78:	83 81       	ldd	r24, Z+3	; 0x03
    1f7a:	94 81       	ldd	r25, Z+4	; 0x04
    1f7c:	a5 81       	ldd	r26, Z+5	; 0x05
    1f7e:	b6 81       	ldd	r27, Z+6	; 0x06
    1f80:	88 0f       	add	r24, r24
    1f82:	99 1f       	adc	r25, r25
    1f84:	aa 1f       	adc	r26, r26
    1f86:	bb 1f       	adc	r27, r27
    1f88:	88 0f       	add	r24, r24
    1f8a:	99 1f       	adc	r25, r25
    1f8c:	aa 1f       	adc	r26, r26
    1f8e:	bb 1f       	adc	r27, r27
    1f90:	88 0f       	add	r24, r24
    1f92:	99 1f       	adc	r25, r25
    1f94:	aa 1f       	adc	r26, r26
    1f96:	bb 1f       	adc	r27, r27
    1f98:	9c 01       	movw	r18, r24
    1f9a:	ad 01       	movw	r20, r26
    1f9c:	80 e0       	ldi	r24, 0x00	; 0
    1f9e:	92 e1       	ldi	r25, 0x12	; 18
    1fa0:	aa e7       	ldi	r26, 0x7A	; 122
    1fa2:	b0 e0       	ldi	r27, 0x00	; 0
    1fa4:	bc 01       	movw	r22, r24
    1fa6:	cd 01       	movw	r24, r26
    1fa8:	0e 94 91 10 	call	0x2122	; 0x2122 <__udivmodsi4>
    1fac:	da 01       	movw	r26, r20
    1fae:	c9 01       	movw	r24, r18
    1fb0:	81 50       	subi	r24, 0x01	; 1
    1fb2:	f8 01       	movw	r30, r16
    1fb4:	80 83       	st	Z, r24

	GPIO_setupPinDirection(PORTD_ID, PIN1_ID, PIN_OUTPUT);
    1fb6:	83 e0       	ldi	r24, 0x03	; 3
    1fb8:	61 e0       	ldi	r22, 0x01	; 1
    1fba:	41 e0       	ldi	r20, 0x01	; 1
    1fbc:	0e 94 f3 06 	call	0xde6	; 0xde6 <GPIO_setupPinDirection>
	GPIO_setupPinDirection(PORTD_ID, PIN0_ID, PIN_INPUT);
    1fc0:	83 e0       	ldi	r24, 0x03	; 3
    1fc2:	60 e0       	ldi	r22, 0x00	; 0
    1fc4:	40 e0       	ldi	r20, 0x00	; 0
    1fc6:	0e 94 f3 06 	call	0xde6	; 0xde6 <GPIO_setupPinDirection>
}
    1fca:	0f 90       	pop	r0
    1fcc:	0f 90       	pop	r0
    1fce:	cf 91       	pop	r28
    1fd0:	df 91       	pop	r29
    1fd2:	1f 91       	pop	r17
    1fd4:	0f 91       	pop	r16
    1fd6:	08 95       	ret

00001fd8 <UART_sendByte>:

void UART_sendByte(uint8 data)
{
    1fd8:	df 93       	push	r29
    1fda:	cf 93       	push	r28
    1fdc:	0f 92       	push	r0
    1fde:	cd b7       	in	r28, 0x3d	; 61
    1fe0:	de b7       	in	r29, 0x3e	; 62
    1fe2:	89 83       	std	Y+1, r24	; 0x01
	while(BIT_IS_CLEAR(UCSRA,UDRE));
    1fe4:	eb e2       	ldi	r30, 0x2B	; 43
    1fe6:	f0 e0       	ldi	r31, 0x00	; 0
    1fe8:	80 81       	ld	r24, Z
    1fea:	88 2f       	mov	r24, r24
    1fec:	90 e0       	ldi	r25, 0x00	; 0
    1fee:	80 72       	andi	r24, 0x20	; 32
    1ff0:	90 70       	andi	r25, 0x00	; 0
    1ff2:	00 97       	sbiw	r24, 0x00	; 0
    1ff4:	b9 f3       	breq	.-18     	; 0x1fe4 <UART_sendByte+0xc>
	UDR=data;
    1ff6:	ec e2       	ldi	r30, 0x2C	; 44
    1ff8:	f0 e0       	ldi	r31, 0x00	; 0
    1ffa:	89 81       	ldd	r24, Y+1	; 0x01
    1ffc:	80 83       	st	Z, r24
}
    1ffe:	0f 90       	pop	r0
    2000:	cf 91       	pop	r28
    2002:	df 91       	pop	r29
    2004:	08 95       	ret

00002006 <UART_receiveByte>:

uint8 UART_receiveByte()
{
    2006:	df 93       	push	r29
    2008:	cf 93       	push	r28
    200a:	cd b7       	in	r28, 0x3d	; 61
    200c:	de b7       	in	r29, 0x3e	; 62
	while(BIT_IS_CLEAR(UCSRA,RXC));
    200e:	eb e2       	ldi	r30, 0x2B	; 43
    2010:	f0 e0       	ldi	r31, 0x00	; 0
    2012:	80 81       	ld	r24, Z
    2014:	88 23       	and	r24, r24
    2016:	dc f7       	brge	.-10     	; 0x200e <UART_receiveByte+0x8>
	return UDR;
    2018:	ec e2       	ldi	r30, 0x2C	; 44
    201a:	f0 e0       	ldi	r31, 0x00	; 0
    201c:	80 81       	ld	r24, Z
}
    201e:	cf 91       	pop	r28
    2020:	df 91       	pop	r29
    2022:	08 95       	ret

00002024 <UART_sendString>:

void UART_sendString(uint8 str[])
{
    2024:	df 93       	push	r29
    2026:	cf 93       	push	r28
    2028:	00 d0       	rcall	.+0      	; 0x202a <UART_sendString+0x6>
    202a:	0f 92       	push	r0
    202c:	cd b7       	in	r28, 0x3d	; 61
    202e:	de b7       	in	r29, 0x3e	; 62
    2030:	9b 83       	std	Y+3, r25	; 0x03
    2032:	8a 83       	std	Y+2, r24	; 0x02
	uint8 i=0;
    2034:	19 82       	std	Y+1, r1	; 0x01
    2036:	0e c0       	rjmp	.+28     	; 0x2054 <UART_sendString+0x30>
	while(str[i] != '\0')
	{
		UART_sendByte(*(str+i));
    2038:	89 81       	ldd	r24, Y+1	; 0x01
    203a:	28 2f       	mov	r18, r24
    203c:	30 e0       	ldi	r19, 0x00	; 0
    203e:	8a 81       	ldd	r24, Y+2	; 0x02
    2040:	9b 81       	ldd	r25, Y+3	; 0x03
    2042:	fc 01       	movw	r30, r24
    2044:	e2 0f       	add	r30, r18
    2046:	f3 1f       	adc	r31, r19
    2048:	80 81       	ld	r24, Z
    204a:	0e 94 ec 0f 	call	0x1fd8	; 0x1fd8 <UART_sendByte>
		i++;
    204e:	89 81       	ldd	r24, Y+1	; 0x01
    2050:	8f 5f       	subi	r24, 0xFF	; 255
    2052:	89 83       	std	Y+1, r24	; 0x01
}

void UART_sendString(uint8 str[])
{
	uint8 i=0;
	while(str[i] != '\0')
    2054:	89 81       	ldd	r24, Y+1	; 0x01
    2056:	28 2f       	mov	r18, r24
    2058:	30 e0       	ldi	r19, 0x00	; 0
    205a:	8a 81       	ldd	r24, Y+2	; 0x02
    205c:	9b 81       	ldd	r25, Y+3	; 0x03
    205e:	fc 01       	movw	r30, r24
    2060:	e2 0f       	add	r30, r18
    2062:	f3 1f       	adc	r31, r19
    2064:	80 81       	ld	r24, Z
    2066:	88 23       	and	r24, r24
    2068:	39 f7       	brne	.-50     	; 0x2038 <UART_sendString+0x14>
	{
		UART_sendByte(*(str+i));
		i++;
	}
}
    206a:	0f 90       	pop	r0
    206c:	0f 90       	pop	r0
    206e:	0f 90       	pop	r0
    2070:	cf 91       	pop	r28
    2072:	df 91       	pop	r29
    2074:	08 95       	ret

00002076 <UART_receiveString>:

void UART_receiveString(uint8 restr[])
{
    2076:	0f 93       	push	r16
    2078:	1f 93       	push	r17
    207a:	df 93       	push	r29
    207c:	cf 93       	push	r28
    207e:	00 d0       	rcall	.+0      	; 0x2080 <UART_receiveString+0xa>
    2080:	0f 92       	push	r0
    2082:	cd b7       	in	r28, 0x3d	; 61
    2084:	de b7       	in	r29, 0x3e	; 62
    2086:	9b 83       	std	Y+3, r25	; 0x03
    2088:	8a 83       	std	Y+2, r24	; 0x02
	uint8 i=0;
    208a:	19 82       	std	Y+1, r1	; 0x01
	restr[i]=UART_receiveByte();
    208c:	89 81       	ldd	r24, Y+1	; 0x01
    208e:	28 2f       	mov	r18, r24
    2090:	30 e0       	ldi	r19, 0x00	; 0
    2092:	8a 81       	ldd	r24, Y+2	; 0x02
    2094:	9b 81       	ldd	r25, Y+3	; 0x03
    2096:	8c 01       	movw	r16, r24
    2098:	02 0f       	add	r16, r18
    209a:	13 1f       	adc	r17, r19
    209c:	0e 94 03 10 	call	0x2006	; 0x2006 <UART_receiveByte>
    20a0:	f8 01       	movw	r30, r16
    20a2:	80 83       	st	Z, r24
    20a4:	0f c0       	rjmp	.+30     	; 0x20c4 <UART_receiveString+0x4e>

	while(restr[i] != STRING_END)
	{
		i++;
    20a6:	89 81       	ldd	r24, Y+1	; 0x01
    20a8:	8f 5f       	subi	r24, 0xFF	; 255
    20aa:	89 83       	std	Y+1, r24	; 0x01
		restr[i]=UART_receiveByte();
    20ac:	89 81       	ldd	r24, Y+1	; 0x01
    20ae:	28 2f       	mov	r18, r24
    20b0:	30 e0       	ldi	r19, 0x00	; 0
    20b2:	8a 81       	ldd	r24, Y+2	; 0x02
    20b4:	9b 81       	ldd	r25, Y+3	; 0x03
    20b6:	8c 01       	movw	r16, r24
    20b8:	02 0f       	add	r16, r18
    20ba:	13 1f       	adc	r17, r19
    20bc:	0e 94 03 10 	call	0x2006	; 0x2006 <UART_receiveByte>
    20c0:	f8 01       	movw	r30, r16
    20c2:	80 83       	st	Z, r24
void UART_receiveString(uint8 restr[])
{
	uint8 i=0;
	restr[i]=UART_receiveByte();

	while(restr[i] != STRING_END)
    20c4:	89 81       	ldd	r24, Y+1	; 0x01
    20c6:	28 2f       	mov	r18, r24
    20c8:	30 e0       	ldi	r19, 0x00	; 0
    20ca:	8a 81       	ldd	r24, Y+2	; 0x02
    20cc:	9b 81       	ldd	r25, Y+3	; 0x03
    20ce:	fc 01       	movw	r30, r24
    20d0:	e2 0f       	add	r30, r18
    20d2:	f3 1f       	adc	r31, r19
    20d4:	80 81       	ld	r24, Z
    20d6:	83 32       	cpi	r24, 0x23	; 35
    20d8:	31 f7       	brne	.-52     	; 0x20a6 <UART_receiveString+0x30>
	{
		i++;
		restr[i]=UART_receiveByte();
	}
	restr[i]='\0';
    20da:	89 81       	ldd	r24, Y+1	; 0x01
    20dc:	28 2f       	mov	r18, r24
    20de:	30 e0       	ldi	r19, 0x00	; 0
    20e0:	8a 81       	ldd	r24, Y+2	; 0x02
    20e2:	9b 81       	ldd	r25, Y+3	; 0x03
    20e4:	fc 01       	movw	r30, r24
    20e6:	e2 0f       	add	r30, r18
    20e8:	f3 1f       	adc	r31, r19
    20ea:	10 82       	st	Z, r1

}
    20ec:	0f 90       	pop	r0
    20ee:	0f 90       	pop	r0
    20f0:	0f 90       	pop	r0
    20f2:	cf 91       	pop	r28
    20f4:	df 91       	pop	r29
    20f6:	1f 91       	pop	r17
    20f8:	0f 91       	pop	r16
    20fa:	08 95       	ret

000020fc <__divmodhi4>:
    20fc:	97 fb       	bst	r25, 7
    20fe:	09 2e       	mov	r0, r25
    2100:	07 26       	eor	r0, r23
    2102:	0a d0       	rcall	.+20     	; 0x2118 <__divmodhi4_neg1>
    2104:	77 fd       	sbrc	r23, 7
    2106:	04 d0       	rcall	.+8      	; 0x2110 <__divmodhi4_neg2>
    2108:	2e d0       	rcall	.+92     	; 0x2166 <__udivmodhi4>
    210a:	06 d0       	rcall	.+12     	; 0x2118 <__divmodhi4_neg1>
    210c:	00 20       	and	r0, r0
    210e:	1a f4       	brpl	.+6      	; 0x2116 <__divmodhi4_exit>

00002110 <__divmodhi4_neg2>:
    2110:	70 95       	com	r23
    2112:	61 95       	neg	r22
    2114:	7f 4f       	sbci	r23, 0xFF	; 255

00002116 <__divmodhi4_exit>:
    2116:	08 95       	ret

00002118 <__divmodhi4_neg1>:
    2118:	f6 f7       	brtc	.-4      	; 0x2116 <__divmodhi4_exit>
    211a:	90 95       	com	r25
    211c:	81 95       	neg	r24
    211e:	9f 4f       	sbci	r25, 0xFF	; 255
    2120:	08 95       	ret

00002122 <__udivmodsi4>:
    2122:	a1 e2       	ldi	r26, 0x21	; 33
    2124:	1a 2e       	mov	r1, r26
    2126:	aa 1b       	sub	r26, r26
    2128:	bb 1b       	sub	r27, r27
    212a:	fd 01       	movw	r30, r26
    212c:	0d c0       	rjmp	.+26     	; 0x2148 <__udivmodsi4_ep>

0000212e <__udivmodsi4_loop>:
    212e:	aa 1f       	adc	r26, r26
    2130:	bb 1f       	adc	r27, r27
    2132:	ee 1f       	adc	r30, r30
    2134:	ff 1f       	adc	r31, r31
    2136:	a2 17       	cp	r26, r18
    2138:	b3 07       	cpc	r27, r19
    213a:	e4 07       	cpc	r30, r20
    213c:	f5 07       	cpc	r31, r21
    213e:	20 f0       	brcs	.+8      	; 0x2148 <__udivmodsi4_ep>
    2140:	a2 1b       	sub	r26, r18
    2142:	b3 0b       	sbc	r27, r19
    2144:	e4 0b       	sbc	r30, r20
    2146:	f5 0b       	sbc	r31, r21

00002148 <__udivmodsi4_ep>:
    2148:	66 1f       	adc	r22, r22
    214a:	77 1f       	adc	r23, r23
    214c:	88 1f       	adc	r24, r24
    214e:	99 1f       	adc	r25, r25
    2150:	1a 94       	dec	r1
    2152:	69 f7       	brne	.-38     	; 0x212e <__udivmodsi4_loop>
    2154:	60 95       	com	r22
    2156:	70 95       	com	r23
    2158:	80 95       	com	r24
    215a:	90 95       	com	r25
    215c:	9b 01       	movw	r18, r22
    215e:	ac 01       	movw	r20, r24
    2160:	bd 01       	movw	r22, r26
    2162:	cf 01       	movw	r24, r30
    2164:	08 95       	ret

00002166 <__udivmodhi4>:
    2166:	aa 1b       	sub	r26, r26
    2168:	bb 1b       	sub	r27, r27
    216a:	51 e1       	ldi	r21, 0x11	; 17
    216c:	07 c0       	rjmp	.+14     	; 0x217c <__udivmodhi4_ep>

0000216e <__udivmodhi4_loop>:
    216e:	aa 1f       	adc	r26, r26
    2170:	bb 1f       	adc	r27, r27
    2172:	a6 17       	cp	r26, r22
    2174:	b7 07       	cpc	r27, r23
    2176:	10 f0       	brcs	.+4      	; 0x217c <__udivmodhi4_ep>
    2178:	a6 1b       	sub	r26, r22
    217a:	b7 0b       	sbc	r27, r23

0000217c <__udivmodhi4_ep>:
    217c:	88 1f       	adc	r24, r24
    217e:	99 1f       	adc	r25, r25
    2180:	5a 95       	dec	r21
    2182:	a9 f7       	brne	.-22     	; 0x216e <__udivmodhi4_loop>
    2184:	80 95       	com	r24
    2186:	90 95       	com	r25
    2188:	bc 01       	movw	r22, r24
    218a:	cd 01       	movw	r24, r26
    218c:	08 95       	ret

0000218e <__prologue_saves__>:
    218e:	2f 92       	push	r2
    2190:	3f 92       	push	r3
    2192:	4f 92       	push	r4
    2194:	5f 92       	push	r5
    2196:	6f 92       	push	r6
    2198:	7f 92       	push	r7
    219a:	8f 92       	push	r8
    219c:	9f 92       	push	r9
    219e:	af 92       	push	r10
    21a0:	bf 92       	push	r11
    21a2:	cf 92       	push	r12
    21a4:	df 92       	push	r13
    21a6:	ef 92       	push	r14
    21a8:	ff 92       	push	r15
    21aa:	0f 93       	push	r16
    21ac:	1f 93       	push	r17
    21ae:	cf 93       	push	r28
    21b0:	df 93       	push	r29
    21b2:	cd b7       	in	r28, 0x3d	; 61
    21b4:	de b7       	in	r29, 0x3e	; 62
    21b6:	ca 1b       	sub	r28, r26
    21b8:	db 0b       	sbc	r29, r27
    21ba:	0f b6       	in	r0, 0x3f	; 63
    21bc:	f8 94       	cli
    21be:	de bf       	out	0x3e, r29	; 62
    21c0:	0f be       	out	0x3f, r0	; 63
    21c2:	cd bf       	out	0x3d, r28	; 61
    21c4:	09 94       	ijmp

000021c6 <__epilogue_restores__>:
    21c6:	2a 88       	ldd	r2, Y+18	; 0x12
    21c8:	39 88       	ldd	r3, Y+17	; 0x11
    21ca:	48 88       	ldd	r4, Y+16	; 0x10
    21cc:	5f 84       	ldd	r5, Y+15	; 0x0f
    21ce:	6e 84       	ldd	r6, Y+14	; 0x0e
    21d0:	7d 84       	ldd	r7, Y+13	; 0x0d
    21d2:	8c 84       	ldd	r8, Y+12	; 0x0c
    21d4:	9b 84       	ldd	r9, Y+11	; 0x0b
    21d6:	aa 84       	ldd	r10, Y+10	; 0x0a
    21d8:	b9 84       	ldd	r11, Y+9	; 0x09
    21da:	c8 84       	ldd	r12, Y+8	; 0x08
    21dc:	df 80       	ldd	r13, Y+7	; 0x07
    21de:	ee 80       	ldd	r14, Y+6	; 0x06
    21e0:	fd 80       	ldd	r15, Y+5	; 0x05
    21e2:	0c 81       	ldd	r16, Y+4	; 0x04
    21e4:	1b 81       	ldd	r17, Y+3	; 0x03
    21e6:	aa 81       	ldd	r26, Y+2	; 0x02
    21e8:	b9 81       	ldd	r27, Y+1	; 0x01
    21ea:	ce 0f       	add	r28, r30
    21ec:	d1 1d       	adc	r29, r1
    21ee:	0f b6       	in	r0, 0x3f	; 63
    21f0:	f8 94       	cli
    21f2:	de bf       	out	0x3e, r29	; 62
    21f4:	0f be       	out	0x3f, r0	; 63
    21f6:	cd bf       	out	0x3d, r28	; 61
    21f8:	ed 01       	movw	r28, r26
    21fa:	08 95       	ret

000021fc <_exit>:
    21fc:	f8 94       	cli

000021fe <__stop_program>:
    21fe:	ff cf       	rjmp	.-2      	; 0x21fe <__stop_program>
