
HMI_ECU.elf:     file format elf32-avr

Sections:
Idx Name          Size      VMA       LMA       File off  Algn
  0 .text         00003948  00000000  00000000  00000094  2**1
                  CONTENTS, ALLOC, LOAD, READONLY, CODE
  1 .data         000000ce  00800060  00003948  000039dc  2**0
                  CONTENTS, ALLOC, LOAD, DATA
  2 .bss          00000022  0080012e  0080012e  00003aaa  2**0
                  ALLOC
  3 .stab         00003228  00000000  00000000  00003aac  2**2
                  CONTENTS, READONLY, DEBUGGING
  4 .stabstr      000013f2  00000000  00000000  00006cd4  2**0
                  CONTENTS, READONLY, DEBUGGING
  5 .debug_aranges 00000140  00000000  00000000  000080c6  2**0
                  CONTENTS, READONLY, DEBUGGING
  6 .debug_pubnames 00000170  00000000  00000000  00008206  2**0
                  CONTENTS, READONLY, DEBUGGING
  7 .debug_info   00001c49  00000000  00000000  00008376  2**0
                  CONTENTS, READONLY, DEBUGGING
  8 .debug_abbrev 00000eeb  00000000  00000000  00009fbf  2**0
                  CONTENTS, READONLY, DEBUGGING
  9 .debug_line   00000dad  00000000  00000000  0000aeaa  2**0
                  CONTENTS, READONLY, DEBUGGING
 10 .debug_frame  00000160  00000000  00000000  0000bc58  2**2
                  CONTENTS, READONLY, DEBUGGING
 11 .debug_str    0000028d  00000000  00000000  0000bdb8  2**0
                  CONTENTS, READONLY, DEBUGGING
 12 .debug_loc    000007ce  00000000  00000000  0000c045  2**0
                  CONTENTS, READONLY, DEBUGGING
 13 .debug_ranges 00000050  00000000  00000000  0000c813  2**0
                  CONTENTS, READONLY, DEBUGGING

Disassembly of section .text:

00000000 <__vectors>:
       0:	0c 94 2a 00 	jmp	0x54	; 0x54 <__ctors_end>
       4:	0c 94 47 00 	jmp	0x8e	; 0x8e <__bad_interrupt>
       8:	0c 94 47 00 	jmp	0x8e	; 0x8e <__bad_interrupt>
       c:	0c 94 47 00 	jmp	0x8e	; 0x8e <__bad_interrupt>
      10:	0c 94 47 00 	jmp	0x8e	; 0x8e <__bad_interrupt>
      14:	0c 94 47 00 	jmp	0x8e	; 0x8e <__bad_interrupt>
      18:	0c 94 47 00 	jmp	0x8e	; 0x8e <__bad_interrupt>
      1c:	0c 94 c5 19 	jmp	0x338a	; 0x338a <__vector_7>
      20:	0c 94 47 00 	jmp	0x8e	; 0x8e <__bad_interrupt>
      24:	0c 94 f2 19 	jmp	0x33e4	; 0x33e4 <__vector_9>
      28:	0c 94 47 00 	jmp	0x8e	; 0x8e <__bad_interrupt>
      2c:	0c 94 47 00 	jmp	0x8e	; 0x8e <__bad_interrupt>
      30:	0c 94 47 00 	jmp	0x8e	; 0x8e <__bad_interrupt>
      34:	0c 94 47 00 	jmp	0x8e	; 0x8e <__bad_interrupt>
      38:	0c 94 47 00 	jmp	0x8e	; 0x8e <__bad_interrupt>
      3c:	0c 94 47 00 	jmp	0x8e	; 0x8e <__bad_interrupt>
      40:	0c 94 47 00 	jmp	0x8e	; 0x8e <__bad_interrupt>
      44:	0c 94 47 00 	jmp	0x8e	; 0x8e <__bad_interrupt>
      48:	0c 94 47 00 	jmp	0x8e	; 0x8e <__bad_interrupt>
      4c:	0c 94 47 00 	jmp	0x8e	; 0x8e <__bad_interrupt>
      50:	0c 94 47 00 	jmp	0x8e	; 0x8e <__bad_interrupt>

00000054 <__ctors_end>:
      54:	11 24       	eor	r1, r1
      56:	1f be       	out	0x3f, r1	; 63
      58:	cf e5       	ldi	r28, 0x5F	; 95
      5a:	d8 e0       	ldi	r29, 0x08	; 8
      5c:	de bf       	out	0x3e, r29	; 62
      5e:	cd bf       	out	0x3d, r28	; 61

00000060 <__do_copy_data>:
      60:	11 e0       	ldi	r17, 0x01	; 1
      62:	a0 e6       	ldi	r26, 0x60	; 96
      64:	b0 e0       	ldi	r27, 0x00	; 0
      66:	e8 e4       	ldi	r30, 0x48	; 72
      68:	f9 e3       	ldi	r31, 0x39	; 57
      6a:	02 c0       	rjmp	.+4      	; 0x70 <.do_copy_data_start>

0000006c <.do_copy_data_loop>:
      6c:	05 90       	lpm	r0, Z+
      6e:	0d 92       	st	X+, r0

00000070 <.do_copy_data_start>:
      70:	ae 32       	cpi	r26, 0x2E	; 46
      72:	b1 07       	cpc	r27, r17
      74:	d9 f7       	brne	.-10     	; 0x6c <.do_copy_data_loop>

00000076 <__do_clear_bss>:
      76:	11 e0       	ldi	r17, 0x01	; 1
      78:	ae e2       	ldi	r26, 0x2E	; 46
      7a:	b1 e0       	ldi	r27, 0x01	; 1
      7c:	01 c0       	rjmp	.+2      	; 0x80 <.do_clear_bss_start>

0000007e <.do_clear_bss_loop>:
      7e:	1d 92       	st	X+, r1

00000080 <.do_clear_bss_start>:
      80:	a0 35       	cpi	r26, 0x50	; 80
      82:	b1 07       	cpc	r27, r17
      84:	e1 f7       	brne	.-8      	; 0x7e <.do_clear_bss_loop>
      86:	0e 94 8d 18 	call	0x311a	; 0x311a <main>
      8a:	0c 94 a2 1c 	jmp	0x3944	; 0x3944 <_exit>

0000008e <__bad_interrupt>:
      8e:	0c 94 00 00 	jmp	0	; 0x0 <__vectors>

00000092 <__fixunssfsi>:
      92:	ef 92       	push	r14
      94:	ff 92       	push	r15
      96:	0f 93       	push	r16
      98:	1f 93       	push	r17
      9a:	7b 01       	movw	r14, r22
      9c:	8c 01       	movw	r16, r24
      9e:	20 e0       	ldi	r18, 0x00	; 0
      a0:	30 e0       	ldi	r19, 0x00	; 0
      a2:	40 e0       	ldi	r20, 0x00	; 0
      a4:	5f e4       	ldi	r21, 0x4F	; 79
      a6:	0e 94 49 03 	call	0x692	; 0x692 <__gesf2>
      aa:	88 23       	and	r24, r24
      ac:	8c f0       	brlt	.+34     	; 0xd0 <__fixunssfsi+0x3e>
      ae:	c8 01       	movw	r24, r16
      b0:	b7 01       	movw	r22, r14
      b2:	20 e0       	ldi	r18, 0x00	; 0
      b4:	30 e0       	ldi	r19, 0x00	; 0
      b6:	40 e0       	ldi	r20, 0x00	; 0
      b8:	5f e4       	ldi	r21, 0x4F	; 79
      ba:	0e 94 c1 01 	call	0x382	; 0x382 <__subsf3>
      be:	0e 94 a9 03 	call	0x752	; 0x752 <__fixsfsi>
      c2:	9b 01       	movw	r18, r22
      c4:	ac 01       	movw	r20, r24
      c6:	20 50       	subi	r18, 0x00	; 0
      c8:	30 40       	sbci	r19, 0x00	; 0
      ca:	40 40       	sbci	r20, 0x00	; 0
      cc:	50 48       	sbci	r21, 0x80	; 128
      ce:	06 c0       	rjmp	.+12     	; 0xdc <__fixunssfsi+0x4a>
      d0:	c8 01       	movw	r24, r16
      d2:	b7 01       	movw	r22, r14
      d4:	0e 94 a9 03 	call	0x752	; 0x752 <__fixsfsi>
      d8:	9b 01       	movw	r18, r22
      da:	ac 01       	movw	r20, r24
      dc:	b9 01       	movw	r22, r18
      de:	ca 01       	movw	r24, r20
      e0:	1f 91       	pop	r17
      e2:	0f 91       	pop	r16
      e4:	ff 90       	pop	r15
      e6:	ef 90       	pop	r14
      e8:	08 95       	ret

000000ea <_fpadd_parts>:
      ea:	a0 e0       	ldi	r26, 0x00	; 0
      ec:	b0 e0       	ldi	r27, 0x00	; 0
      ee:	eb e7       	ldi	r30, 0x7B	; 123
      f0:	f0 e0       	ldi	r31, 0x00	; 0
      f2:	0c 94 26 1c 	jmp	0x384c	; 0x384c <__prologue_saves__>
      f6:	dc 01       	movw	r26, r24
      f8:	2b 01       	movw	r4, r22
      fa:	fa 01       	movw	r30, r20
      fc:	9c 91       	ld	r25, X
      fe:	92 30       	cpi	r25, 0x02	; 2
     100:	08 f4       	brcc	.+2      	; 0x104 <_fpadd_parts+0x1a>
     102:	39 c1       	rjmp	.+626    	; 0x376 <_fpadd_parts+0x28c>
     104:	eb 01       	movw	r28, r22
     106:	88 81       	ld	r24, Y
     108:	82 30       	cpi	r24, 0x02	; 2
     10a:	08 f4       	brcc	.+2      	; 0x10e <_fpadd_parts+0x24>
     10c:	33 c1       	rjmp	.+614    	; 0x374 <_fpadd_parts+0x28a>
     10e:	94 30       	cpi	r25, 0x04	; 4
     110:	69 f4       	brne	.+26     	; 0x12c <_fpadd_parts+0x42>
     112:	84 30       	cpi	r24, 0x04	; 4
     114:	09 f0       	breq	.+2      	; 0x118 <_fpadd_parts+0x2e>
     116:	2f c1       	rjmp	.+606    	; 0x376 <_fpadd_parts+0x28c>
     118:	11 96       	adiw	r26, 0x01	; 1
     11a:	9c 91       	ld	r25, X
     11c:	11 97       	sbiw	r26, 0x01	; 1
     11e:	89 81       	ldd	r24, Y+1	; 0x01
     120:	98 17       	cp	r25, r24
     122:	09 f4       	brne	.+2      	; 0x126 <_fpadd_parts+0x3c>
     124:	28 c1       	rjmp	.+592    	; 0x376 <_fpadd_parts+0x28c>
     126:	a0 e1       	ldi	r26, 0x10	; 16
     128:	b1 e0       	ldi	r27, 0x01	; 1
     12a:	25 c1       	rjmp	.+586    	; 0x376 <_fpadd_parts+0x28c>
     12c:	84 30       	cpi	r24, 0x04	; 4
     12e:	09 f4       	brne	.+2      	; 0x132 <_fpadd_parts+0x48>
     130:	21 c1       	rjmp	.+578    	; 0x374 <_fpadd_parts+0x28a>
     132:	82 30       	cpi	r24, 0x02	; 2
     134:	a9 f4       	brne	.+42     	; 0x160 <_fpadd_parts+0x76>
     136:	92 30       	cpi	r25, 0x02	; 2
     138:	09 f0       	breq	.+2      	; 0x13c <_fpadd_parts+0x52>
     13a:	1d c1       	rjmp	.+570    	; 0x376 <_fpadd_parts+0x28c>
     13c:	9a 01       	movw	r18, r20
     13e:	ad 01       	movw	r20, r26
     140:	88 e0       	ldi	r24, 0x08	; 8
     142:	ea 01       	movw	r28, r20
     144:	09 90       	ld	r0, Y+
     146:	ae 01       	movw	r20, r28
     148:	e9 01       	movw	r28, r18
     14a:	09 92       	st	Y+, r0
     14c:	9e 01       	movw	r18, r28
     14e:	81 50       	subi	r24, 0x01	; 1
     150:	c1 f7       	brne	.-16     	; 0x142 <_fpadd_parts+0x58>
     152:	e2 01       	movw	r28, r4
     154:	89 81       	ldd	r24, Y+1	; 0x01
     156:	11 96       	adiw	r26, 0x01	; 1
     158:	9c 91       	ld	r25, X
     15a:	89 23       	and	r24, r25
     15c:	81 83       	std	Z+1, r24	; 0x01
     15e:	08 c1       	rjmp	.+528    	; 0x370 <_fpadd_parts+0x286>
     160:	92 30       	cpi	r25, 0x02	; 2
     162:	09 f4       	brne	.+2      	; 0x166 <_fpadd_parts+0x7c>
     164:	07 c1       	rjmp	.+526    	; 0x374 <_fpadd_parts+0x28a>
     166:	12 96       	adiw	r26, 0x02	; 2
     168:	2d 90       	ld	r2, X+
     16a:	3c 90       	ld	r3, X
     16c:	13 97       	sbiw	r26, 0x03	; 3
     16e:	eb 01       	movw	r28, r22
     170:	8a 81       	ldd	r24, Y+2	; 0x02
     172:	9b 81       	ldd	r25, Y+3	; 0x03
     174:	14 96       	adiw	r26, 0x04	; 4
     176:	ad 90       	ld	r10, X+
     178:	bd 90       	ld	r11, X+
     17a:	cd 90       	ld	r12, X+
     17c:	dc 90       	ld	r13, X
     17e:	17 97       	sbiw	r26, 0x07	; 7
     180:	ec 80       	ldd	r14, Y+4	; 0x04
     182:	fd 80       	ldd	r15, Y+5	; 0x05
     184:	0e 81       	ldd	r16, Y+6	; 0x06
     186:	1f 81       	ldd	r17, Y+7	; 0x07
     188:	91 01       	movw	r18, r2
     18a:	28 1b       	sub	r18, r24
     18c:	39 0b       	sbc	r19, r25
     18e:	b9 01       	movw	r22, r18
     190:	37 ff       	sbrs	r19, 7
     192:	04 c0       	rjmp	.+8      	; 0x19c <_fpadd_parts+0xb2>
     194:	66 27       	eor	r22, r22
     196:	77 27       	eor	r23, r23
     198:	62 1b       	sub	r22, r18
     19a:	73 0b       	sbc	r23, r19
     19c:	60 32       	cpi	r22, 0x20	; 32
     19e:	71 05       	cpc	r23, r1
     1a0:	0c f0       	brlt	.+2      	; 0x1a4 <_fpadd_parts+0xba>
     1a2:	61 c0       	rjmp	.+194    	; 0x266 <_fpadd_parts+0x17c>
     1a4:	12 16       	cp	r1, r18
     1a6:	13 06       	cpc	r1, r19
     1a8:	6c f5       	brge	.+90     	; 0x204 <_fpadd_parts+0x11a>
     1aa:	37 01       	movw	r6, r14
     1ac:	48 01       	movw	r8, r16
     1ae:	06 2e       	mov	r0, r22
     1b0:	04 c0       	rjmp	.+8      	; 0x1ba <_fpadd_parts+0xd0>
     1b2:	96 94       	lsr	r9
     1b4:	87 94       	ror	r8
     1b6:	77 94       	ror	r7
     1b8:	67 94       	ror	r6
     1ba:	0a 94       	dec	r0
     1bc:	d2 f7       	brpl	.-12     	; 0x1b2 <_fpadd_parts+0xc8>
     1be:	21 e0       	ldi	r18, 0x01	; 1
     1c0:	30 e0       	ldi	r19, 0x00	; 0
     1c2:	40 e0       	ldi	r20, 0x00	; 0
     1c4:	50 e0       	ldi	r21, 0x00	; 0
     1c6:	04 c0       	rjmp	.+8      	; 0x1d0 <_fpadd_parts+0xe6>
     1c8:	22 0f       	add	r18, r18
     1ca:	33 1f       	adc	r19, r19
     1cc:	44 1f       	adc	r20, r20
     1ce:	55 1f       	adc	r21, r21
     1d0:	6a 95       	dec	r22
     1d2:	d2 f7       	brpl	.-12     	; 0x1c8 <_fpadd_parts+0xde>
     1d4:	21 50       	subi	r18, 0x01	; 1
     1d6:	30 40       	sbci	r19, 0x00	; 0
     1d8:	40 40       	sbci	r20, 0x00	; 0
     1da:	50 40       	sbci	r21, 0x00	; 0
     1dc:	2e 21       	and	r18, r14
     1de:	3f 21       	and	r19, r15
     1e0:	40 23       	and	r20, r16
     1e2:	51 23       	and	r21, r17
     1e4:	21 15       	cp	r18, r1
     1e6:	31 05       	cpc	r19, r1
     1e8:	41 05       	cpc	r20, r1
     1ea:	51 05       	cpc	r21, r1
     1ec:	21 f0       	breq	.+8      	; 0x1f6 <_fpadd_parts+0x10c>
     1ee:	21 e0       	ldi	r18, 0x01	; 1
     1f0:	30 e0       	ldi	r19, 0x00	; 0
     1f2:	40 e0       	ldi	r20, 0x00	; 0
     1f4:	50 e0       	ldi	r21, 0x00	; 0
     1f6:	79 01       	movw	r14, r18
     1f8:	8a 01       	movw	r16, r20
     1fa:	e6 28       	or	r14, r6
     1fc:	f7 28       	or	r15, r7
     1fe:	08 29       	or	r16, r8
     200:	19 29       	or	r17, r9
     202:	3c c0       	rjmp	.+120    	; 0x27c <_fpadd_parts+0x192>
     204:	23 2b       	or	r18, r19
     206:	d1 f1       	breq	.+116    	; 0x27c <_fpadd_parts+0x192>
     208:	26 0e       	add	r2, r22
     20a:	37 1e       	adc	r3, r23
     20c:	35 01       	movw	r6, r10
     20e:	46 01       	movw	r8, r12
     210:	06 2e       	mov	r0, r22
     212:	04 c0       	rjmp	.+8      	; 0x21c <_fpadd_parts+0x132>
     214:	96 94       	lsr	r9
     216:	87 94       	ror	r8
     218:	77 94       	ror	r7
     21a:	67 94       	ror	r6
     21c:	0a 94       	dec	r0
     21e:	d2 f7       	brpl	.-12     	; 0x214 <_fpadd_parts+0x12a>
     220:	21 e0       	ldi	r18, 0x01	; 1
     222:	30 e0       	ldi	r19, 0x00	; 0
     224:	40 e0       	ldi	r20, 0x00	; 0
     226:	50 e0       	ldi	r21, 0x00	; 0
     228:	04 c0       	rjmp	.+8      	; 0x232 <_fpadd_parts+0x148>
     22a:	22 0f       	add	r18, r18
     22c:	33 1f       	adc	r19, r19
     22e:	44 1f       	adc	r20, r20
     230:	55 1f       	adc	r21, r21
     232:	6a 95       	dec	r22
     234:	d2 f7       	brpl	.-12     	; 0x22a <_fpadd_parts+0x140>
     236:	21 50       	subi	r18, 0x01	; 1
     238:	30 40       	sbci	r19, 0x00	; 0
     23a:	40 40       	sbci	r20, 0x00	; 0
     23c:	50 40       	sbci	r21, 0x00	; 0
     23e:	2a 21       	and	r18, r10
     240:	3b 21       	and	r19, r11
     242:	4c 21       	and	r20, r12
     244:	5d 21       	and	r21, r13
     246:	21 15       	cp	r18, r1
     248:	31 05       	cpc	r19, r1
     24a:	41 05       	cpc	r20, r1
     24c:	51 05       	cpc	r21, r1
     24e:	21 f0       	breq	.+8      	; 0x258 <_fpadd_parts+0x16e>
     250:	21 e0       	ldi	r18, 0x01	; 1
     252:	30 e0       	ldi	r19, 0x00	; 0
     254:	40 e0       	ldi	r20, 0x00	; 0
     256:	50 e0       	ldi	r21, 0x00	; 0
     258:	59 01       	movw	r10, r18
     25a:	6a 01       	movw	r12, r20
     25c:	a6 28       	or	r10, r6
     25e:	b7 28       	or	r11, r7
     260:	c8 28       	or	r12, r8
     262:	d9 28       	or	r13, r9
     264:	0b c0       	rjmp	.+22     	; 0x27c <_fpadd_parts+0x192>
     266:	82 15       	cp	r24, r2
     268:	93 05       	cpc	r25, r3
     26a:	2c f0       	brlt	.+10     	; 0x276 <_fpadd_parts+0x18c>
     26c:	1c 01       	movw	r2, r24
     26e:	aa 24       	eor	r10, r10
     270:	bb 24       	eor	r11, r11
     272:	65 01       	movw	r12, r10
     274:	03 c0       	rjmp	.+6      	; 0x27c <_fpadd_parts+0x192>
     276:	ee 24       	eor	r14, r14
     278:	ff 24       	eor	r15, r15
     27a:	87 01       	movw	r16, r14
     27c:	11 96       	adiw	r26, 0x01	; 1
     27e:	9c 91       	ld	r25, X
     280:	d2 01       	movw	r26, r4
     282:	11 96       	adiw	r26, 0x01	; 1
     284:	8c 91       	ld	r24, X
     286:	98 17       	cp	r25, r24
     288:	09 f4       	brne	.+2      	; 0x28c <_fpadd_parts+0x1a2>
     28a:	45 c0       	rjmp	.+138    	; 0x316 <_fpadd_parts+0x22c>
     28c:	99 23       	and	r25, r25
     28e:	39 f0       	breq	.+14     	; 0x29e <_fpadd_parts+0x1b4>
     290:	a8 01       	movw	r20, r16
     292:	97 01       	movw	r18, r14
     294:	2a 19       	sub	r18, r10
     296:	3b 09       	sbc	r19, r11
     298:	4c 09       	sbc	r20, r12
     29a:	5d 09       	sbc	r21, r13
     29c:	06 c0       	rjmp	.+12     	; 0x2aa <_fpadd_parts+0x1c0>
     29e:	a6 01       	movw	r20, r12
     2a0:	95 01       	movw	r18, r10
     2a2:	2e 19       	sub	r18, r14
     2a4:	3f 09       	sbc	r19, r15
     2a6:	40 0b       	sbc	r20, r16
     2a8:	51 0b       	sbc	r21, r17
     2aa:	57 fd       	sbrc	r21, 7
     2ac:	08 c0       	rjmp	.+16     	; 0x2be <_fpadd_parts+0x1d4>
     2ae:	11 82       	std	Z+1, r1	; 0x01
     2b0:	33 82       	std	Z+3, r3	; 0x03
     2b2:	22 82       	std	Z+2, r2	; 0x02
     2b4:	24 83       	std	Z+4, r18	; 0x04
     2b6:	35 83       	std	Z+5, r19	; 0x05
     2b8:	46 83       	std	Z+6, r20	; 0x06
     2ba:	57 83       	std	Z+7, r21	; 0x07
     2bc:	1d c0       	rjmp	.+58     	; 0x2f8 <_fpadd_parts+0x20e>
     2be:	81 e0       	ldi	r24, 0x01	; 1
     2c0:	81 83       	std	Z+1, r24	; 0x01
     2c2:	33 82       	std	Z+3, r3	; 0x03
     2c4:	22 82       	std	Z+2, r2	; 0x02
     2c6:	88 27       	eor	r24, r24
     2c8:	99 27       	eor	r25, r25
     2ca:	dc 01       	movw	r26, r24
     2cc:	82 1b       	sub	r24, r18
     2ce:	93 0b       	sbc	r25, r19
     2d0:	a4 0b       	sbc	r26, r20
     2d2:	b5 0b       	sbc	r27, r21
     2d4:	84 83       	std	Z+4, r24	; 0x04
     2d6:	95 83       	std	Z+5, r25	; 0x05
     2d8:	a6 83       	std	Z+6, r26	; 0x06
     2da:	b7 83       	std	Z+7, r27	; 0x07
     2dc:	0d c0       	rjmp	.+26     	; 0x2f8 <_fpadd_parts+0x20e>
     2de:	22 0f       	add	r18, r18
     2e0:	33 1f       	adc	r19, r19
     2e2:	44 1f       	adc	r20, r20
     2e4:	55 1f       	adc	r21, r21
     2e6:	24 83       	std	Z+4, r18	; 0x04
     2e8:	35 83       	std	Z+5, r19	; 0x05
     2ea:	46 83       	std	Z+6, r20	; 0x06
     2ec:	57 83       	std	Z+7, r21	; 0x07
     2ee:	82 81       	ldd	r24, Z+2	; 0x02
     2f0:	93 81       	ldd	r25, Z+3	; 0x03
     2f2:	01 97       	sbiw	r24, 0x01	; 1
     2f4:	93 83       	std	Z+3, r25	; 0x03
     2f6:	82 83       	std	Z+2, r24	; 0x02
     2f8:	24 81       	ldd	r18, Z+4	; 0x04
     2fa:	35 81       	ldd	r19, Z+5	; 0x05
     2fc:	46 81       	ldd	r20, Z+6	; 0x06
     2fe:	57 81       	ldd	r21, Z+7	; 0x07
     300:	da 01       	movw	r26, r20
     302:	c9 01       	movw	r24, r18
     304:	01 97       	sbiw	r24, 0x01	; 1
     306:	a1 09       	sbc	r26, r1
     308:	b1 09       	sbc	r27, r1
     30a:	8f 5f       	subi	r24, 0xFF	; 255
     30c:	9f 4f       	sbci	r25, 0xFF	; 255
     30e:	af 4f       	sbci	r26, 0xFF	; 255
     310:	bf 43       	sbci	r27, 0x3F	; 63
     312:	28 f3       	brcs	.-54     	; 0x2de <_fpadd_parts+0x1f4>
     314:	0b c0       	rjmp	.+22     	; 0x32c <_fpadd_parts+0x242>
     316:	91 83       	std	Z+1, r25	; 0x01
     318:	33 82       	std	Z+3, r3	; 0x03
     31a:	22 82       	std	Z+2, r2	; 0x02
     31c:	ea 0c       	add	r14, r10
     31e:	fb 1c       	adc	r15, r11
     320:	0c 1d       	adc	r16, r12
     322:	1d 1d       	adc	r17, r13
     324:	e4 82       	std	Z+4, r14	; 0x04
     326:	f5 82       	std	Z+5, r15	; 0x05
     328:	06 83       	std	Z+6, r16	; 0x06
     32a:	17 83       	std	Z+7, r17	; 0x07
     32c:	83 e0       	ldi	r24, 0x03	; 3
     32e:	80 83       	st	Z, r24
     330:	24 81       	ldd	r18, Z+4	; 0x04
     332:	35 81       	ldd	r19, Z+5	; 0x05
     334:	46 81       	ldd	r20, Z+6	; 0x06
     336:	57 81       	ldd	r21, Z+7	; 0x07
     338:	57 ff       	sbrs	r21, 7
     33a:	1a c0       	rjmp	.+52     	; 0x370 <_fpadd_parts+0x286>
     33c:	c9 01       	movw	r24, r18
     33e:	aa 27       	eor	r26, r26
     340:	97 fd       	sbrc	r25, 7
     342:	a0 95       	com	r26
     344:	ba 2f       	mov	r27, r26
     346:	81 70       	andi	r24, 0x01	; 1
     348:	90 70       	andi	r25, 0x00	; 0
     34a:	a0 70       	andi	r26, 0x00	; 0
     34c:	b0 70       	andi	r27, 0x00	; 0
     34e:	56 95       	lsr	r21
     350:	47 95       	ror	r20
     352:	37 95       	ror	r19
     354:	27 95       	ror	r18
     356:	82 2b       	or	r24, r18
     358:	93 2b       	or	r25, r19
     35a:	a4 2b       	or	r26, r20
     35c:	b5 2b       	or	r27, r21
     35e:	84 83       	std	Z+4, r24	; 0x04
     360:	95 83       	std	Z+5, r25	; 0x05
     362:	a6 83       	std	Z+6, r26	; 0x06
     364:	b7 83       	std	Z+7, r27	; 0x07
     366:	82 81       	ldd	r24, Z+2	; 0x02
     368:	93 81       	ldd	r25, Z+3	; 0x03
     36a:	01 96       	adiw	r24, 0x01	; 1
     36c:	93 83       	std	Z+3, r25	; 0x03
     36e:	82 83       	std	Z+2, r24	; 0x02
     370:	df 01       	movw	r26, r30
     372:	01 c0       	rjmp	.+2      	; 0x376 <_fpadd_parts+0x28c>
     374:	d2 01       	movw	r26, r4
     376:	cd 01       	movw	r24, r26
     378:	cd b7       	in	r28, 0x3d	; 61
     37a:	de b7       	in	r29, 0x3e	; 62
     37c:	e2 e1       	ldi	r30, 0x12	; 18
     37e:	0c 94 42 1c 	jmp	0x3884	; 0x3884 <__epilogue_restores__>

00000382 <__subsf3>:
     382:	a0 e2       	ldi	r26, 0x20	; 32
     384:	b0 e0       	ldi	r27, 0x00	; 0
     386:	e7 ec       	ldi	r30, 0xC7	; 199
     388:	f1 e0       	ldi	r31, 0x01	; 1
     38a:	0c 94 32 1c 	jmp	0x3864	; 0x3864 <__prologue_saves__+0x18>
     38e:	69 83       	std	Y+1, r22	; 0x01
     390:	7a 83       	std	Y+2, r23	; 0x02
     392:	8b 83       	std	Y+3, r24	; 0x03
     394:	9c 83       	std	Y+4, r25	; 0x04
     396:	2d 83       	std	Y+5, r18	; 0x05
     398:	3e 83       	std	Y+6, r19	; 0x06
     39a:	4f 83       	std	Y+7, r20	; 0x07
     39c:	58 87       	std	Y+8, r21	; 0x08
     39e:	e9 e0       	ldi	r30, 0x09	; 9
     3a0:	ee 2e       	mov	r14, r30
     3a2:	f1 2c       	mov	r15, r1
     3a4:	ec 0e       	add	r14, r28
     3a6:	fd 1e       	adc	r15, r29
     3a8:	ce 01       	movw	r24, r28
     3aa:	01 96       	adiw	r24, 0x01	; 1
     3ac:	b7 01       	movw	r22, r14
     3ae:	0e 94 d2 04 	call	0x9a4	; 0x9a4 <__unpack_f>
     3b2:	8e 01       	movw	r16, r28
     3b4:	0f 5e       	subi	r16, 0xEF	; 239
     3b6:	1f 4f       	sbci	r17, 0xFF	; 255
     3b8:	ce 01       	movw	r24, r28
     3ba:	05 96       	adiw	r24, 0x05	; 5
     3bc:	b8 01       	movw	r22, r16
     3be:	0e 94 d2 04 	call	0x9a4	; 0x9a4 <__unpack_f>
     3c2:	8a 89       	ldd	r24, Y+18	; 0x12
     3c4:	91 e0       	ldi	r25, 0x01	; 1
     3c6:	89 27       	eor	r24, r25
     3c8:	8a 8b       	std	Y+18, r24	; 0x12
     3ca:	c7 01       	movw	r24, r14
     3cc:	b8 01       	movw	r22, r16
     3ce:	ae 01       	movw	r20, r28
     3d0:	47 5e       	subi	r20, 0xE7	; 231
     3d2:	5f 4f       	sbci	r21, 0xFF	; 255
     3d4:	0e 94 75 00 	call	0xea	; 0xea <_fpadd_parts>
     3d8:	0e 94 fd 03 	call	0x7fa	; 0x7fa <__pack_f>
     3dc:	a0 96       	adiw	r28, 0x20	; 32
     3de:	e6 e0       	ldi	r30, 0x06	; 6
     3e0:	0c 94 4e 1c 	jmp	0x389c	; 0x389c <__epilogue_restores__+0x18>

000003e4 <__addsf3>:
     3e4:	a0 e2       	ldi	r26, 0x20	; 32
     3e6:	b0 e0       	ldi	r27, 0x00	; 0
     3e8:	e8 ef       	ldi	r30, 0xF8	; 248
     3ea:	f1 e0       	ldi	r31, 0x01	; 1
     3ec:	0c 94 32 1c 	jmp	0x3864	; 0x3864 <__prologue_saves__+0x18>
     3f0:	69 83       	std	Y+1, r22	; 0x01
     3f2:	7a 83       	std	Y+2, r23	; 0x02
     3f4:	8b 83       	std	Y+3, r24	; 0x03
     3f6:	9c 83       	std	Y+4, r25	; 0x04
     3f8:	2d 83       	std	Y+5, r18	; 0x05
     3fa:	3e 83       	std	Y+6, r19	; 0x06
     3fc:	4f 83       	std	Y+7, r20	; 0x07
     3fe:	58 87       	std	Y+8, r21	; 0x08
     400:	f9 e0       	ldi	r31, 0x09	; 9
     402:	ef 2e       	mov	r14, r31
     404:	f1 2c       	mov	r15, r1
     406:	ec 0e       	add	r14, r28
     408:	fd 1e       	adc	r15, r29
     40a:	ce 01       	movw	r24, r28
     40c:	01 96       	adiw	r24, 0x01	; 1
     40e:	b7 01       	movw	r22, r14
     410:	0e 94 d2 04 	call	0x9a4	; 0x9a4 <__unpack_f>
     414:	8e 01       	movw	r16, r28
     416:	0f 5e       	subi	r16, 0xEF	; 239
     418:	1f 4f       	sbci	r17, 0xFF	; 255
     41a:	ce 01       	movw	r24, r28
     41c:	05 96       	adiw	r24, 0x05	; 5
     41e:	b8 01       	movw	r22, r16
     420:	0e 94 d2 04 	call	0x9a4	; 0x9a4 <__unpack_f>
     424:	c7 01       	movw	r24, r14
     426:	b8 01       	movw	r22, r16
     428:	ae 01       	movw	r20, r28
     42a:	47 5e       	subi	r20, 0xE7	; 231
     42c:	5f 4f       	sbci	r21, 0xFF	; 255
     42e:	0e 94 75 00 	call	0xea	; 0xea <_fpadd_parts>
     432:	0e 94 fd 03 	call	0x7fa	; 0x7fa <__pack_f>
     436:	a0 96       	adiw	r28, 0x20	; 32
     438:	e6 e0       	ldi	r30, 0x06	; 6
     43a:	0c 94 4e 1c 	jmp	0x389c	; 0x389c <__epilogue_restores__+0x18>

0000043e <__mulsf3>:
     43e:	a0 e2       	ldi	r26, 0x20	; 32
     440:	b0 e0       	ldi	r27, 0x00	; 0
     442:	e5 e2       	ldi	r30, 0x25	; 37
     444:	f2 e0       	ldi	r31, 0x02	; 2
     446:	0c 94 26 1c 	jmp	0x384c	; 0x384c <__prologue_saves__>
     44a:	69 83       	std	Y+1, r22	; 0x01
     44c:	7a 83       	std	Y+2, r23	; 0x02
     44e:	8b 83       	std	Y+3, r24	; 0x03
     450:	9c 83       	std	Y+4, r25	; 0x04
     452:	2d 83       	std	Y+5, r18	; 0x05
     454:	3e 83       	std	Y+6, r19	; 0x06
     456:	4f 83       	std	Y+7, r20	; 0x07
     458:	58 87       	std	Y+8, r21	; 0x08
     45a:	ce 01       	movw	r24, r28
     45c:	01 96       	adiw	r24, 0x01	; 1
     45e:	be 01       	movw	r22, r28
     460:	67 5f       	subi	r22, 0xF7	; 247
     462:	7f 4f       	sbci	r23, 0xFF	; 255
     464:	0e 94 d2 04 	call	0x9a4	; 0x9a4 <__unpack_f>
     468:	ce 01       	movw	r24, r28
     46a:	05 96       	adiw	r24, 0x05	; 5
     46c:	be 01       	movw	r22, r28
     46e:	6f 5e       	subi	r22, 0xEF	; 239
     470:	7f 4f       	sbci	r23, 0xFF	; 255
     472:	0e 94 d2 04 	call	0x9a4	; 0x9a4 <__unpack_f>
     476:	99 85       	ldd	r25, Y+9	; 0x09
     478:	92 30       	cpi	r25, 0x02	; 2
     47a:	88 f0       	brcs	.+34     	; 0x49e <__mulsf3+0x60>
     47c:	89 89       	ldd	r24, Y+17	; 0x11
     47e:	82 30       	cpi	r24, 0x02	; 2
     480:	c8 f0       	brcs	.+50     	; 0x4b4 <__mulsf3+0x76>
     482:	94 30       	cpi	r25, 0x04	; 4
     484:	19 f4       	brne	.+6      	; 0x48c <__mulsf3+0x4e>
     486:	82 30       	cpi	r24, 0x02	; 2
     488:	51 f4       	brne	.+20     	; 0x49e <__mulsf3+0x60>
     48a:	04 c0       	rjmp	.+8      	; 0x494 <__mulsf3+0x56>
     48c:	84 30       	cpi	r24, 0x04	; 4
     48e:	29 f4       	brne	.+10     	; 0x49a <__mulsf3+0x5c>
     490:	92 30       	cpi	r25, 0x02	; 2
     492:	81 f4       	brne	.+32     	; 0x4b4 <__mulsf3+0x76>
     494:	80 e1       	ldi	r24, 0x10	; 16
     496:	91 e0       	ldi	r25, 0x01	; 1
     498:	c6 c0       	rjmp	.+396    	; 0x626 <__mulsf3+0x1e8>
     49a:	92 30       	cpi	r25, 0x02	; 2
     49c:	49 f4       	brne	.+18     	; 0x4b0 <__mulsf3+0x72>
     49e:	20 e0       	ldi	r18, 0x00	; 0
     4a0:	9a 85       	ldd	r25, Y+10	; 0x0a
     4a2:	8a 89       	ldd	r24, Y+18	; 0x12
     4a4:	98 13       	cpse	r25, r24
     4a6:	21 e0       	ldi	r18, 0x01	; 1
     4a8:	2a 87       	std	Y+10, r18	; 0x0a
     4aa:	ce 01       	movw	r24, r28
     4ac:	09 96       	adiw	r24, 0x09	; 9
     4ae:	bb c0       	rjmp	.+374    	; 0x626 <__mulsf3+0x1e8>
     4b0:	82 30       	cpi	r24, 0x02	; 2
     4b2:	49 f4       	brne	.+18     	; 0x4c6 <__mulsf3+0x88>
     4b4:	20 e0       	ldi	r18, 0x00	; 0
     4b6:	9a 85       	ldd	r25, Y+10	; 0x0a
     4b8:	8a 89       	ldd	r24, Y+18	; 0x12
     4ba:	98 13       	cpse	r25, r24
     4bc:	21 e0       	ldi	r18, 0x01	; 1
     4be:	2a 8b       	std	Y+18, r18	; 0x12
     4c0:	ce 01       	movw	r24, r28
     4c2:	41 96       	adiw	r24, 0x11	; 17
     4c4:	b0 c0       	rjmp	.+352    	; 0x626 <__mulsf3+0x1e8>
     4c6:	2d 84       	ldd	r2, Y+13	; 0x0d
     4c8:	3e 84       	ldd	r3, Y+14	; 0x0e
     4ca:	4f 84       	ldd	r4, Y+15	; 0x0f
     4cc:	58 88       	ldd	r5, Y+16	; 0x10
     4ce:	6d 88       	ldd	r6, Y+21	; 0x15
     4d0:	7e 88       	ldd	r7, Y+22	; 0x16
     4d2:	8f 88       	ldd	r8, Y+23	; 0x17
     4d4:	98 8c       	ldd	r9, Y+24	; 0x18
     4d6:	ee 24       	eor	r14, r14
     4d8:	ff 24       	eor	r15, r15
     4da:	87 01       	movw	r16, r14
     4dc:	aa 24       	eor	r10, r10
     4de:	bb 24       	eor	r11, r11
     4e0:	65 01       	movw	r12, r10
     4e2:	40 e0       	ldi	r20, 0x00	; 0
     4e4:	50 e0       	ldi	r21, 0x00	; 0
     4e6:	60 e0       	ldi	r22, 0x00	; 0
     4e8:	70 e0       	ldi	r23, 0x00	; 0
     4ea:	e0 e0       	ldi	r30, 0x00	; 0
     4ec:	f0 e0       	ldi	r31, 0x00	; 0
     4ee:	c1 01       	movw	r24, r2
     4f0:	81 70       	andi	r24, 0x01	; 1
     4f2:	90 70       	andi	r25, 0x00	; 0
     4f4:	89 2b       	or	r24, r25
     4f6:	e9 f0       	breq	.+58     	; 0x532 <__mulsf3+0xf4>
     4f8:	e6 0c       	add	r14, r6
     4fa:	f7 1c       	adc	r15, r7
     4fc:	08 1d       	adc	r16, r8
     4fe:	19 1d       	adc	r17, r9
     500:	9a 01       	movw	r18, r20
     502:	ab 01       	movw	r20, r22
     504:	2a 0d       	add	r18, r10
     506:	3b 1d       	adc	r19, r11
     508:	4c 1d       	adc	r20, r12
     50a:	5d 1d       	adc	r21, r13
     50c:	80 e0       	ldi	r24, 0x00	; 0
     50e:	90 e0       	ldi	r25, 0x00	; 0
     510:	a0 e0       	ldi	r26, 0x00	; 0
     512:	b0 e0       	ldi	r27, 0x00	; 0
     514:	e6 14       	cp	r14, r6
     516:	f7 04       	cpc	r15, r7
     518:	08 05       	cpc	r16, r8
     51a:	19 05       	cpc	r17, r9
     51c:	20 f4       	brcc	.+8      	; 0x526 <__mulsf3+0xe8>
     51e:	81 e0       	ldi	r24, 0x01	; 1
     520:	90 e0       	ldi	r25, 0x00	; 0
     522:	a0 e0       	ldi	r26, 0x00	; 0
     524:	b0 e0       	ldi	r27, 0x00	; 0
     526:	ba 01       	movw	r22, r20
     528:	a9 01       	movw	r20, r18
     52a:	48 0f       	add	r20, r24
     52c:	59 1f       	adc	r21, r25
     52e:	6a 1f       	adc	r22, r26
     530:	7b 1f       	adc	r23, r27
     532:	aa 0c       	add	r10, r10
     534:	bb 1c       	adc	r11, r11
     536:	cc 1c       	adc	r12, r12
     538:	dd 1c       	adc	r13, r13
     53a:	97 fe       	sbrs	r9, 7
     53c:	08 c0       	rjmp	.+16     	; 0x54e <__mulsf3+0x110>
     53e:	81 e0       	ldi	r24, 0x01	; 1
     540:	90 e0       	ldi	r25, 0x00	; 0
     542:	a0 e0       	ldi	r26, 0x00	; 0
     544:	b0 e0       	ldi	r27, 0x00	; 0
     546:	a8 2a       	or	r10, r24
     548:	b9 2a       	or	r11, r25
     54a:	ca 2a       	or	r12, r26
     54c:	db 2a       	or	r13, r27
     54e:	31 96       	adiw	r30, 0x01	; 1
     550:	e0 32       	cpi	r30, 0x20	; 32
     552:	f1 05       	cpc	r31, r1
     554:	49 f0       	breq	.+18     	; 0x568 <__mulsf3+0x12a>
     556:	66 0c       	add	r6, r6
     558:	77 1c       	adc	r7, r7
     55a:	88 1c       	adc	r8, r8
     55c:	99 1c       	adc	r9, r9
     55e:	56 94       	lsr	r5
     560:	47 94       	ror	r4
     562:	37 94       	ror	r3
     564:	27 94       	ror	r2
     566:	c3 cf       	rjmp	.-122    	; 0x4ee <__mulsf3+0xb0>
     568:	fa 85       	ldd	r31, Y+10	; 0x0a
     56a:	ea 89       	ldd	r30, Y+18	; 0x12
     56c:	2b 89       	ldd	r18, Y+19	; 0x13
     56e:	3c 89       	ldd	r19, Y+20	; 0x14
     570:	8b 85       	ldd	r24, Y+11	; 0x0b
     572:	9c 85       	ldd	r25, Y+12	; 0x0c
     574:	28 0f       	add	r18, r24
     576:	39 1f       	adc	r19, r25
     578:	2e 5f       	subi	r18, 0xFE	; 254
     57a:	3f 4f       	sbci	r19, 0xFF	; 255
     57c:	17 c0       	rjmp	.+46     	; 0x5ac <__mulsf3+0x16e>
     57e:	ca 01       	movw	r24, r20
     580:	81 70       	andi	r24, 0x01	; 1
     582:	90 70       	andi	r25, 0x00	; 0
     584:	89 2b       	or	r24, r25
     586:	61 f0       	breq	.+24     	; 0x5a0 <__mulsf3+0x162>
     588:	16 95       	lsr	r17
     58a:	07 95       	ror	r16
     58c:	f7 94       	ror	r15
     58e:	e7 94       	ror	r14
     590:	80 e0       	ldi	r24, 0x00	; 0
     592:	90 e0       	ldi	r25, 0x00	; 0
     594:	a0 e0       	ldi	r26, 0x00	; 0
     596:	b0 e8       	ldi	r27, 0x80	; 128
     598:	e8 2a       	or	r14, r24
     59a:	f9 2a       	or	r15, r25
     59c:	0a 2b       	or	r16, r26
     59e:	1b 2b       	or	r17, r27
     5a0:	76 95       	lsr	r23
     5a2:	67 95       	ror	r22
     5a4:	57 95       	ror	r21
     5a6:	47 95       	ror	r20
     5a8:	2f 5f       	subi	r18, 0xFF	; 255
     5aa:	3f 4f       	sbci	r19, 0xFF	; 255
     5ac:	77 fd       	sbrc	r23, 7
     5ae:	e7 cf       	rjmp	.-50     	; 0x57e <__mulsf3+0x140>
     5b0:	0c c0       	rjmp	.+24     	; 0x5ca <__mulsf3+0x18c>
     5b2:	44 0f       	add	r20, r20
     5b4:	55 1f       	adc	r21, r21
     5b6:	66 1f       	adc	r22, r22
     5b8:	77 1f       	adc	r23, r23
     5ba:	17 fd       	sbrc	r17, 7
     5bc:	41 60       	ori	r20, 0x01	; 1
     5be:	ee 0c       	add	r14, r14
     5c0:	ff 1c       	adc	r15, r15
     5c2:	00 1f       	adc	r16, r16
     5c4:	11 1f       	adc	r17, r17
     5c6:	21 50       	subi	r18, 0x01	; 1
     5c8:	30 40       	sbci	r19, 0x00	; 0
     5ca:	40 30       	cpi	r20, 0x00	; 0
     5cc:	90 e0       	ldi	r25, 0x00	; 0
     5ce:	59 07       	cpc	r21, r25
     5d0:	90 e0       	ldi	r25, 0x00	; 0
     5d2:	69 07       	cpc	r22, r25
     5d4:	90 e4       	ldi	r25, 0x40	; 64
     5d6:	79 07       	cpc	r23, r25
     5d8:	60 f3       	brcs	.-40     	; 0x5b2 <__mulsf3+0x174>
     5da:	2b 8f       	std	Y+27, r18	; 0x1b
     5dc:	3c 8f       	std	Y+28, r19	; 0x1c
     5de:	db 01       	movw	r26, r22
     5e0:	ca 01       	movw	r24, r20
     5e2:	8f 77       	andi	r24, 0x7F	; 127
     5e4:	90 70       	andi	r25, 0x00	; 0
     5e6:	a0 70       	andi	r26, 0x00	; 0
     5e8:	b0 70       	andi	r27, 0x00	; 0
     5ea:	80 34       	cpi	r24, 0x40	; 64
     5ec:	91 05       	cpc	r25, r1
     5ee:	a1 05       	cpc	r26, r1
     5f0:	b1 05       	cpc	r27, r1
     5f2:	61 f4       	brne	.+24     	; 0x60c <__mulsf3+0x1ce>
     5f4:	47 fd       	sbrc	r20, 7
     5f6:	0a c0       	rjmp	.+20     	; 0x60c <__mulsf3+0x1ce>
     5f8:	e1 14       	cp	r14, r1
     5fa:	f1 04       	cpc	r15, r1
     5fc:	01 05       	cpc	r16, r1
     5fe:	11 05       	cpc	r17, r1
     600:	29 f0       	breq	.+10     	; 0x60c <__mulsf3+0x1ce>
     602:	40 5c       	subi	r20, 0xC0	; 192
     604:	5f 4f       	sbci	r21, 0xFF	; 255
     606:	6f 4f       	sbci	r22, 0xFF	; 255
     608:	7f 4f       	sbci	r23, 0xFF	; 255
     60a:	40 78       	andi	r20, 0x80	; 128
     60c:	1a 8e       	std	Y+26, r1	; 0x1a
     60e:	fe 17       	cp	r31, r30
     610:	11 f0       	breq	.+4      	; 0x616 <__mulsf3+0x1d8>
     612:	81 e0       	ldi	r24, 0x01	; 1
     614:	8a 8f       	std	Y+26, r24	; 0x1a
     616:	4d 8f       	std	Y+29, r20	; 0x1d
     618:	5e 8f       	std	Y+30, r21	; 0x1e
     61a:	6f 8f       	std	Y+31, r22	; 0x1f
     61c:	78 a3       	std	Y+32, r23	; 0x20
     61e:	83 e0       	ldi	r24, 0x03	; 3
     620:	89 8f       	std	Y+25, r24	; 0x19
     622:	ce 01       	movw	r24, r28
     624:	49 96       	adiw	r24, 0x19	; 25
     626:	0e 94 fd 03 	call	0x7fa	; 0x7fa <__pack_f>
     62a:	a0 96       	adiw	r28, 0x20	; 32
     62c:	e2 e1       	ldi	r30, 0x12	; 18
     62e:	0c 94 42 1c 	jmp	0x3884	; 0x3884 <__epilogue_restores__>

00000632 <__gtsf2>:
     632:	a8 e1       	ldi	r26, 0x18	; 24
     634:	b0 e0       	ldi	r27, 0x00	; 0
     636:	ef e1       	ldi	r30, 0x1F	; 31
     638:	f3 e0       	ldi	r31, 0x03	; 3
     63a:	0c 94 32 1c 	jmp	0x3864	; 0x3864 <__prologue_saves__+0x18>
     63e:	69 83       	std	Y+1, r22	; 0x01
     640:	7a 83       	std	Y+2, r23	; 0x02
     642:	8b 83       	std	Y+3, r24	; 0x03
     644:	9c 83       	std	Y+4, r25	; 0x04
     646:	2d 83       	std	Y+5, r18	; 0x05
     648:	3e 83       	std	Y+6, r19	; 0x06
     64a:	4f 83       	std	Y+7, r20	; 0x07
     64c:	58 87       	std	Y+8, r21	; 0x08
     64e:	89 e0       	ldi	r24, 0x09	; 9
     650:	e8 2e       	mov	r14, r24
     652:	f1 2c       	mov	r15, r1
     654:	ec 0e       	add	r14, r28
     656:	fd 1e       	adc	r15, r29
     658:	ce 01       	movw	r24, r28
     65a:	01 96       	adiw	r24, 0x01	; 1
     65c:	b7 01       	movw	r22, r14
     65e:	0e 94 d2 04 	call	0x9a4	; 0x9a4 <__unpack_f>
     662:	8e 01       	movw	r16, r28
     664:	0f 5e       	subi	r16, 0xEF	; 239
     666:	1f 4f       	sbci	r17, 0xFF	; 255
     668:	ce 01       	movw	r24, r28
     66a:	05 96       	adiw	r24, 0x05	; 5
     66c:	b8 01       	movw	r22, r16
     66e:	0e 94 d2 04 	call	0x9a4	; 0x9a4 <__unpack_f>
     672:	89 85       	ldd	r24, Y+9	; 0x09
     674:	82 30       	cpi	r24, 0x02	; 2
     676:	40 f0       	brcs	.+16     	; 0x688 <__gtsf2+0x56>
     678:	89 89       	ldd	r24, Y+17	; 0x11
     67a:	82 30       	cpi	r24, 0x02	; 2
     67c:	28 f0       	brcs	.+10     	; 0x688 <__gtsf2+0x56>
     67e:	c7 01       	movw	r24, r14
     680:	b8 01       	movw	r22, r16
     682:	0e 94 4a 05 	call	0xa94	; 0xa94 <__fpcmp_parts_f>
     686:	01 c0       	rjmp	.+2      	; 0x68a <__gtsf2+0x58>
     688:	8f ef       	ldi	r24, 0xFF	; 255
     68a:	68 96       	adiw	r28, 0x18	; 24
     68c:	e6 e0       	ldi	r30, 0x06	; 6
     68e:	0c 94 4e 1c 	jmp	0x389c	; 0x389c <__epilogue_restores__+0x18>

00000692 <__gesf2>:
     692:	a8 e1       	ldi	r26, 0x18	; 24
     694:	b0 e0       	ldi	r27, 0x00	; 0
     696:	ef e4       	ldi	r30, 0x4F	; 79
     698:	f3 e0       	ldi	r31, 0x03	; 3
     69a:	0c 94 32 1c 	jmp	0x3864	; 0x3864 <__prologue_saves__+0x18>
     69e:	69 83       	std	Y+1, r22	; 0x01
     6a0:	7a 83       	std	Y+2, r23	; 0x02
     6a2:	8b 83       	std	Y+3, r24	; 0x03
     6a4:	9c 83       	std	Y+4, r25	; 0x04
     6a6:	2d 83       	std	Y+5, r18	; 0x05
     6a8:	3e 83       	std	Y+6, r19	; 0x06
     6aa:	4f 83       	std	Y+7, r20	; 0x07
     6ac:	58 87       	std	Y+8, r21	; 0x08
     6ae:	89 e0       	ldi	r24, 0x09	; 9
     6b0:	e8 2e       	mov	r14, r24
     6b2:	f1 2c       	mov	r15, r1
     6b4:	ec 0e       	add	r14, r28
     6b6:	fd 1e       	adc	r15, r29
     6b8:	ce 01       	movw	r24, r28
     6ba:	01 96       	adiw	r24, 0x01	; 1
     6bc:	b7 01       	movw	r22, r14
     6be:	0e 94 d2 04 	call	0x9a4	; 0x9a4 <__unpack_f>
     6c2:	8e 01       	movw	r16, r28
     6c4:	0f 5e       	subi	r16, 0xEF	; 239
     6c6:	1f 4f       	sbci	r17, 0xFF	; 255
     6c8:	ce 01       	movw	r24, r28
     6ca:	05 96       	adiw	r24, 0x05	; 5
     6cc:	b8 01       	movw	r22, r16
     6ce:	0e 94 d2 04 	call	0x9a4	; 0x9a4 <__unpack_f>
     6d2:	89 85       	ldd	r24, Y+9	; 0x09
     6d4:	82 30       	cpi	r24, 0x02	; 2
     6d6:	40 f0       	brcs	.+16     	; 0x6e8 <__gesf2+0x56>
     6d8:	89 89       	ldd	r24, Y+17	; 0x11
     6da:	82 30       	cpi	r24, 0x02	; 2
     6dc:	28 f0       	brcs	.+10     	; 0x6e8 <__gesf2+0x56>
     6de:	c7 01       	movw	r24, r14
     6e0:	b8 01       	movw	r22, r16
     6e2:	0e 94 4a 05 	call	0xa94	; 0xa94 <__fpcmp_parts_f>
     6e6:	01 c0       	rjmp	.+2      	; 0x6ea <__gesf2+0x58>
     6e8:	8f ef       	ldi	r24, 0xFF	; 255
     6ea:	68 96       	adiw	r28, 0x18	; 24
     6ec:	e6 e0       	ldi	r30, 0x06	; 6
     6ee:	0c 94 4e 1c 	jmp	0x389c	; 0x389c <__epilogue_restores__+0x18>

000006f2 <__ltsf2>:
     6f2:	a8 e1       	ldi	r26, 0x18	; 24
     6f4:	b0 e0       	ldi	r27, 0x00	; 0
     6f6:	ef e7       	ldi	r30, 0x7F	; 127
     6f8:	f3 e0       	ldi	r31, 0x03	; 3
     6fa:	0c 94 32 1c 	jmp	0x3864	; 0x3864 <__prologue_saves__+0x18>
     6fe:	69 83       	std	Y+1, r22	; 0x01
     700:	7a 83       	std	Y+2, r23	; 0x02
     702:	8b 83       	std	Y+3, r24	; 0x03
     704:	9c 83       	std	Y+4, r25	; 0x04
     706:	2d 83       	std	Y+5, r18	; 0x05
     708:	3e 83       	std	Y+6, r19	; 0x06
     70a:	4f 83       	std	Y+7, r20	; 0x07
     70c:	58 87       	std	Y+8, r21	; 0x08
     70e:	89 e0       	ldi	r24, 0x09	; 9
     710:	e8 2e       	mov	r14, r24
     712:	f1 2c       	mov	r15, r1
     714:	ec 0e       	add	r14, r28
     716:	fd 1e       	adc	r15, r29
     718:	ce 01       	movw	r24, r28
     71a:	01 96       	adiw	r24, 0x01	; 1
     71c:	b7 01       	movw	r22, r14
     71e:	0e 94 d2 04 	call	0x9a4	; 0x9a4 <__unpack_f>
     722:	8e 01       	movw	r16, r28
     724:	0f 5e       	subi	r16, 0xEF	; 239
     726:	1f 4f       	sbci	r17, 0xFF	; 255
     728:	ce 01       	movw	r24, r28
     72a:	05 96       	adiw	r24, 0x05	; 5
     72c:	b8 01       	movw	r22, r16
     72e:	0e 94 d2 04 	call	0x9a4	; 0x9a4 <__unpack_f>
     732:	89 85       	ldd	r24, Y+9	; 0x09
     734:	82 30       	cpi	r24, 0x02	; 2
     736:	40 f0       	brcs	.+16     	; 0x748 <__ltsf2+0x56>
     738:	89 89       	ldd	r24, Y+17	; 0x11
     73a:	82 30       	cpi	r24, 0x02	; 2
     73c:	28 f0       	brcs	.+10     	; 0x748 <__ltsf2+0x56>
     73e:	c7 01       	movw	r24, r14
     740:	b8 01       	movw	r22, r16
     742:	0e 94 4a 05 	call	0xa94	; 0xa94 <__fpcmp_parts_f>
     746:	01 c0       	rjmp	.+2      	; 0x74a <__ltsf2+0x58>
     748:	81 e0       	ldi	r24, 0x01	; 1
     74a:	68 96       	adiw	r28, 0x18	; 24
     74c:	e6 e0       	ldi	r30, 0x06	; 6
     74e:	0c 94 4e 1c 	jmp	0x389c	; 0x389c <__epilogue_restores__+0x18>

00000752 <__fixsfsi>:
     752:	ac e0       	ldi	r26, 0x0C	; 12
     754:	b0 e0       	ldi	r27, 0x00	; 0
     756:	ef ea       	ldi	r30, 0xAF	; 175
     758:	f3 e0       	ldi	r31, 0x03	; 3
     75a:	0c 94 36 1c 	jmp	0x386c	; 0x386c <__prologue_saves__+0x20>
     75e:	69 83       	std	Y+1, r22	; 0x01
     760:	7a 83       	std	Y+2, r23	; 0x02
     762:	8b 83       	std	Y+3, r24	; 0x03
     764:	9c 83       	std	Y+4, r25	; 0x04
     766:	ce 01       	movw	r24, r28
     768:	01 96       	adiw	r24, 0x01	; 1
     76a:	be 01       	movw	r22, r28
     76c:	6b 5f       	subi	r22, 0xFB	; 251
     76e:	7f 4f       	sbci	r23, 0xFF	; 255
     770:	0e 94 d2 04 	call	0x9a4	; 0x9a4 <__unpack_f>
     774:	8d 81       	ldd	r24, Y+5	; 0x05
     776:	82 30       	cpi	r24, 0x02	; 2
     778:	61 f1       	breq	.+88     	; 0x7d2 <__fixsfsi+0x80>
     77a:	82 30       	cpi	r24, 0x02	; 2
     77c:	50 f1       	brcs	.+84     	; 0x7d2 <__fixsfsi+0x80>
     77e:	84 30       	cpi	r24, 0x04	; 4
     780:	21 f4       	brne	.+8      	; 0x78a <__fixsfsi+0x38>
     782:	8e 81       	ldd	r24, Y+6	; 0x06
     784:	88 23       	and	r24, r24
     786:	51 f1       	breq	.+84     	; 0x7dc <__fixsfsi+0x8a>
     788:	2e c0       	rjmp	.+92     	; 0x7e6 <__fixsfsi+0x94>
     78a:	2f 81       	ldd	r18, Y+7	; 0x07
     78c:	38 85       	ldd	r19, Y+8	; 0x08
     78e:	37 fd       	sbrc	r19, 7
     790:	20 c0       	rjmp	.+64     	; 0x7d2 <__fixsfsi+0x80>
     792:	6e 81       	ldd	r22, Y+6	; 0x06
     794:	2f 31       	cpi	r18, 0x1F	; 31
     796:	31 05       	cpc	r19, r1
     798:	1c f0       	brlt	.+6      	; 0x7a0 <__fixsfsi+0x4e>
     79a:	66 23       	and	r22, r22
     79c:	f9 f0       	breq	.+62     	; 0x7dc <__fixsfsi+0x8a>
     79e:	23 c0       	rjmp	.+70     	; 0x7e6 <__fixsfsi+0x94>
     7a0:	8e e1       	ldi	r24, 0x1E	; 30
     7a2:	90 e0       	ldi	r25, 0x00	; 0
     7a4:	82 1b       	sub	r24, r18
     7a6:	93 0b       	sbc	r25, r19
     7a8:	29 85       	ldd	r18, Y+9	; 0x09
     7aa:	3a 85       	ldd	r19, Y+10	; 0x0a
     7ac:	4b 85       	ldd	r20, Y+11	; 0x0b
     7ae:	5c 85       	ldd	r21, Y+12	; 0x0c
     7b0:	04 c0       	rjmp	.+8      	; 0x7ba <__fixsfsi+0x68>
     7b2:	56 95       	lsr	r21
     7b4:	47 95       	ror	r20
     7b6:	37 95       	ror	r19
     7b8:	27 95       	ror	r18
     7ba:	8a 95       	dec	r24
     7bc:	d2 f7       	brpl	.-12     	; 0x7b2 <__fixsfsi+0x60>
     7be:	66 23       	and	r22, r22
     7c0:	b1 f0       	breq	.+44     	; 0x7ee <__fixsfsi+0x9c>
     7c2:	50 95       	com	r21
     7c4:	40 95       	com	r20
     7c6:	30 95       	com	r19
     7c8:	21 95       	neg	r18
     7ca:	3f 4f       	sbci	r19, 0xFF	; 255
     7cc:	4f 4f       	sbci	r20, 0xFF	; 255
     7ce:	5f 4f       	sbci	r21, 0xFF	; 255
     7d0:	0e c0       	rjmp	.+28     	; 0x7ee <__fixsfsi+0x9c>
     7d2:	20 e0       	ldi	r18, 0x00	; 0
     7d4:	30 e0       	ldi	r19, 0x00	; 0
     7d6:	40 e0       	ldi	r20, 0x00	; 0
     7d8:	50 e0       	ldi	r21, 0x00	; 0
     7da:	09 c0       	rjmp	.+18     	; 0x7ee <__fixsfsi+0x9c>
     7dc:	2f ef       	ldi	r18, 0xFF	; 255
     7de:	3f ef       	ldi	r19, 0xFF	; 255
     7e0:	4f ef       	ldi	r20, 0xFF	; 255
     7e2:	5f e7       	ldi	r21, 0x7F	; 127
     7e4:	04 c0       	rjmp	.+8      	; 0x7ee <__fixsfsi+0x9c>
     7e6:	20 e0       	ldi	r18, 0x00	; 0
     7e8:	30 e0       	ldi	r19, 0x00	; 0
     7ea:	40 e0       	ldi	r20, 0x00	; 0
     7ec:	50 e8       	ldi	r21, 0x80	; 128
     7ee:	b9 01       	movw	r22, r18
     7f0:	ca 01       	movw	r24, r20
     7f2:	2c 96       	adiw	r28, 0x0c	; 12
     7f4:	e2 e0       	ldi	r30, 0x02	; 2
     7f6:	0c 94 52 1c 	jmp	0x38a4	; 0x38a4 <__epilogue_restores__+0x20>

000007fa <__pack_f>:
     7fa:	df 92       	push	r13
     7fc:	ef 92       	push	r14
     7fe:	ff 92       	push	r15
     800:	0f 93       	push	r16
     802:	1f 93       	push	r17
     804:	fc 01       	movw	r30, r24
     806:	e4 80       	ldd	r14, Z+4	; 0x04
     808:	f5 80       	ldd	r15, Z+5	; 0x05
     80a:	06 81       	ldd	r16, Z+6	; 0x06
     80c:	17 81       	ldd	r17, Z+7	; 0x07
     80e:	d1 80       	ldd	r13, Z+1	; 0x01
     810:	80 81       	ld	r24, Z
     812:	82 30       	cpi	r24, 0x02	; 2
     814:	48 f4       	brcc	.+18     	; 0x828 <__pack_f+0x2e>
     816:	80 e0       	ldi	r24, 0x00	; 0
     818:	90 e0       	ldi	r25, 0x00	; 0
     81a:	a0 e1       	ldi	r26, 0x10	; 16
     81c:	b0 e0       	ldi	r27, 0x00	; 0
     81e:	e8 2a       	or	r14, r24
     820:	f9 2a       	or	r15, r25
     822:	0a 2b       	or	r16, r26
     824:	1b 2b       	or	r17, r27
     826:	a5 c0       	rjmp	.+330    	; 0x972 <__stack+0x113>
     828:	84 30       	cpi	r24, 0x04	; 4
     82a:	09 f4       	brne	.+2      	; 0x82e <__pack_f+0x34>
     82c:	9f c0       	rjmp	.+318    	; 0x96c <__stack+0x10d>
     82e:	82 30       	cpi	r24, 0x02	; 2
     830:	21 f4       	brne	.+8      	; 0x83a <__pack_f+0x40>
     832:	ee 24       	eor	r14, r14
     834:	ff 24       	eor	r15, r15
     836:	87 01       	movw	r16, r14
     838:	05 c0       	rjmp	.+10     	; 0x844 <__pack_f+0x4a>
     83a:	e1 14       	cp	r14, r1
     83c:	f1 04       	cpc	r15, r1
     83e:	01 05       	cpc	r16, r1
     840:	11 05       	cpc	r17, r1
     842:	19 f4       	brne	.+6      	; 0x84a <__pack_f+0x50>
     844:	e0 e0       	ldi	r30, 0x00	; 0
     846:	f0 e0       	ldi	r31, 0x00	; 0
     848:	96 c0       	rjmp	.+300    	; 0x976 <__stack+0x117>
     84a:	62 81       	ldd	r22, Z+2	; 0x02
     84c:	73 81       	ldd	r23, Z+3	; 0x03
     84e:	9f ef       	ldi	r25, 0xFF	; 255
     850:	62 38       	cpi	r22, 0x82	; 130
     852:	79 07       	cpc	r23, r25
     854:	0c f0       	brlt	.+2      	; 0x858 <__pack_f+0x5e>
     856:	5b c0       	rjmp	.+182    	; 0x90e <__stack+0xaf>
     858:	22 e8       	ldi	r18, 0x82	; 130
     85a:	3f ef       	ldi	r19, 0xFF	; 255
     85c:	26 1b       	sub	r18, r22
     85e:	37 0b       	sbc	r19, r23
     860:	2a 31       	cpi	r18, 0x1A	; 26
     862:	31 05       	cpc	r19, r1
     864:	2c f0       	brlt	.+10     	; 0x870 <__stack+0x11>
     866:	20 e0       	ldi	r18, 0x00	; 0
     868:	30 e0       	ldi	r19, 0x00	; 0
     86a:	40 e0       	ldi	r20, 0x00	; 0
     86c:	50 e0       	ldi	r21, 0x00	; 0
     86e:	2a c0       	rjmp	.+84     	; 0x8c4 <__stack+0x65>
     870:	b8 01       	movw	r22, r16
     872:	a7 01       	movw	r20, r14
     874:	02 2e       	mov	r0, r18
     876:	04 c0       	rjmp	.+8      	; 0x880 <__stack+0x21>
     878:	76 95       	lsr	r23
     87a:	67 95       	ror	r22
     87c:	57 95       	ror	r21
     87e:	47 95       	ror	r20
     880:	0a 94       	dec	r0
     882:	d2 f7       	brpl	.-12     	; 0x878 <__stack+0x19>
     884:	81 e0       	ldi	r24, 0x01	; 1
     886:	90 e0       	ldi	r25, 0x00	; 0
     888:	a0 e0       	ldi	r26, 0x00	; 0
     88a:	b0 e0       	ldi	r27, 0x00	; 0
     88c:	04 c0       	rjmp	.+8      	; 0x896 <__stack+0x37>
     88e:	88 0f       	add	r24, r24
     890:	99 1f       	adc	r25, r25
     892:	aa 1f       	adc	r26, r26
     894:	bb 1f       	adc	r27, r27
     896:	2a 95       	dec	r18
     898:	d2 f7       	brpl	.-12     	; 0x88e <__stack+0x2f>
     89a:	01 97       	sbiw	r24, 0x01	; 1
     89c:	a1 09       	sbc	r26, r1
     89e:	b1 09       	sbc	r27, r1
     8a0:	8e 21       	and	r24, r14
     8a2:	9f 21       	and	r25, r15
     8a4:	a0 23       	and	r26, r16
     8a6:	b1 23       	and	r27, r17
     8a8:	00 97       	sbiw	r24, 0x00	; 0
     8aa:	a1 05       	cpc	r26, r1
     8ac:	b1 05       	cpc	r27, r1
     8ae:	21 f0       	breq	.+8      	; 0x8b8 <__stack+0x59>
     8b0:	81 e0       	ldi	r24, 0x01	; 1
     8b2:	90 e0       	ldi	r25, 0x00	; 0
     8b4:	a0 e0       	ldi	r26, 0x00	; 0
     8b6:	b0 e0       	ldi	r27, 0x00	; 0
     8b8:	9a 01       	movw	r18, r20
     8ba:	ab 01       	movw	r20, r22
     8bc:	28 2b       	or	r18, r24
     8be:	39 2b       	or	r19, r25
     8c0:	4a 2b       	or	r20, r26
     8c2:	5b 2b       	or	r21, r27
     8c4:	da 01       	movw	r26, r20
     8c6:	c9 01       	movw	r24, r18
     8c8:	8f 77       	andi	r24, 0x7F	; 127
     8ca:	90 70       	andi	r25, 0x00	; 0
     8cc:	a0 70       	andi	r26, 0x00	; 0
     8ce:	b0 70       	andi	r27, 0x00	; 0
     8d0:	80 34       	cpi	r24, 0x40	; 64
     8d2:	91 05       	cpc	r25, r1
     8d4:	a1 05       	cpc	r26, r1
     8d6:	b1 05       	cpc	r27, r1
     8d8:	39 f4       	brne	.+14     	; 0x8e8 <__stack+0x89>
     8da:	27 ff       	sbrs	r18, 7
     8dc:	09 c0       	rjmp	.+18     	; 0x8f0 <__stack+0x91>
     8de:	20 5c       	subi	r18, 0xC0	; 192
     8e0:	3f 4f       	sbci	r19, 0xFF	; 255
     8e2:	4f 4f       	sbci	r20, 0xFF	; 255
     8e4:	5f 4f       	sbci	r21, 0xFF	; 255
     8e6:	04 c0       	rjmp	.+8      	; 0x8f0 <__stack+0x91>
     8e8:	21 5c       	subi	r18, 0xC1	; 193
     8ea:	3f 4f       	sbci	r19, 0xFF	; 255
     8ec:	4f 4f       	sbci	r20, 0xFF	; 255
     8ee:	5f 4f       	sbci	r21, 0xFF	; 255
     8f0:	e0 e0       	ldi	r30, 0x00	; 0
     8f2:	f0 e0       	ldi	r31, 0x00	; 0
     8f4:	20 30       	cpi	r18, 0x00	; 0
     8f6:	a0 e0       	ldi	r26, 0x00	; 0
     8f8:	3a 07       	cpc	r19, r26
     8fa:	a0 e0       	ldi	r26, 0x00	; 0
     8fc:	4a 07       	cpc	r20, r26
     8fe:	a0 e4       	ldi	r26, 0x40	; 64
     900:	5a 07       	cpc	r21, r26
     902:	10 f0       	brcs	.+4      	; 0x908 <__stack+0xa9>
     904:	e1 e0       	ldi	r30, 0x01	; 1
     906:	f0 e0       	ldi	r31, 0x00	; 0
     908:	79 01       	movw	r14, r18
     90a:	8a 01       	movw	r16, r20
     90c:	27 c0       	rjmp	.+78     	; 0x95c <__stack+0xfd>
     90e:	60 38       	cpi	r22, 0x80	; 128
     910:	71 05       	cpc	r23, r1
     912:	64 f5       	brge	.+88     	; 0x96c <__stack+0x10d>
     914:	fb 01       	movw	r30, r22
     916:	e1 58       	subi	r30, 0x81	; 129
     918:	ff 4f       	sbci	r31, 0xFF	; 255
     91a:	d8 01       	movw	r26, r16
     91c:	c7 01       	movw	r24, r14
     91e:	8f 77       	andi	r24, 0x7F	; 127
     920:	90 70       	andi	r25, 0x00	; 0
     922:	a0 70       	andi	r26, 0x00	; 0
     924:	b0 70       	andi	r27, 0x00	; 0
     926:	80 34       	cpi	r24, 0x40	; 64
     928:	91 05       	cpc	r25, r1
     92a:	a1 05       	cpc	r26, r1
     92c:	b1 05       	cpc	r27, r1
     92e:	39 f4       	brne	.+14     	; 0x93e <__stack+0xdf>
     930:	e7 fe       	sbrs	r14, 7
     932:	0d c0       	rjmp	.+26     	; 0x94e <__stack+0xef>
     934:	80 e4       	ldi	r24, 0x40	; 64
     936:	90 e0       	ldi	r25, 0x00	; 0
     938:	a0 e0       	ldi	r26, 0x00	; 0
     93a:	b0 e0       	ldi	r27, 0x00	; 0
     93c:	04 c0       	rjmp	.+8      	; 0x946 <__stack+0xe7>
     93e:	8f e3       	ldi	r24, 0x3F	; 63
     940:	90 e0       	ldi	r25, 0x00	; 0
     942:	a0 e0       	ldi	r26, 0x00	; 0
     944:	b0 e0       	ldi	r27, 0x00	; 0
     946:	e8 0e       	add	r14, r24
     948:	f9 1e       	adc	r15, r25
     94a:	0a 1f       	adc	r16, r26
     94c:	1b 1f       	adc	r17, r27
     94e:	17 ff       	sbrs	r17, 7
     950:	05 c0       	rjmp	.+10     	; 0x95c <__stack+0xfd>
     952:	16 95       	lsr	r17
     954:	07 95       	ror	r16
     956:	f7 94       	ror	r15
     958:	e7 94       	ror	r14
     95a:	31 96       	adiw	r30, 0x01	; 1
     95c:	87 e0       	ldi	r24, 0x07	; 7
     95e:	16 95       	lsr	r17
     960:	07 95       	ror	r16
     962:	f7 94       	ror	r15
     964:	e7 94       	ror	r14
     966:	8a 95       	dec	r24
     968:	d1 f7       	brne	.-12     	; 0x95e <__stack+0xff>
     96a:	05 c0       	rjmp	.+10     	; 0x976 <__stack+0x117>
     96c:	ee 24       	eor	r14, r14
     96e:	ff 24       	eor	r15, r15
     970:	87 01       	movw	r16, r14
     972:	ef ef       	ldi	r30, 0xFF	; 255
     974:	f0 e0       	ldi	r31, 0x00	; 0
     976:	6e 2f       	mov	r22, r30
     978:	67 95       	ror	r22
     97a:	66 27       	eor	r22, r22
     97c:	67 95       	ror	r22
     97e:	90 2f       	mov	r25, r16
     980:	9f 77       	andi	r25, 0x7F	; 127
     982:	d7 94       	ror	r13
     984:	dd 24       	eor	r13, r13
     986:	d7 94       	ror	r13
     988:	8e 2f       	mov	r24, r30
     98a:	86 95       	lsr	r24
     98c:	49 2f       	mov	r20, r25
     98e:	46 2b       	or	r20, r22
     990:	58 2f       	mov	r21, r24
     992:	5d 29       	or	r21, r13
     994:	b7 01       	movw	r22, r14
     996:	ca 01       	movw	r24, r20
     998:	1f 91       	pop	r17
     99a:	0f 91       	pop	r16
     99c:	ff 90       	pop	r15
     99e:	ef 90       	pop	r14
     9a0:	df 90       	pop	r13
     9a2:	08 95       	ret

000009a4 <__unpack_f>:
     9a4:	fc 01       	movw	r30, r24
     9a6:	db 01       	movw	r26, r22
     9a8:	40 81       	ld	r20, Z
     9aa:	51 81       	ldd	r21, Z+1	; 0x01
     9ac:	22 81       	ldd	r18, Z+2	; 0x02
     9ae:	62 2f       	mov	r22, r18
     9b0:	6f 77       	andi	r22, 0x7F	; 127
     9b2:	70 e0       	ldi	r23, 0x00	; 0
     9b4:	22 1f       	adc	r18, r18
     9b6:	22 27       	eor	r18, r18
     9b8:	22 1f       	adc	r18, r18
     9ba:	93 81       	ldd	r25, Z+3	; 0x03
     9bc:	89 2f       	mov	r24, r25
     9be:	88 0f       	add	r24, r24
     9c0:	82 2b       	or	r24, r18
     9c2:	28 2f       	mov	r18, r24
     9c4:	30 e0       	ldi	r19, 0x00	; 0
     9c6:	99 1f       	adc	r25, r25
     9c8:	99 27       	eor	r25, r25
     9ca:	99 1f       	adc	r25, r25
     9cc:	11 96       	adiw	r26, 0x01	; 1
     9ce:	9c 93       	st	X, r25
     9d0:	11 97       	sbiw	r26, 0x01	; 1
     9d2:	21 15       	cp	r18, r1
     9d4:	31 05       	cpc	r19, r1
     9d6:	a9 f5       	brne	.+106    	; 0xa42 <__unpack_f+0x9e>
     9d8:	41 15       	cp	r20, r1
     9da:	51 05       	cpc	r21, r1
     9dc:	61 05       	cpc	r22, r1
     9de:	71 05       	cpc	r23, r1
     9e0:	11 f4       	brne	.+4      	; 0x9e6 <__unpack_f+0x42>
     9e2:	82 e0       	ldi	r24, 0x02	; 2
     9e4:	37 c0       	rjmp	.+110    	; 0xa54 <__unpack_f+0xb0>
     9e6:	82 e8       	ldi	r24, 0x82	; 130
     9e8:	9f ef       	ldi	r25, 0xFF	; 255
     9ea:	13 96       	adiw	r26, 0x03	; 3
     9ec:	9c 93       	st	X, r25
     9ee:	8e 93       	st	-X, r24
     9f0:	12 97       	sbiw	r26, 0x02	; 2
     9f2:	9a 01       	movw	r18, r20
     9f4:	ab 01       	movw	r20, r22
     9f6:	67 e0       	ldi	r22, 0x07	; 7
     9f8:	22 0f       	add	r18, r18
     9fa:	33 1f       	adc	r19, r19
     9fc:	44 1f       	adc	r20, r20
     9fe:	55 1f       	adc	r21, r21
     a00:	6a 95       	dec	r22
     a02:	d1 f7       	brne	.-12     	; 0x9f8 <__unpack_f+0x54>
     a04:	83 e0       	ldi	r24, 0x03	; 3
     a06:	8c 93       	st	X, r24
     a08:	0d c0       	rjmp	.+26     	; 0xa24 <__unpack_f+0x80>
     a0a:	22 0f       	add	r18, r18
     a0c:	33 1f       	adc	r19, r19
     a0e:	44 1f       	adc	r20, r20
     a10:	55 1f       	adc	r21, r21
     a12:	12 96       	adiw	r26, 0x02	; 2
     a14:	8d 91       	ld	r24, X+
     a16:	9c 91       	ld	r25, X
     a18:	13 97       	sbiw	r26, 0x03	; 3
     a1a:	01 97       	sbiw	r24, 0x01	; 1
     a1c:	13 96       	adiw	r26, 0x03	; 3
     a1e:	9c 93       	st	X, r25
     a20:	8e 93       	st	-X, r24
     a22:	12 97       	sbiw	r26, 0x02	; 2
     a24:	20 30       	cpi	r18, 0x00	; 0
     a26:	80 e0       	ldi	r24, 0x00	; 0
     a28:	38 07       	cpc	r19, r24
     a2a:	80 e0       	ldi	r24, 0x00	; 0
     a2c:	48 07       	cpc	r20, r24
     a2e:	80 e4       	ldi	r24, 0x40	; 64
     a30:	58 07       	cpc	r21, r24
     a32:	58 f3       	brcs	.-42     	; 0xa0a <__unpack_f+0x66>
     a34:	14 96       	adiw	r26, 0x04	; 4
     a36:	2d 93       	st	X+, r18
     a38:	3d 93       	st	X+, r19
     a3a:	4d 93       	st	X+, r20
     a3c:	5c 93       	st	X, r21
     a3e:	17 97       	sbiw	r26, 0x07	; 7
     a40:	08 95       	ret
     a42:	2f 3f       	cpi	r18, 0xFF	; 255
     a44:	31 05       	cpc	r19, r1
     a46:	79 f4       	brne	.+30     	; 0xa66 <__unpack_f+0xc2>
     a48:	41 15       	cp	r20, r1
     a4a:	51 05       	cpc	r21, r1
     a4c:	61 05       	cpc	r22, r1
     a4e:	71 05       	cpc	r23, r1
     a50:	19 f4       	brne	.+6      	; 0xa58 <__unpack_f+0xb4>
     a52:	84 e0       	ldi	r24, 0x04	; 4
     a54:	8c 93       	st	X, r24
     a56:	08 95       	ret
     a58:	64 ff       	sbrs	r22, 4
     a5a:	03 c0       	rjmp	.+6      	; 0xa62 <__unpack_f+0xbe>
     a5c:	81 e0       	ldi	r24, 0x01	; 1
     a5e:	8c 93       	st	X, r24
     a60:	12 c0       	rjmp	.+36     	; 0xa86 <__unpack_f+0xe2>
     a62:	1c 92       	st	X, r1
     a64:	10 c0       	rjmp	.+32     	; 0xa86 <__unpack_f+0xe2>
     a66:	2f 57       	subi	r18, 0x7F	; 127
     a68:	30 40       	sbci	r19, 0x00	; 0
     a6a:	13 96       	adiw	r26, 0x03	; 3
     a6c:	3c 93       	st	X, r19
     a6e:	2e 93       	st	-X, r18
     a70:	12 97       	sbiw	r26, 0x02	; 2
     a72:	83 e0       	ldi	r24, 0x03	; 3
     a74:	8c 93       	st	X, r24
     a76:	87 e0       	ldi	r24, 0x07	; 7
     a78:	44 0f       	add	r20, r20
     a7a:	55 1f       	adc	r21, r21
     a7c:	66 1f       	adc	r22, r22
     a7e:	77 1f       	adc	r23, r23
     a80:	8a 95       	dec	r24
     a82:	d1 f7       	brne	.-12     	; 0xa78 <__unpack_f+0xd4>
     a84:	70 64       	ori	r23, 0x40	; 64
     a86:	14 96       	adiw	r26, 0x04	; 4
     a88:	4d 93       	st	X+, r20
     a8a:	5d 93       	st	X+, r21
     a8c:	6d 93       	st	X+, r22
     a8e:	7c 93       	st	X, r23
     a90:	17 97       	sbiw	r26, 0x07	; 7
     a92:	08 95       	ret

00000a94 <__fpcmp_parts_f>:
     a94:	1f 93       	push	r17
     a96:	dc 01       	movw	r26, r24
     a98:	fb 01       	movw	r30, r22
     a9a:	9c 91       	ld	r25, X
     a9c:	92 30       	cpi	r25, 0x02	; 2
     a9e:	08 f4       	brcc	.+2      	; 0xaa2 <__fpcmp_parts_f+0xe>
     aa0:	47 c0       	rjmp	.+142    	; 0xb30 <__fpcmp_parts_f+0x9c>
     aa2:	80 81       	ld	r24, Z
     aa4:	82 30       	cpi	r24, 0x02	; 2
     aa6:	08 f4       	brcc	.+2      	; 0xaaa <__fpcmp_parts_f+0x16>
     aa8:	43 c0       	rjmp	.+134    	; 0xb30 <__fpcmp_parts_f+0x9c>
     aaa:	94 30       	cpi	r25, 0x04	; 4
     aac:	51 f4       	brne	.+20     	; 0xac2 <__fpcmp_parts_f+0x2e>
     aae:	11 96       	adiw	r26, 0x01	; 1
     ab0:	1c 91       	ld	r17, X
     ab2:	84 30       	cpi	r24, 0x04	; 4
     ab4:	99 f5       	brne	.+102    	; 0xb1c <__fpcmp_parts_f+0x88>
     ab6:	81 81       	ldd	r24, Z+1	; 0x01
     ab8:	68 2f       	mov	r22, r24
     aba:	70 e0       	ldi	r23, 0x00	; 0
     abc:	61 1b       	sub	r22, r17
     abe:	71 09       	sbc	r23, r1
     ac0:	3f c0       	rjmp	.+126    	; 0xb40 <__fpcmp_parts_f+0xac>
     ac2:	84 30       	cpi	r24, 0x04	; 4
     ac4:	21 f0       	breq	.+8      	; 0xace <__fpcmp_parts_f+0x3a>
     ac6:	92 30       	cpi	r25, 0x02	; 2
     ac8:	31 f4       	brne	.+12     	; 0xad6 <__fpcmp_parts_f+0x42>
     aca:	82 30       	cpi	r24, 0x02	; 2
     acc:	b9 f1       	breq	.+110    	; 0xb3c <__fpcmp_parts_f+0xa8>
     ace:	81 81       	ldd	r24, Z+1	; 0x01
     ad0:	88 23       	and	r24, r24
     ad2:	89 f1       	breq	.+98     	; 0xb36 <__fpcmp_parts_f+0xa2>
     ad4:	2d c0       	rjmp	.+90     	; 0xb30 <__fpcmp_parts_f+0x9c>
     ad6:	11 96       	adiw	r26, 0x01	; 1
     ad8:	1c 91       	ld	r17, X
     ada:	11 97       	sbiw	r26, 0x01	; 1
     adc:	82 30       	cpi	r24, 0x02	; 2
     ade:	f1 f0       	breq	.+60     	; 0xb1c <__fpcmp_parts_f+0x88>
     ae0:	81 81       	ldd	r24, Z+1	; 0x01
     ae2:	18 17       	cp	r17, r24
     ae4:	d9 f4       	brne	.+54     	; 0xb1c <__fpcmp_parts_f+0x88>
     ae6:	12 96       	adiw	r26, 0x02	; 2
     ae8:	2d 91       	ld	r18, X+
     aea:	3c 91       	ld	r19, X
     aec:	13 97       	sbiw	r26, 0x03	; 3
     aee:	82 81       	ldd	r24, Z+2	; 0x02
     af0:	93 81       	ldd	r25, Z+3	; 0x03
     af2:	82 17       	cp	r24, r18
     af4:	93 07       	cpc	r25, r19
     af6:	94 f0       	brlt	.+36     	; 0xb1c <__fpcmp_parts_f+0x88>
     af8:	28 17       	cp	r18, r24
     afa:	39 07       	cpc	r19, r25
     afc:	bc f0       	brlt	.+46     	; 0xb2c <__fpcmp_parts_f+0x98>
     afe:	14 96       	adiw	r26, 0x04	; 4
     b00:	8d 91       	ld	r24, X+
     b02:	9d 91       	ld	r25, X+
     b04:	0d 90       	ld	r0, X+
     b06:	bc 91       	ld	r27, X
     b08:	a0 2d       	mov	r26, r0
     b0a:	24 81       	ldd	r18, Z+4	; 0x04
     b0c:	35 81       	ldd	r19, Z+5	; 0x05
     b0e:	46 81       	ldd	r20, Z+6	; 0x06
     b10:	57 81       	ldd	r21, Z+7	; 0x07
     b12:	28 17       	cp	r18, r24
     b14:	39 07       	cpc	r19, r25
     b16:	4a 07       	cpc	r20, r26
     b18:	5b 07       	cpc	r21, r27
     b1a:	18 f4       	brcc	.+6      	; 0xb22 <__fpcmp_parts_f+0x8e>
     b1c:	11 23       	and	r17, r17
     b1e:	41 f0       	breq	.+16     	; 0xb30 <__fpcmp_parts_f+0x9c>
     b20:	0a c0       	rjmp	.+20     	; 0xb36 <__fpcmp_parts_f+0xa2>
     b22:	82 17       	cp	r24, r18
     b24:	93 07       	cpc	r25, r19
     b26:	a4 07       	cpc	r26, r20
     b28:	b5 07       	cpc	r27, r21
     b2a:	40 f4       	brcc	.+16     	; 0xb3c <__fpcmp_parts_f+0xa8>
     b2c:	11 23       	and	r17, r17
     b2e:	19 f0       	breq	.+6      	; 0xb36 <__fpcmp_parts_f+0xa2>
     b30:	61 e0       	ldi	r22, 0x01	; 1
     b32:	70 e0       	ldi	r23, 0x00	; 0
     b34:	05 c0       	rjmp	.+10     	; 0xb40 <__fpcmp_parts_f+0xac>
     b36:	6f ef       	ldi	r22, 0xFF	; 255
     b38:	7f ef       	ldi	r23, 0xFF	; 255
     b3a:	02 c0       	rjmp	.+4      	; 0xb40 <__fpcmp_parts_f+0xac>
     b3c:	60 e0       	ldi	r22, 0x00	; 0
     b3e:	70 e0       	ldi	r23, 0x00	; 0
     b40:	cb 01       	movw	r24, r22
     b42:	1f 91       	pop	r17
     b44:	08 95       	ret

00000b46 <GPIO_setupPinDirection>:
 * Description :
 * Setup the direction of the required pin input/output.
 * If the input port number or pin number are not correct, The function will not handle the request.
 */
void GPIO_setupPinDirection(uint8 port_num, uint8 pin_num, GPIO_PinDirectionType direction)
{
     b46:	df 93       	push	r29
     b48:	cf 93       	push	r28
     b4a:	00 d0       	rcall	.+0      	; 0xb4c <GPIO_setupPinDirection+0x6>
     b4c:	00 d0       	rcall	.+0      	; 0xb4e <GPIO_setupPinDirection+0x8>
     b4e:	0f 92       	push	r0
     b50:	cd b7       	in	r28, 0x3d	; 61
     b52:	de b7       	in	r29, 0x3e	; 62
     b54:	89 83       	std	Y+1, r24	; 0x01
     b56:	6a 83       	std	Y+2, r22	; 0x02
     b58:	4b 83       	std	Y+3, r20	; 0x03
	/*
	 * Check if the input port number is greater than NUM_OF_PINS_PER_PORT value.
	 * Or if the input pin number is greater than NUM_OF_PINS_PER_PORT value.
	 * In this case the input is not valid port/pin number
	 */
	if((pin_num >= NUM_OF_PINS_PER_PORT) || (port_num >= NUM_OF_PORTS))
     b5a:	8a 81       	ldd	r24, Y+2	; 0x02
     b5c:	88 30       	cpi	r24, 0x08	; 8
     b5e:	08 f0       	brcs	.+2      	; 0xb62 <GPIO_setupPinDirection+0x1c>
     b60:	d5 c0       	rjmp	.+426    	; 0xd0c <GPIO_setupPinDirection+0x1c6>
     b62:	89 81       	ldd	r24, Y+1	; 0x01
     b64:	84 30       	cpi	r24, 0x04	; 4
     b66:	08 f0       	brcs	.+2      	; 0xb6a <GPIO_setupPinDirection+0x24>
     b68:	d1 c0       	rjmp	.+418    	; 0xd0c <GPIO_setupPinDirection+0x1c6>
		/* Do Nothing */
	}
	else
	{
		/* Setup the pin direction as required */
		switch(port_num)
     b6a:	89 81       	ldd	r24, Y+1	; 0x01
     b6c:	28 2f       	mov	r18, r24
     b6e:	30 e0       	ldi	r19, 0x00	; 0
     b70:	3d 83       	std	Y+5, r19	; 0x05
     b72:	2c 83       	std	Y+4, r18	; 0x04
     b74:	8c 81       	ldd	r24, Y+4	; 0x04
     b76:	9d 81       	ldd	r25, Y+5	; 0x05
     b78:	81 30       	cpi	r24, 0x01	; 1
     b7a:	91 05       	cpc	r25, r1
     b7c:	09 f4       	brne	.+2      	; 0xb80 <GPIO_setupPinDirection+0x3a>
     b7e:	43 c0       	rjmp	.+134    	; 0xc06 <GPIO_setupPinDirection+0xc0>
     b80:	2c 81       	ldd	r18, Y+4	; 0x04
     b82:	3d 81       	ldd	r19, Y+5	; 0x05
     b84:	22 30       	cpi	r18, 0x02	; 2
     b86:	31 05       	cpc	r19, r1
     b88:	2c f4       	brge	.+10     	; 0xb94 <GPIO_setupPinDirection+0x4e>
     b8a:	8c 81       	ldd	r24, Y+4	; 0x04
     b8c:	9d 81       	ldd	r25, Y+5	; 0x05
     b8e:	00 97       	sbiw	r24, 0x00	; 0
     b90:	71 f0       	breq	.+28     	; 0xbae <GPIO_setupPinDirection+0x68>
     b92:	bc c0       	rjmp	.+376    	; 0xd0c <GPIO_setupPinDirection+0x1c6>
     b94:	2c 81       	ldd	r18, Y+4	; 0x04
     b96:	3d 81       	ldd	r19, Y+5	; 0x05
     b98:	22 30       	cpi	r18, 0x02	; 2
     b9a:	31 05       	cpc	r19, r1
     b9c:	09 f4       	brne	.+2      	; 0xba0 <GPIO_setupPinDirection+0x5a>
     b9e:	5f c0       	rjmp	.+190    	; 0xc5e <GPIO_setupPinDirection+0x118>
     ba0:	8c 81       	ldd	r24, Y+4	; 0x04
     ba2:	9d 81       	ldd	r25, Y+5	; 0x05
     ba4:	83 30       	cpi	r24, 0x03	; 3
     ba6:	91 05       	cpc	r25, r1
     ba8:	09 f4       	brne	.+2      	; 0xbac <GPIO_setupPinDirection+0x66>
     baa:	85 c0       	rjmp	.+266    	; 0xcb6 <GPIO_setupPinDirection+0x170>
     bac:	af c0       	rjmp	.+350    	; 0xd0c <GPIO_setupPinDirection+0x1c6>
		{
		case PORTA_ID:
			if(direction == PIN_OUTPUT)
     bae:	8b 81       	ldd	r24, Y+3	; 0x03
     bb0:	81 30       	cpi	r24, 0x01	; 1
     bb2:	a1 f4       	brne	.+40     	; 0xbdc <GPIO_setupPinDirection+0x96>
			{
				SET_BIT(DDRA,pin_num);
     bb4:	aa e3       	ldi	r26, 0x3A	; 58
     bb6:	b0 e0       	ldi	r27, 0x00	; 0
     bb8:	ea e3       	ldi	r30, 0x3A	; 58
     bba:	f0 e0       	ldi	r31, 0x00	; 0
     bbc:	80 81       	ld	r24, Z
     bbe:	48 2f       	mov	r20, r24
     bc0:	8a 81       	ldd	r24, Y+2	; 0x02
     bc2:	28 2f       	mov	r18, r24
     bc4:	30 e0       	ldi	r19, 0x00	; 0
     bc6:	81 e0       	ldi	r24, 0x01	; 1
     bc8:	90 e0       	ldi	r25, 0x00	; 0
     bca:	02 2e       	mov	r0, r18
     bcc:	02 c0       	rjmp	.+4      	; 0xbd2 <GPIO_setupPinDirection+0x8c>
     bce:	88 0f       	add	r24, r24
     bd0:	99 1f       	adc	r25, r25
     bd2:	0a 94       	dec	r0
     bd4:	e2 f7       	brpl	.-8      	; 0xbce <GPIO_setupPinDirection+0x88>
     bd6:	84 2b       	or	r24, r20
     bd8:	8c 93       	st	X, r24
     bda:	98 c0       	rjmp	.+304    	; 0xd0c <GPIO_setupPinDirection+0x1c6>
			}
			else
			{
				CLEAR_BIT(DDRA,pin_num);
     bdc:	aa e3       	ldi	r26, 0x3A	; 58
     bde:	b0 e0       	ldi	r27, 0x00	; 0
     be0:	ea e3       	ldi	r30, 0x3A	; 58
     be2:	f0 e0       	ldi	r31, 0x00	; 0
     be4:	80 81       	ld	r24, Z
     be6:	48 2f       	mov	r20, r24
     be8:	8a 81       	ldd	r24, Y+2	; 0x02
     bea:	28 2f       	mov	r18, r24
     bec:	30 e0       	ldi	r19, 0x00	; 0
     bee:	81 e0       	ldi	r24, 0x01	; 1
     bf0:	90 e0       	ldi	r25, 0x00	; 0
     bf2:	02 2e       	mov	r0, r18
     bf4:	02 c0       	rjmp	.+4      	; 0xbfa <GPIO_setupPinDirection+0xb4>
     bf6:	88 0f       	add	r24, r24
     bf8:	99 1f       	adc	r25, r25
     bfa:	0a 94       	dec	r0
     bfc:	e2 f7       	brpl	.-8      	; 0xbf6 <GPIO_setupPinDirection+0xb0>
     bfe:	80 95       	com	r24
     c00:	84 23       	and	r24, r20
     c02:	8c 93       	st	X, r24
     c04:	83 c0       	rjmp	.+262    	; 0xd0c <GPIO_setupPinDirection+0x1c6>
			}
			break;
		case PORTB_ID:
			if(direction == PIN_OUTPUT)
     c06:	8b 81       	ldd	r24, Y+3	; 0x03
     c08:	81 30       	cpi	r24, 0x01	; 1
     c0a:	a1 f4       	brne	.+40     	; 0xc34 <GPIO_setupPinDirection+0xee>
			{
				SET_BIT(DDRB,pin_num);
     c0c:	a7 e3       	ldi	r26, 0x37	; 55
     c0e:	b0 e0       	ldi	r27, 0x00	; 0
     c10:	e7 e3       	ldi	r30, 0x37	; 55
     c12:	f0 e0       	ldi	r31, 0x00	; 0
     c14:	80 81       	ld	r24, Z
     c16:	48 2f       	mov	r20, r24
     c18:	8a 81       	ldd	r24, Y+2	; 0x02
     c1a:	28 2f       	mov	r18, r24
     c1c:	30 e0       	ldi	r19, 0x00	; 0
     c1e:	81 e0       	ldi	r24, 0x01	; 1
     c20:	90 e0       	ldi	r25, 0x00	; 0
     c22:	02 2e       	mov	r0, r18
     c24:	02 c0       	rjmp	.+4      	; 0xc2a <GPIO_setupPinDirection+0xe4>
     c26:	88 0f       	add	r24, r24
     c28:	99 1f       	adc	r25, r25
     c2a:	0a 94       	dec	r0
     c2c:	e2 f7       	brpl	.-8      	; 0xc26 <GPIO_setupPinDirection+0xe0>
     c2e:	84 2b       	or	r24, r20
     c30:	8c 93       	st	X, r24
     c32:	6c c0       	rjmp	.+216    	; 0xd0c <GPIO_setupPinDirection+0x1c6>
			}
			else
			{
				CLEAR_BIT(DDRB,pin_num);
     c34:	a7 e3       	ldi	r26, 0x37	; 55
     c36:	b0 e0       	ldi	r27, 0x00	; 0
     c38:	e7 e3       	ldi	r30, 0x37	; 55
     c3a:	f0 e0       	ldi	r31, 0x00	; 0
     c3c:	80 81       	ld	r24, Z
     c3e:	48 2f       	mov	r20, r24
     c40:	8a 81       	ldd	r24, Y+2	; 0x02
     c42:	28 2f       	mov	r18, r24
     c44:	30 e0       	ldi	r19, 0x00	; 0
     c46:	81 e0       	ldi	r24, 0x01	; 1
     c48:	90 e0       	ldi	r25, 0x00	; 0
     c4a:	02 2e       	mov	r0, r18
     c4c:	02 c0       	rjmp	.+4      	; 0xc52 <GPIO_setupPinDirection+0x10c>
     c4e:	88 0f       	add	r24, r24
     c50:	99 1f       	adc	r25, r25
     c52:	0a 94       	dec	r0
     c54:	e2 f7       	brpl	.-8      	; 0xc4e <GPIO_setupPinDirection+0x108>
     c56:	80 95       	com	r24
     c58:	84 23       	and	r24, r20
     c5a:	8c 93       	st	X, r24
     c5c:	57 c0       	rjmp	.+174    	; 0xd0c <GPIO_setupPinDirection+0x1c6>
			}
			break;
		case PORTC_ID:
			if(direction == PIN_OUTPUT)
     c5e:	8b 81       	ldd	r24, Y+3	; 0x03
     c60:	81 30       	cpi	r24, 0x01	; 1
     c62:	a1 f4       	brne	.+40     	; 0xc8c <GPIO_setupPinDirection+0x146>
			{
				SET_BIT(DDRC,pin_num);
     c64:	a4 e3       	ldi	r26, 0x34	; 52
     c66:	b0 e0       	ldi	r27, 0x00	; 0
     c68:	e4 e3       	ldi	r30, 0x34	; 52
     c6a:	f0 e0       	ldi	r31, 0x00	; 0
     c6c:	80 81       	ld	r24, Z
     c6e:	48 2f       	mov	r20, r24
     c70:	8a 81       	ldd	r24, Y+2	; 0x02
     c72:	28 2f       	mov	r18, r24
     c74:	30 e0       	ldi	r19, 0x00	; 0
     c76:	81 e0       	ldi	r24, 0x01	; 1
     c78:	90 e0       	ldi	r25, 0x00	; 0
     c7a:	02 2e       	mov	r0, r18
     c7c:	02 c0       	rjmp	.+4      	; 0xc82 <GPIO_setupPinDirection+0x13c>
     c7e:	88 0f       	add	r24, r24
     c80:	99 1f       	adc	r25, r25
     c82:	0a 94       	dec	r0
     c84:	e2 f7       	brpl	.-8      	; 0xc7e <GPIO_setupPinDirection+0x138>
     c86:	84 2b       	or	r24, r20
     c88:	8c 93       	st	X, r24
     c8a:	40 c0       	rjmp	.+128    	; 0xd0c <GPIO_setupPinDirection+0x1c6>
			}
			else
			{
				CLEAR_BIT(DDRC,pin_num);
     c8c:	a4 e3       	ldi	r26, 0x34	; 52
     c8e:	b0 e0       	ldi	r27, 0x00	; 0
     c90:	e4 e3       	ldi	r30, 0x34	; 52
     c92:	f0 e0       	ldi	r31, 0x00	; 0
     c94:	80 81       	ld	r24, Z
     c96:	48 2f       	mov	r20, r24
     c98:	8a 81       	ldd	r24, Y+2	; 0x02
     c9a:	28 2f       	mov	r18, r24
     c9c:	30 e0       	ldi	r19, 0x00	; 0
     c9e:	81 e0       	ldi	r24, 0x01	; 1
     ca0:	90 e0       	ldi	r25, 0x00	; 0
     ca2:	02 2e       	mov	r0, r18
     ca4:	02 c0       	rjmp	.+4      	; 0xcaa <GPIO_setupPinDirection+0x164>
     ca6:	88 0f       	add	r24, r24
     ca8:	99 1f       	adc	r25, r25
     caa:	0a 94       	dec	r0
     cac:	e2 f7       	brpl	.-8      	; 0xca6 <GPIO_setupPinDirection+0x160>
     cae:	80 95       	com	r24
     cb0:	84 23       	and	r24, r20
     cb2:	8c 93       	st	X, r24
     cb4:	2b c0       	rjmp	.+86     	; 0xd0c <GPIO_setupPinDirection+0x1c6>
			}
			break;
		case PORTD_ID:
			if(direction == PIN_OUTPUT)
     cb6:	8b 81       	ldd	r24, Y+3	; 0x03
     cb8:	81 30       	cpi	r24, 0x01	; 1
     cba:	a1 f4       	brne	.+40     	; 0xce4 <GPIO_setupPinDirection+0x19e>
			{
				SET_BIT(DDRD,pin_num);
     cbc:	a1 e3       	ldi	r26, 0x31	; 49
     cbe:	b0 e0       	ldi	r27, 0x00	; 0
     cc0:	e1 e3       	ldi	r30, 0x31	; 49
     cc2:	f0 e0       	ldi	r31, 0x00	; 0
     cc4:	80 81       	ld	r24, Z
     cc6:	48 2f       	mov	r20, r24
     cc8:	8a 81       	ldd	r24, Y+2	; 0x02
     cca:	28 2f       	mov	r18, r24
     ccc:	30 e0       	ldi	r19, 0x00	; 0
     cce:	81 e0       	ldi	r24, 0x01	; 1
     cd0:	90 e0       	ldi	r25, 0x00	; 0
     cd2:	02 2e       	mov	r0, r18
     cd4:	02 c0       	rjmp	.+4      	; 0xcda <GPIO_setupPinDirection+0x194>
     cd6:	88 0f       	add	r24, r24
     cd8:	99 1f       	adc	r25, r25
     cda:	0a 94       	dec	r0
     cdc:	e2 f7       	brpl	.-8      	; 0xcd6 <GPIO_setupPinDirection+0x190>
     cde:	84 2b       	or	r24, r20
     ce0:	8c 93       	st	X, r24
     ce2:	14 c0       	rjmp	.+40     	; 0xd0c <GPIO_setupPinDirection+0x1c6>
			}
			else
			{
				CLEAR_BIT(DDRD,pin_num);
     ce4:	a1 e3       	ldi	r26, 0x31	; 49
     ce6:	b0 e0       	ldi	r27, 0x00	; 0
     ce8:	e1 e3       	ldi	r30, 0x31	; 49
     cea:	f0 e0       	ldi	r31, 0x00	; 0
     cec:	80 81       	ld	r24, Z
     cee:	48 2f       	mov	r20, r24
     cf0:	8a 81       	ldd	r24, Y+2	; 0x02
     cf2:	28 2f       	mov	r18, r24
     cf4:	30 e0       	ldi	r19, 0x00	; 0
     cf6:	81 e0       	ldi	r24, 0x01	; 1
     cf8:	90 e0       	ldi	r25, 0x00	; 0
     cfa:	02 2e       	mov	r0, r18
     cfc:	02 c0       	rjmp	.+4      	; 0xd02 <GPIO_setupPinDirection+0x1bc>
     cfe:	88 0f       	add	r24, r24
     d00:	99 1f       	adc	r25, r25
     d02:	0a 94       	dec	r0
     d04:	e2 f7       	brpl	.-8      	; 0xcfe <GPIO_setupPinDirection+0x1b8>
     d06:	80 95       	com	r24
     d08:	84 23       	and	r24, r20
     d0a:	8c 93       	st	X, r24
			}
			break;
		}
	}
}
     d0c:	0f 90       	pop	r0
     d0e:	0f 90       	pop	r0
     d10:	0f 90       	pop	r0
     d12:	0f 90       	pop	r0
     d14:	0f 90       	pop	r0
     d16:	cf 91       	pop	r28
     d18:	df 91       	pop	r29
     d1a:	08 95       	ret

00000d1c <GPIO_writePin>:
 * Write the value Logic High or Logic Low on the required pin.
 * If the input port number or pin number are not correct, The function will not handle the request.
 * If the pin is input, this function will enable/disable the internal pull-up resistor.
 */
void GPIO_writePin(uint8 port_num, uint8 pin_num, uint8 value)
{
     d1c:	df 93       	push	r29
     d1e:	cf 93       	push	r28
     d20:	00 d0       	rcall	.+0      	; 0xd22 <GPIO_writePin+0x6>
     d22:	00 d0       	rcall	.+0      	; 0xd24 <GPIO_writePin+0x8>
     d24:	0f 92       	push	r0
     d26:	cd b7       	in	r28, 0x3d	; 61
     d28:	de b7       	in	r29, 0x3e	; 62
     d2a:	89 83       	std	Y+1, r24	; 0x01
     d2c:	6a 83       	std	Y+2, r22	; 0x02
     d2e:	4b 83       	std	Y+3, r20	; 0x03
	 * Check if the input port number is greater than NUM_OF_PINS_PER_PORT value.
	 * Or if the input pin number is greater than NUM_OF_PINS_PER_PORT value.
	 * In this case the input is not valid port/pin number
	 */

	if((pin_num >= NUM_OF_PINS_PER_PORT) || (port_num >= NUM_OF_PORTS))
     d30:	8a 81       	ldd	r24, Y+2	; 0x02
     d32:	88 30       	cpi	r24, 0x08	; 8
     d34:	08 f0       	brcs	.+2      	; 0xd38 <GPIO_writePin+0x1c>
     d36:	d5 c0       	rjmp	.+426    	; 0xee2 <GPIO_writePin+0x1c6>
     d38:	89 81       	ldd	r24, Y+1	; 0x01
     d3a:	84 30       	cpi	r24, 0x04	; 4
     d3c:	08 f0       	brcs	.+2      	; 0xd40 <GPIO_writePin+0x24>
     d3e:	d1 c0       	rjmp	.+418    	; 0xee2 <GPIO_writePin+0x1c6>
	{
		/* Do Nothing */
	}
	else
	{
		switch(port_num)
     d40:	89 81       	ldd	r24, Y+1	; 0x01
     d42:	28 2f       	mov	r18, r24
     d44:	30 e0       	ldi	r19, 0x00	; 0
     d46:	3d 83       	std	Y+5, r19	; 0x05
     d48:	2c 83       	std	Y+4, r18	; 0x04
     d4a:	8c 81       	ldd	r24, Y+4	; 0x04
     d4c:	9d 81       	ldd	r25, Y+5	; 0x05
     d4e:	81 30       	cpi	r24, 0x01	; 1
     d50:	91 05       	cpc	r25, r1
     d52:	09 f4       	brne	.+2      	; 0xd56 <GPIO_writePin+0x3a>
     d54:	43 c0       	rjmp	.+134    	; 0xddc <GPIO_writePin+0xc0>
     d56:	2c 81       	ldd	r18, Y+4	; 0x04
     d58:	3d 81       	ldd	r19, Y+5	; 0x05
     d5a:	22 30       	cpi	r18, 0x02	; 2
     d5c:	31 05       	cpc	r19, r1
     d5e:	2c f4       	brge	.+10     	; 0xd6a <GPIO_writePin+0x4e>
     d60:	8c 81       	ldd	r24, Y+4	; 0x04
     d62:	9d 81       	ldd	r25, Y+5	; 0x05
     d64:	00 97       	sbiw	r24, 0x00	; 0
     d66:	71 f0       	breq	.+28     	; 0xd84 <GPIO_writePin+0x68>
     d68:	bc c0       	rjmp	.+376    	; 0xee2 <GPIO_writePin+0x1c6>
     d6a:	2c 81       	ldd	r18, Y+4	; 0x04
     d6c:	3d 81       	ldd	r19, Y+5	; 0x05
     d6e:	22 30       	cpi	r18, 0x02	; 2
     d70:	31 05       	cpc	r19, r1
     d72:	09 f4       	brne	.+2      	; 0xd76 <GPIO_writePin+0x5a>
     d74:	5f c0       	rjmp	.+190    	; 0xe34 <GPIO_writePin+0x118>
     d76:	8c 81       	ldd	r24, Y+4	; 0x04
     d78:	9d 81       	ldd	r25, Y+5	; 0x05
     d7a:	83 30       	cpi	r24, 0x03	; 3
     d7c:	91 05       	cpc	r25, r1
     d7e:	09 f4       	brne	.+2      	; 0xd82 <GPIO_writePin+0x66>
     d80:	85 c0       	rjmp	.+266    	; 0xe8c <GPIO_writePin+0x170>
     d82:	af c0       	rjmp	.+350    	; 0xee2 <GPIO_writePin+0x1c6>
		{
		case PORTA_ID:
			if(value == LOGIC_HIGH)
     d84:	8b 81       	ldd	r24, Y+3	; 0x03
     d86:	81 30       	cpi	r24, 0x01	; 1
     d88:	a1 f4       	brne	.+40     	; 0xdb2 <GPIO_writePin+0x96>
			{
				SET_BIT(PORTA,pin_num);
     d8a:	ab e3       	ldi	r26, 0x3B	; 59
     d8c:	b0 e0       	ldi	r27, 0x00	; 0
     d8e:	eb e3       	ldi	r30, 0x3B	; 59
     d90:	f0 e0       	ldi	r31, 0x00	; 0
     d92:	80 81       	ld	r24, Z
     d94:	48 2f       	mov	r20, r24
     d96:	8a 81       	ldd	r24, Y+2	; 0x02
     d98:	28 2f       	mov	r18, r24
     d9a:	30 e0       	ldi	r19, 0x00	; 0
     d9c:	81 e0       	ldi	r24, 0x01	; 1
     d9e:	90 e0       	ldi	r25, 0x00	; 0
     da0:	02 2e       	mov	r0, r18
     da2:	02 c0       	rjmp	.+4      	; 0xda8 <GPIO_writePin+0x8c>
     da4:	88 0f       	add	r24, r24
     da6:	99 1f       	adc	r25, r25
     da8:	0a 94       	dec	r0
     daa:	e2 f7       	brpl	.-8      	; 0xda4 <GPIO_writePin+0x88>
     dac:	84 2b       	or	r24, r20
     dae:	8c 93       	st	X, r24
     db0:	98 c0       	rjmp	.+304    	; 0xee2 <GPIO_writePin+0x1c6>
			}
			else
			{
				CLEAR_BIT(PORTA,pin_num);
     db2:	ab e3       	ldi	r26, 0x3B	; 59
     db4:	b0 e0       	ldi	r27, 0x00	; 0
     db6:	eb e3       	ldi	r30, 0x3B	; 59
     db8:	f0 e0       	ldi	r31, 0x00	; 0
     dba:	80 81       	ld	r24, Z
     dbc:	48 2f       	mov	r20, r24
     dbe:	8a 81       	ldd	r24, Y+2	; 0x02
     dc0:	28 2f       	mov	r18, r24
     dc2:	30 e0       	ldi	r19, 0x00	; 0
     dc4:	81 e0       	ldi	r24, 0x01	; 1
     dc6:	90 e0       	ldi	r25, 0x00	; 0
     dc8:	02 2e       	mov	r0, r18
     dca:	02 c0       	rjmp	.+4      	; 0xdd0 <GPIO_writePin+0xb4>
     dcc:	88 0f       	add	r24, r24
     dce:	99 1f       	adc	r25, r25
     dd0:	0a 94       	dec	r0
     dd2:	e2 f7       	brpl	.-8      	; 0xdcc <GPIO_writePin+0xb0>
     dd4:	80 95       	com	r24
     dd6:	84 23       	and	r24, r20
     dd8:	8c 93       	st	X, r24
     dda:	83 c0       	rjmp	.+262    	; 0xee2 <GPIO_writePin+0x1c6>
			}
			break;
		case PORTB_ID:
			if(value == LOGIC_HIGH)
     ddc:	8b 81       	ldd	r24, Y+3	; 0x03
     dde:	81 30       	cpi	r24, 0x01	; 1
     de0:	a1 f4       	brne	.+40     	; 0xe0a <GPIO_writePin+0xee>
			{
				SET_BIT(PORTB,pin_num);
     de2:	a8 e3       	ldi	r26, 0x38	; 56
     de4:	b0 e0       	ldi	r27, 0x00	; 0
     de6:	e8 e3       	ldi	r30, 0x38	; 56
     de8:	f0 e0       	ldi	r31, 0x00	; 0
     dea:	80 81       	ld	r24, Z
     dec:	48 2f       	mov	r20, r24
     dee:	8a 81       	ldd	r24, Y+2	; 0x02
     df0:	28 2f       	mov	r18, r24
     df2:	30 e0       	ldi	r19, 0x00	; 0
     df4:	81 e0       	ldi	r24, 0x01	; 1
     df6:	90 e0       	ldi	r25, 0x00	; 0
     df8:	02 2e       	mov	r0, r18
     dfa:	02 c0       	rjmp	.+4      	; 0xe00 <GPIO_writePin+0xe4>
     dfc:	88 0f       	add	r24, r24
     dfe:	99 1f       	adc	r25, r25
     e00:	0a 94       	dec	r0
     e02:	e2 f7       	brpl	.-8      	; 0xdfc <GPIO_writePin+0xe0>
     e04:	84 2b       	or	r24, r20
     e06:	8c 93       	st	X, r24
     e08:	6c c0       	rjmp	.+216    	; 0xee2 <GPIO_writePin+0x1c6>
			}
			else
			{
				CLEAR_BIT(PORTB,pin_num);
     e0a:	a8 e3       	ldi	r26, 0x38	; 56
     e0c:	b0 e0       	ldi	r27, 0x00	; 0
     e0e:	e8 e3       	ldi	r30, 0x38	; 56
     e10:	f0 e0       	ldi	r31, 0x00	; 0
     e12:	80 81       	ld	r24, Z
     e14:	48 2f       	mov	r20, r24
     e16:	8a 81       	ldd	r24, Y+2	; 0x02
     e18:	28 2f       	mov	r18, r24
     e1a:	30 e0       	ldi	r19, 0x00	; 0
     e1c:	81 e0       	ldi	r24, 0x01	; 1
     e1e:	90 e0       	ldi	r25, 0x00	; 0
     e20:	02 2e       	mov	r0, r18
     e22:	02 c0       	rjmp	.+4      	; 0xe28 <GPIO_writePin+0x10c>
     e24:	88 0f       	add	r24, r24
     e26:	99 1f       	adc	r25, r25
     e28:	0a 94       	dec	r0
     e2a:	e2 f7       	brpl	.-8      	; 0xe24 <GPIO_writePin+0x108>
     e2c:	80 95       	com	r24
     e2e:	84 23       	and	r24, r20
     e30:	8c 93       	st	X, r24
     e32:	57 c0       	rjmp	.+174    	; 0xee2 <GPIO_writePin+0x1c6>
			}
			break;
		case PORTC_ID:
			if(value == LOGIC_HIGH)
     e34:	8b 81       	ldd	r24, Y+3	; 0x03
     e36:	81 30       	cpi	r24, 0x01	; 1
     e38:	a1 f4       	brne	.+40     	; 0xe62 <GPIO_writePin+0x146>
			{
				SET_BIT(PORTC,pin_num);
     e3a:	a5 e3       	ldi	r26, 0x35	; 53
     e3c:	b0 e0       	ldi	r27, 0x00	; 0
     e3e:	e5 e3       	ldi	r30, 0x35	; 53
     e40:	f0 e0       	ldi	r31, 0x00	; 0
     e42:	80 81       	ld	r24, Z
     e44:	48 2f       	mov	r20, r24
     e46:	8a 81       	ldd	r24, Y+2	; 0x02
     e48:	28 2f       	mov	r18, r24
     e4a:	30 e0       	ldi	r19, 0x00	; 0
     e4c:	81 e0       	ldi	r24, 0x01	; 1
     e4e:	90 e0       	ldi	r25, 0x00	; 0
     e50:	02 2e       	mov	r0, r18
     e52:	02 c0       	rjmp	.+4      	; 0xe58 <GPIO_writePin+0x13c>
     e54:	88 0f       	add	r24, r24
     e56:	99 1f       	adc	r25, r25
     e58:	0a 94       	dec	r0
     e5a:	e2 f7       	brpl	.-8      	; 0xe54 <GPIO_writePin+0x138>
     e5c:	84 2b       	or	r24, r20
     e5e:	8c 93       	st	X, r24
     e60:	40 c0       	rjmp	.+128    	; 0xee2 <GPIO_writePin+0x1c6>
			}
			else
			{
				CLEAR_BIT(PORTC,pin_num);
     e62:	a5 e3       	ldi	r26, 0x35	; 53
     e64:	b0 e0       	ldi	r27, 0x00	; 0
     e66:	e5 e3       	ldi	r30, 0x35	; 53
     e68:	f0 e0       	ldi	r31, 0x00	; 0
     e6a:	80 81       	ld	r24, Z
     e6c:	48 2f       	mov	r20, r24
     e6e:	8a 81       	ldd	r24, Y+2	; 0x02
     e70:	28 2f       	mov	r18, r24
     e72:	30 e0       	ldi	r19, 0x00	; 0
     e74:	81 e0       	ldi	r24, 0x01	; 1
     e76:	90 e0       	ldi	r25, 0x00	; 0
     e78:	02 2e       	mov	r0, r18
     e7a:	02 c0       	rjmp	.+4      	; 0xe80 <GPIO_writePin+0x164>
     e7c:	88 0f       	add	r24, r24
     e7e:	99 1f       	adc	r25, r25
     e80:	0a 94       	dec	r0
     e82:	e2 f7       	brpl	.-8      	; 0xe7c <GPIO_writePin+0x160>
     e84:	80 95       	com	r24
     e86:	84 23       	and	r24, r20
     e88:	8c 93       	st	X, r24
     e8a:	2b c0       	rjmp	.+86     	; 0xee2 <GPIO_writePin+0x1c6>
			}
			break;
		case PORTD_ID:
			if(value == LOGIC_HIGH)
     e8c:	8b 81       	ldd	r24, Y+3	; 0x03
     e8e:	81 30       	cpi	r24, 0x01	; 1
     e90:	a1 f4       	brne	.+40     	; 0xeba <GPIO_writePin+0x19e>
			{
				SET_BIT(PORTD,pin_num);
     e92:	a2 e3       	ldi	r26, 0x32	; 50
     e94:	b0 e0       	ldi	r27, 0x00	; 0
     e96:	e2 e3       	ldi	r30, 0x32	; 50
     e98:	f0 e0       	ldi	r31, 0x00	; 0
     e9a:	80 81       	ld	r24, Z
     e9c:	48 2f       	mov	r20, r24
     e9e:	8a 81       	ldd	r24, Y+2	; 0x02
     ea0:	28 2f       	mov	r18, r24
     ea2:	30 e0       	ldi	r19, 0x00	; 0
     ea4:	81 e0       	ldi	r24, 0x01	; 1
     ea6:	90 e0       	ldi	r25, 0x00	; 0
     ea8:	02 2e       	mov	r0, r18
     eaa:	02 c0       	rjmp	.+4      	; 0xeb0 <GPIO_writePin+0x194>
     eac:	88 0f       	add	r24, r24
     eae:	99 1f       	adc	r25, r25
     eb0:	0a 94       	dec	r0
     eb2:	e2 f7       	brpl	.-8      	; 0xeac <GPIO_writePin+0x190>
     eb4:	84 2b       	or	r24, r20
     eb6:	8c 93       	st	X, r24
     eb8:	14 c0       	rjmp	.+40     	; 0xee2 <GPIO_writePin+0x1c6>
			}
			else
			{
				CLEAR_BIT(PORTD,pin_num);
     eba:	a2 e3       	ldi	r26, 0x32	; 50
     ebc:	b0 e0       	ldi	r27, 0x00	; 0
     ebe:	e2 e3       	ldi	r30, 0x32	; 50
     ec0:	f0 e0       	ldi	r31, 0x00	; 0
     ec2:	80 81       	ld	r24, Z
     ec4:	48 2f       	mov	r20, r24
     ec6:	8a 81       	ldd	r24, Y+2	; 0x02
     ec8:	28 2f       	mov	r18, r24
     eca:	30 e0       	ldi	r19, 0x00	; 0
     ecc:	81 e0       	ldi	r24, 0x01	; 1
     ece:	90 e0       	ldi	r25, 0x00	; 0
     ed0:	02 2e       	mov	r0, r18
     ed2:	02 c0       	rjmp	.+4      	; 0xed8 <GPIO_writePin+0x1bc>
     ed4:	88 0f       	add	r24, r24
     ed6:	99 1f       	adc	r25, r25
     ed8:	0a 94       	dec	r0
     eda:	e2 f7       	brpl	.-8      	; 0xed4 <GPIO_writePin+0x1b8>
     edc:	80 95       	com	r24
     ede:	84 23       	and	r24, r20
     ee0:	8c 93       	st	X, r24
			}
			break;
		}
	}
}
     ee2:	0f 90       	pop	r0
     ee4:	0f 90       	pop	r0
     ee6:	0f 90       	pop	r0
     ee8:	0f 90       	pop	r0
     eea:	0f 90       	pop	r0
     eec:	cf 91       	pop	r28
     eee:	df 91       	pop	r29
     ef0:	08 95       	ret

00000ef2 <GPIO_readPin>:
 * Description :
 * Read and return the value for the required pin, it should be Logic High or Logic Low.
 * If the input port number or pin number are not correct, The function will return Logic Low.
 */
uint8 GPIO_readPin(uint8 port_num, uint8 pin_num)
{
     ef2:	df 93       	push	r29
     ef4:	cf 93       	push	r28
     ef6:	00 d0       	rcall	.+0      	; 0xef8 <GPIO_readPin+0x6>
     ef8:	00 d0       	rcall	.+0      	; 0xefa <GPIO_readPin+0x8>
     efa:	00 d0       	rcall	.+0      	; 0xefc <GPIO_readPin+0xa>
     efc:	cd b7       	in	r28, 0x3d	; 61
     efe:	de b7       	in	r29, 0x3e	; 62
     f00:	89 83       	std	Y+1, r24	; 0x01
     f02:	6a 83       	std	Y+2, r22	; 0x02
	/*
	 * depending on the port number
	 * using switch case get the pin and write your value
	 */

	if((pin_num >= NUM_OF_PINS_PER_PORT) || (port_num >= NUM_OF_PORTS))
     f04:	8a 81       	ldd	r24, Y+2	; 0x02
     f06:	88 30       	cpi	r24, 0x08	; 8
     f08:	08 f0       	brcs	.+2      	; 0xf0c <GPIO_readPin+0x1a>
     f0a:	85 c0       	rjmp	.+266    	; 0x1016 <GPIO_readPin+0x124>
     f0c:	89 81       	ldd	r24, Y+1	; 0x01
     f0e:	84 30       	cpi	r24, 0x04	; 4
     f10:	08 f0       	brcs	.+2      	; 0xf14 <GPIO_readPin+0x22>
     f12:	81 c0       	rjmp	.+258    	; 0x1016 <GPIO_readPin+0x124>
	{
		/* Do Nothing */
	}
	else
	{
		switch(port_num)
     f14:	89 81       	ldd	r24, Y+1	; 0x01
     f16:	28 2f       	mov	r18, r24
     f18:	30 e0       	ldi	r19, 0x00	; 0
     f1a:	3d 83       	std	Y+5, r19	; 0x05
     f1c:	2c 83       	std	Y+4, r18	; 0x04
     f1e:	4c 81       	ldd	r20, Y+4	; 0x04
     f20:	5d 81       	ldd	r21, Y+5	; 0x05
     f22:	41 30       	cpi	r20, 0x01	; 1
     f24:	51 05       	cpc	r21, r1
     f26:	79 f1       	breq	.+94     	; 0xf86 <GPIO_readPin+0x94>
     f28:	8c 81       	ldd	r24, Y+4	; 0x04
     f2a:	9d 81       	ldd	r25, Y+5	; 0x05
     f2c:	82 30       	cpi	r24, 0x02	; 2
     f2e:	91 05       	cpc	r25, r1
     f30:	34 f4       	brge	.+12     	; 0xf3e <GPIO_readPin+0x4c>
     f32:	2c 81       	ldd	r18, Y+4	; 0x04
     f34:	3d 81       	ldd	r19, Y+5	; 0x05
     f36:	21 15       	cp	r18, r1
     f38:	31 05       	cpc	r19, r1
     f3a:	69 f0       	breq	.+26     	; 0xf56 <GPIO_readPin+0x64>
     f3c:	6c c0       	rjmp	.+216    	; 0x1016 <GPIO_readPin+0x124>
     f3e:	4c 81       	ldd	r20, Y+4	; 0x04
     f40:	5d 81       	ldd	r21, Y+5	; 0x05
     f42:	42 30       	cpi	r20, 0x02	; 2
     f44:	51 05       	cpc	r21, r1
     f46:	b9 f1       	breq	.+110    	; 0xfb6 <GPIO_readPin+0xc4>
     f48:	8c 81       	ldd	r24, Y+4	; 0x04
     f4a:	9d 81       	ldd	r25, Y+5	; 0x05
     f4c:	83 30       	cpi	r24, 0x03	; 3
     f4e:	91 05       	cpc	r25, r1
     f50:	09 f4       	brne	.+2      	; 0xf54 <GPIO_readPin+0x62>
     f52:	49 c0       	rjmp	.+146    	; 0xfe6 <GPIO_readPin+0xf4>
     f54:	60 c0       	rjmp	.+192    	; 0x1016 <GPIO_readPin+0x124>
		{
		case PORTA_ID:
			if(BIT_IS_SET(PINA,pin_num))
     f56:	e9 e3       	ldi	r30, 0x39	; 57
     f58:	f0 e0       	ldi	r31, 0x00	; 0
     f5a:	80 81       	ld	r24, Z
     f5c:	28 2f       	mov	r18, r24
     f5e:	30 e0       	ldi	r19, 0x00	; 0
     f60:	8a 81       	ldd	r24, Y+2	; 0x02
     f62:	88 2f       	mov	r24, r24
     f64:	90 e0       	ldi	r25, 0x00	; 0
     f66:	a9 01       	movw	r20, r18
     f68:	02 c0       	rjmp	.+4      	; 0xf6e <GPIO_readPin+0x7c>
     f6a:	55 95       	asr	r21
     f6c:	47 95       	ror	r20
     f6e:	8a 95       	dec	r24
     f70:	e2 f7       	brpl	.-8      	; 0xf6a <GPIO_readPin+0x78>
     f72:	ca 01       	movw	r24, r20
     f74:	81 70       	andi	r24, 0x01	; 1
     f76:	90 70       	andi	r25, 0x00	; 0
     f78:	88 23       	and	r24, r24
     f7a:	19 f0       	breq	.+6      	; 0xf82 <GPIO_readPin+0x90>
			{
				return LOGIC_HIGH;
     f7c:	51 e0       	ldi	r21, 0x01	; 1
     f7e:	5b 83       	std	Y+3, r21	; 0x03
     f80:	4b c0       	rjmp	.+150    	; 0x1018 <GPIO_readPin+0x126>
			}
			else
			{
				return LOGIC_LOW;
     f82:	1b 82       	std	Y+3, r1	; 0x03
     f84:	49 c0       	rjmp	.+146    	; 0x1018 <GPIO_readPin+0x126>
			}
			break;
		case PORTB_ID:
			if(BIT_IS_SET(PINB,pin_num))
     f86:	e6 e3       	ldi	r30, 0x36	; 54
     f88:	f0 e0       	ldi	r31, 0x00	; 0
     f8a:	80 81       	ld	r24, Z
     f8c:	28 2f       	mov	r18, r24
     f8e:	30 e0       	ldi	r19, 0x00	; 0
     f90:	8a 81       	ldd	r24, Y+2	; 0x02
     f92:	88 2f       	mov	r24, r24
     f94:	90 e0       	ldi	r25, 0x00	; 0
     f96:	a9 01       	movw	r20, r18
     f98:	02 c0       	rjmp	.+4      	; 0xf9e <GPIO_readPin+0xac>
     f9a:	55 95       	asr	r21
     f9c:	47 95       	ror	r20
     f9e:	8a 95       	dec	r24
     fa0:	e2 f7       	brpl	.-8      	; 0xf9a <GPIO_readPin+0xa8>
     fa2:	ca 01       	movw	r24, r20
     fa4:	81 70       	andi	r24, 0x01	; 1
     fa6:	90 70       	andi	r25, 0x00	; 0
     fa8:	88 23       	and	r24, r24
     faa:	19 f0       	breq	.+6      	; 0xfb2 <GPIO_readPin+0xc0>
			{
				return LOGIC_HIGH;
     fac:	51 e0       	ldi	r21, 0x01	; 1
     fae:	5b 83       	std	Y+3, r21	; 0x03
     fb0:	33 c0       	rjmp	.+102    	; 0x1018 <GPIO_readPin+0x126>
			}
			else
			{
				return LOGIC_LOW;
     fb2:	1b 82       	std	Y+3, r1	; 0x03
     fb4:	31 c0       	rjmp	.+98     	; 0x1018 <GPIO_readPin+0x126>
			}
			break;
		case PORTC_ID:
			if(BIT_IS_SET(PINC,pin_num))
     fb6:	e3 e3       	ldi	r30, 0x33	; 51
     fb8:	f0 e0       	ldi	r31, 0x00	; 0
     fba:	80 81       	ld	r24, Z
     fbc:	28 2f       	mov	r18, r24
     fbe:	30 e0       	ldi	r19, 0x00	; 0
     fc0:	8a 81       	ldd	r24, Y+2	; 0x02
     fc2:	88 2f       	mov	r24, r24
     fc4:	90 e0       	ldi	r25, 0x00	; 0
     fc6:	a9 01       	movw	r20, r18
     fc8:	02 c0       	rjmp	.+4      	; 0xfce <GPIO_readPin+0xdc>
     fca:	55 95       	asr	r21
     fcc:	47 95       	ror	r20
     fce:	8a 95       	dec	r24
     fd0:	e2 f7       	brpl	.-8      	; 0xfca <GPIO_readPin+0xd8>
     fd2:	ca 01       	movw	r24, r20
     fd4:	81 70       	andi	r24, 0x01	; 1
     fd6:	90 70       	andi	r25, 0x00	; 0
     fd8:	88 23       	and	r24, r24
     fda:	19 f0       	breq	.+6      	; 0xfe2 <GPIO_readPin+0xf0>
			{
				return LOGIC_HIGH;
     fdc:	51 e0       	ldi	r21, 0x01	; 1
     fde:	5b 83       	std	Y+3, r21	; 0x03
     fe0:	1b c0       	rjmp	.+54     	; 0x1018 <GPIO_readPin+0x126>
			}
			else
			{
				return LOGIC_LOW;
     fe2:	1b 82       	std	Y+3, r1	; 0x03
     fe4:	19 c0       	rjmp	.+50     	; 0x1018 <GPIO_readPin+0x126>
			}
			break;
		case PORTD_ID:
			if(BIT_IS_SET(PIND,pin_num))
     fe6:	e0 e3       	ldi	r30, 0x30	; 48
     fe8:	f0 e0       	ldi	r31, 0x00	; 0
     fea:	80 81       	ld	r24, Z
     fec:	28 2f       	mov	r18, r24
     fee:	30 e0       	ldi	r19, 0x00	; 0
     ff0:	8a 81       	ldd	r24, Y+2	; 0x02
     ff2:	88 2f       	mov	r24, r24
     ff4:	90 e0       	ldi	r25, 0x00	; 0
     ff6:	a9 01       	movw	r20, r18
     ff8:	02 c0       	rjmp	.+4      	; 0xffe <GPIO_readPin+0x10c>
     ffa:	55 95       	asr	r21
     ffc:	47 95       	ror	r20
     ffe:	8a 95       	dec	r24
    1000:	e2 f7       	brpl	.-8      	; 0xffa <GPIO_readPin+0x108>
    1002:	ca 01       	movw	r24, r20
    1004:	81 70       	andi	r24, 0x01	; 1
    1006:	90 70       	andi	r25, 0x00	; 0
    1008:	88 23       	and	r24, r24
    100a:	19 f0       	breq	.+6      	; 0x1012 <GPIO_readPin+0x120>
			{
				return LOGIC_HIGH;
    100c:	51 e0       	ldi	r21, 0x01	; 1
    100e:	5b 83       	std	Y+3, r21	; 0x03
    1010:	03 c0       	rjmp	.+6      	; 0x1018 <GPIO_readPin+0x126>
			}
			else
			{
				return LOGIC_LOW;
    1012:	1b 82       	std	Y+3, r1	; 0x03
    1014:	01 c0       	rjmp	.+2      	; 0x1018 <GPIO_readPin+0x126>
    1016:	02 c0       	rjmp	.+4      	; 0x101c <GPIO_readPin+0x12a>
			}
			break;
		}
	}
}
    1018:	8b 81       	ldd	r24, Y+3	; 0x03
    101a:	8e 83       	std	Y+6, r24	; 0x06
    101c:	8e 81       	ldd	r24, Y+6	; 0x06
    101e:	26 96       	adiw	r28, 0x06	; 6
    1020:	0f b6       	in	r0, 0x3f	; 63
    1022:	f8 94       	cli
    1024:	de bf       	out	0x3e, r29	; 62
    1026:	0f be       	out	0x3f, r0	; 63
    1028:	cd bf       	out	0x3d, r28	; 61
    102a:	cf 91       	pop	r28
    102c:	df 91       	pop	r29
    102e:	08 95       	ret

00001030 <GPIO_setupPortDirection>:
 * If the direction value is PORT_INPUT all pins in this port should be input pins.
 * If the direction value is PORT_OUTPUT all pins in this port should be output pins.
 * If the input port number is not correct, The function will not handle the request.
 */
void GPIO_setupPortDirection(uint8 port_num, GPIO_PortDirectionType direction)
{
    1030:	df 93       	push	r29
    1032:	cf 93       	push	r28
    1034:	00 d0       	rcall	.+0      	; 0x1036 <GPIO_setupPortDirection+0x6>
    1036:	00 d0       	rcall	.+0      	; 0x1038 <GPIO_setupPortDirection+0x8>
    1038:	cd b7       	in	r28, 0x3d	; 61
    103a:	de b7       	in	r29, 0x3e	; 62
    103c:	89 83       	std	Y+1, r24	; 0x01
    103e:	6a 83       	std	Y+2, r22	; 0x02
	/*
	 * Check if the input number is greater than NUM_OF_PORTS value.
	 * In this case the input is not valid port number
	 */
	if(port_num >= NUM_OF_PORTS)
    1040:	89 81       	ldd	r24, Y+1	; 0x01
    1042:	84 30       	cpi	r24, 0x04	; 4
    1044:	90 f5       	brcc	.+100    	; 0x10aa <GPIO_setupPortDirection+0x7a>
		/* Do Nothing */
	}
	else
	{
		/* Setup the port direction as required */
		switch(port_num)
    1046:	89 81       	ldd	r24, Y+1	; 0x01
    1048:	28 2f       	mov	r18, r24
    104a:	30 e0       	ldi	r19, 0x00	; 0
    104c:	3c 83       	std	Y+4, r19	; 0x04
    104e:	2b 83       	std	Y+3, r18	; 0x03
    1050:	8b 81       	ldd	r24, Y+3	; 0x03
    1052:	9c 81       	ldd	r25, Y+4	; 0x04
    1054:	81 30       	cpi	r24, 0x01	; 1
    1056:	91 05       	cpc	r25, r1
    1058:	d1 f0       	breq	.+52     	; 0x108e <GPIO_setupPortDirection+0x5e>
    105a:	2b 81       	ldd	r18, Y+3	; 0x03
    105c:	3c 81       	ldd	r19, Y+4	; 0x04
    105e:	22 30       	cpi	r18, 0x02	; 2
    1060:	31 05       	cpc	r19, r1
    1062:	2c f4       	brge	.+10     	; 0x106e <GPIO_setupPortDirection+0x3e>
    1064:	8b 81       	ldd	r24, Y+3	; 0x03
    1066:	9c 81       	ldd	r25, Y+4	; 0x04
    1068:	00 97       	sbiw	r24, 0x00	; 0
    106a:	61 f0       	breq	.+24     	; 0x1084 <GPIO_setupPortDirection+0x54>
    106c:	1e c0       	rjmp	.+60     	; 0x10aa <GPIO_setupPortDirection+0x7a>
    106e:	2b 81       	ldd	r18, Y+3	; 0x03
    1070:	3c 81       	ldd	r19, Y+4	; 0x04
    1072:	22 30       	cpi	r18, 0x02	; 2
    1074:	31 05       	cpc	r19, r1
    1076:	81 f0       	breq	.+32     	; 0x1098 <GPIO_setupPortDirection+0x68>
    1078:	8b 81       	ldd	r24, Y+3	; 0x03
    107a:	9c 81       	ldd	r25, Y+4	; 0x04
    107c:	83 30       	cpi	r24, 0x03	; 3
    107e:	91 05       	cpc	r25, r1
    1080:	81 f0       	breq	.+32     	; 0x10a2 <GPIO_setupPortDirection+0x72>
    1082:	13 c0       	rjmp	.+38     	; 0x10aa <GPIO_setupPortDirection+0x7a>
		{
		case PORTA_ID:
			DDRA = direction;
    1084:	ea e3       	ldi	r30, 0x3A	; 58
    1086:	f0 e0       	ldi	r31, 0x00	; 0
    1088:	8a 81       	ldd	r24, Y+2	; 0x02
    108a:	80 83       	st	Z, r24
    108c:	0e c0       	rjmp	.+28     	; 0x10aa <GPIO_setupPortDirection+0x7a>
			break;
		case PORTB_ID:
			DDRB = direction;
    108e:	e7 e3       	ldi	r30, 0x37	; 55
    1090:	f0 e0       	ldi	r31, 0x00	; 0
    1092:	8a 81       	ldd	r24, Y+2	; 0x02
    1094:	80 83       	st	Z, r24
    1096:	09 c0       	rjmp	.+18     	; 0x10aa <GPIO_setupPortDirection+0x7a>
			break;
		case PORTC_ID:
			DDRC = direction;
    1098:	e4 e3       	ldi	r30, 0x34	; 52
    109a:	f0 e0       	ldi	r31, 0x00	; 0
    109c:	8a 81       	ldd	r24, Y+2	; 0x02
    109e:	80 83       	st	Z, r24
    10a0:	04 c0       	rjmp	.+8      	; 0x10aa <GPIO_setupPortDirection+0x7a>
			break;
		case PORTD_ID:
			DDRD = direction;
    10a2:	e1 e3       	ldi	r30, 0x31	; 49
    10a4:	f0 e0       	ldi	r31, 0x00	; 0
    10a6:	8a 81       	ldd	r24, Y+2	; 0x02
    10a8:	80 83       	st	Z, r24
			break;
		}
	}
}
    10aa:	0f 90       	pop	r0
    10ac:	0f 90       	pop	r0
    10ae:	0f 90       	pop	r0
    10b0:	0f 90       	pop	r0
    10b2:	cf 91       	pop	r28
    10b4:	df 91       	pop	r29
    10b6:	08 95       	ret

000010b8 <GPIO_writePort>:
 * If any pin in the port is output pin the value will be written.
 * If any pin in the port is input pin this will activate/deactivate the internal pull-up resistor.
 * If the input port number is not correct, The function will not handle the request.
 */
void GPIO_writePort(uint8 port_num, uint8 value)
{
    10b8:	df 93       	push	r29
    10ba:	cf 93       	push	r28
    10bc:	00 d0       	rcall	.+0      	; 0x10be <GPIO_writePort+0x6>
    10be:	00 d0       	rcall	.+0      	; 0x10c0 <GPIO_writePort+0x8>
    10c0:	cd b7       	in	r28, 0x3d	; 61
    10c2:	de b7       	in	r29, 0x3e	; 62
    10c4:	89 83       	std	Y+1, r24	; 0x01
    10c6:	6a 83       	std	Y+2, r22	; 0x02
	/*
	 * Check if the input number is greater than NUM_OF_PORTS value.
	 * In this case the input is not valid port number
	 */
	if(port_num >= NUM_OF_PORTS)
    10c8:	89 81       	ldd	r24, Y+1	; 0x01
    10ca:	84 30       	cpi	r24, 0x04	; 4
    10cc:	90 f5       	brcc	.+100    	; 0x1132 <GPIO_writePort+0x7a>
		/* Do Nothing */
	}
	else
	{
		/* Setup the port direction as required */
		switch(port_num)
    10ce:	89 81       	ldd	r24, Y+1	; 0x01
    10d0:	28 2f       	mov	r18, r24
    10d2:	30 e0       	ldi	r19, 0x00	; 0
    10d4:	3c 83       	std	Y+4, r19	; 0x04
    10d6:	2b 83       	std	Y+3, r18	; 0x03
    10d8:	8b 81       	ldd	r24, Y+3	; 0x03
    10da:	9c 81       	ldd	r25, Y+4	; 0x04
    10dc:	81 30       	cpi	r24, 0x01	; 1
    10de:	91 05       	cpc	r25, r1
    10e0:	d1 f0       	breq	.+52     	; 0x1116 <GPIO_writePort+0x5e>
    10e2:	2b 81       	ldd	r18, Y+3	; 0x03
    10e4:	3c 81       	ldd	r19, Y+4	; 0x04
    10e6:	22 30       	cpi	r18, 0x02	; 2
    10e8:	31 05       	cpc	r19, r1
    10ea:	2c f4       	brge	.+10     	; 0x10f6 <GPIO_writePort+0x3e>
    10ec:	8b 81       	ldd	r24, Y+3	; 0x03
    10ee:	9c 81       	ldd	r25, Y+4	; 0x04
    10f0:	00 97       	sbiw	r24, 0x00	; 0
    10f2:	61 f0       	breq	.+24     	; 0x110c <GPIO_writePort+0x54>
    10f4:	1e c0       	rjmp	.+60     	; 0x1132 <GPIO_writePort+0x7a>
    10f6:	2b 81       	ldd	r18, Y+3	; 0x03
    10f8:	3c 81       	ldd	r19, Y+4	; 0x04
    10fa:	22 30       	cpi	r18, 0x02	; 2
    10fc:	31 05       	cpc	r19, r1
    10fe:	81 f0       	breq	.+32     	; 0x1120 <GPIO_writePort+0x68>
    1100:	8b 81       	ldd	r24, Y+3	; 0x03
    1102:	9c 81       	ldd	r25, Y+4	; 0x04
    1104:	83 30       	cpi	r24, 0x03	; 3
    1106:	91 05       	cpc	r25, r1
    1108:	81 f0       	breq	.+32     	; 0x112a <GPIO_writePort+0x72>
    110a:	13 c0       	rjmp	.+38     	; 0x1132 <GPIO_writePort+0x7a>
		{
		case PORTA_ID:
			PORTA = value;
    110c:	eb e3       	ldi	r30, 0x3B	; 59
    110e:	f0 e0       	ldi	r31, 0x00	; 0
    1110:	8a 81       	ldd	r24, Y+2	; 0x02
    1112:	80 83       	st	Z, r24
    1114:	0e c0       	rjmp	.+28     	; 0x1132 <GPIO_writePort+0x7a>
			break;
		case PORTB_ID:
			PORTB = value;
    1116:	e8 e3       	ldi	r30, 0x38	; 56
    1118:	f0 e0       	ldi	r31, 0x00	; 0
    111a:	8a 81       	ldd	r24, Y+2	; 0x02
    111c:	80 83       	st	Z, r24
    111e:	09 c0       	rjmp	.+18     	; 0x1132 <GPIO_writePort+0x7a>
			break;
		case PORTC_ID:
			PORTC = value;
    1120:	e5 e3       	ldi	r30, 0x35	; 53
    1122:	f0 e0       	ldi	r31, 0x00	; 0
    1124:	8a 81       	ldd	r24, Y+2	; 0x02
    1126:	80 83       	st	Z, r24
    1128:	04 c0       	rjmp	.+8      	; 0x1132 <GPIO_writePort+0x7a>
			break;
		case PORTD_ID:
			PORTD = value;
    112a:	e2 e3       	ldi	r30, 0x32	; 50
    112c:	f0 e0       	ldi	r31, 0x00	; 0
    112e:	8a 81       	ldd	r24, Y+2	; 0x02
    1130:	80 83       	st	Z, r24
			break;
		}
	}
}
    1132:	0f 90       	pop	r0
    1134:	0f 90       	pop	r0
    1136:	0f 90       	pop	r0
    1138:	0f 90       	pop	r0
    113a:	cf 91       	pop	r28
    113c:	df 91       	pop	r29
    113e:	08 95       	ret

00001140 <GPIO_readPort>:
 * Description :
 * Read and return the value of the required port.
 * If the input port number is not correct, The function will return ZERO value.
 */
uint8 GPIO_readPort(uint8 port_num)
{
    1140:	df 93       	push	r29
    1142:	cf 93       	push	r28
    1144:	00 d0       	rcall	.+0      	; 0x1146 <GPIO_readPort+0x6>
    1146:	00 d0       	rcall	.+0      	; 0x1148 <GPIO_readPort+0x8>
    1148:	0f 92       	push	r0
    114a:	cd b7       	in	r28, 0x3d	; 61
    114c:	de b7       	in	r29, 0x3e	; 62
    114e:	89 83       	std	Y+1, r24	; 0x01
	/*
	 * Check if the input number is greater than NUM_OF_PORTS value.
	 * In this case the input is not valid port number
	 */
	if(port_num >= NUM_OF_PORTS)
    1150:	89 81       	ldd	r24, Y+1	; 0x01
    1152:	84 30       	cpi	r24, 0x04	; 4
    1154:	98 f5       	brcc	.+102    	; 0x11bc <GPIO_readPort+0x7c>
		/* Do Nothing */
	}
	else
	{
		/* Setup the port direction as required */
		switch(port_num)
    1156:	89 81       	ldd	r24, Y+1	; 0x01
    1158:	28 2f       	mov	r18, r24
    115a:	30 e0       	ldi	r19, 0x00	; 0
    115c:	3c 83       	std	Y+4, r19	; 0x04
    115e:	2b 83       	std	Y+3, r18	; 0x03
    1160:	8b 81       	ldd	r24, Y+3	; 0x03
    1162:	9c 81       	ldd	r25, Y+4	; 0x04
    1164:	81 30       	cpi	r24, 0x01	; 1
    1166:	91 05       	cpc	r25, r1
    1168:	d1 f0       	breq	.+52     	; 0x119e <GPIO_readPort+0x5e>
    116a:	2b 81       	ldd	r18, Y+3	; 0x03
    116c:	3c 81       	ldd	r19, Y+4	; 0x04
    116e:	22 30       	cpi	r18, 0x02	; 2
    1170:	31 05       	cpc	r19, r1
    1172:	2c f4       	brge	.+10     	; 0x117e <GPIO_readPort+0x3e>
    1174:	8b 81       	ldd	r24, Y+3	; 0x03
    1176:	9c 81       	ldd	r25, Y+4	; 0x04
    1178:	00 97       	sbiw	r24, 0x00	; 0
    117a:	61 f0       	breq	.+24     	; 0x1194 <GPIO_readPort+0x54>
    117c:	1f c0       	rjmp	.+62     	; 0x11bc <GPIO_readPort+0x7c>
    117e:	2b 81       	ldd	r18, Y+3	; 0x03
    1180:	3c 81       	ldd	r19, Y+4	; 0x04
    1182:	22 30       	cpi	r18, 0x02	; 2
    1184:	31 05       	cpc	r19, r1
    1186:	81 f0       	breq	.+32     	; 0x11a8 <GPIO_readPort+0x68>
    1188:	8b 81       	ldd	r24, Y+3	; 0x03
    118a:	9c 81       	ldd	r25, Y+4	; 0x04
    118c:	83 30       	cpi	r24, 0x03	; 3
    118e:	91 05       	cpc	r25, r1
    1190:	81 f0       	breq	.+32     	; 0x11b2 <GPIO_readPort+0x72>
    1192:	14 c0       	rjmp	.+40     	; 0x11bc <GPIO_readPort+0x7c>
		{
		case PORTA_ID:
			return PINA;
    1194:	e9 e3       	ldi	r30, 0x39	; 57
    1196:	f0 e0       	ldi	r31, 0x00	; 0
    1198:	90 81       	ld	r25, Z
    119a:	9a 83       	std	Y+2, r25	; 0x02
    119c:	10 c0       	rjmp	.+32     	; 0x11be <GPIO_readPort+0x7e>
			break;
		case PORTB_ID:
			return PINB;
    119e:	e6 e3       	ldi	r30, 0x36	; 54
    11a0:	f0 e0       	ldi	r31, 0x00	; 0
    11a2:	20 81       	ld	r18, Z
    11a4:	2a 83       	std	Y+2, r18	; 0x02
    11a6:	0b c0       	rjmp	.+22     	; 0x11be <GPIO_readPort+0x7e>
			break;
		case PORTC_ID:
			return PINB;
    11a8:	e6 e3       	ldi	r30, 0x36	; 54
    11aa:	f0 e0       	ldi	r31, 0x00	; 0
    11ac:	30 81       	ld	r19, Z
    11ae:	3a 83       	std	Y+2, r19	; 0x02
    11b0:	06 c0       	rjmp	.+12     	; 0x11be <GPIO_readPort+0x7e>
			break;
		case PORTD_ID:
			return PIND;
    11b2:	e0 e3       	ldi	r30, 0x30	; 48
    11b4:	f0 e0       	ldi	r31, 0x00	; 0
    11b6:	80 81       	ld	r24, Z
    11b8:	8a 83       	std	Y+2, r24	; 0x02
    11ba:	01 c0       	rjmp	.+2      	; 0x11be <GPIO_readPort+0x7e>
    11bc:	02 c0       	rjmp	.+4      	; 0x11c2 <GPIO_readPort+0x82>
			break;
		}
	}
}
    11be:	9a 81       	ldd	r25, Y+2	; 0x02
    11c0:	9d 83       	std	Y+5, r25	; 0x05
    11c2:	8d 81       	ldd	r24, Y+5	; 0x05
    11c4:	0f 90       	pop	r0
    11c6:	0f 90       	pop	r0
    11c8:	0f 90       	pop	r0
    11ca:	0f 90       	pop	r0
    11cc:	0f 90       	pop	r0
    11ce:	cf 91       	pop	r28
    11d0:	df 91       	pop	r29
    11d2:	08 95       	ret

000011d4 <KEYPAD_getPressedKey>:
/*******************************************************************************
 *                      Functions Definitions                                  *
 *******************************************************************************/

uint8 KEYPAD_getPressedKey(void)
{
    11d4:	df 93       	push	r29
    11d6:	cf 93       	push	r28
    11d8:	cd b7       	in	r28, 0x3d	; 61
    11da:	de b7       	in	r29, 0x3e	; 62
    11dc:	60 97       	sbiw	r28, 0x10	; 16
    11de:	0f b6       	in	r0, 0x3f	; 63
    11e0:	f8 94       	cli
    11e2:	de bf       	out	0x3e, r29	; 62
    11e4:	0f be       	out	0x3f, r0	; 63
    11e6:	cd bf       	out	0x3d, r28	; 61
	uint8 col,row;
	GPIO_setupPinDirection(KEYPAD_ROW_PORT_ID, KEYPAD_FIRST_ROW_PIN_ID, PIN_INPUT);
    11e8:	82 e0       	ldi	r24, 0x02	; 2
    11ea:	60 e0       	ldi	r22, 0x00	; 0
    11ec:	40 e0       	ldi	r20, 0x00	; 0
    11ee:	0e 94 a3 05 	call	0xb46	; 0xb46 <GPIO_setupPinDirection>
	GPIO_setupPinDirection(KEYPAD_ROW_PORT_ID, KEYPAD_FIRST_ROW_PIN_ID+1, PIN_INPUT);
    11f2:	82 e0       	ldi	r24, 0x02	; 2
    11f4:	61 e0       	ldi	r22, 0x01	; 1
    11f6:	40 e0       	ldi	r20, 0x00	; 0
    11f8:	0e 94 a3 05 	call	0xb46	; 0xb46 <GPIO_setupPinDirection>
	GPIO_setupPinDirection(KEYPAD_ROW_PORT_ID, KEYPAD_FIRST_ROW_PIN_ID+2, PIN_INPUT);
    11fc:	82 e0       	ldi	r24, 0x02	; 2
    11fe:	62 e0       	ldi	r22, 0x02	; 2
    1200:	40 e0       	ldi	r20, 0x00	; 0
    1202:	0e 94 a3 05 	call	0xb46	; 0xb46 <GPIO_setupPinDirection>
	GPIO_setupPinDirection(KEYPAD_ROW_PORT_ID, KEYPAD_FIRST_ROW_PIN_ID+3, PIN_INPUT);
    1206:	82 e0       	ldi	r24, 0x02	; 2
    1208:	63 e0       	ldi	r22, 0x03	; 3
    120a:	40 e0       	ldi	r20, 0x00	; 0
    120c:	0e 94 a3 05 	call	0xb46	; 0xb46 <GPIO_setupPinDirection>

	GPIO_setupPinDirection(KEYPAD_COL_PORT_ID, KEYPAD_FIRST_COL_PIN_ID, PIN_INPUT);
    1210:	82 e0       	ldi	r24, 0x02	; 2
    1212:	64 e0       	ldi	r22, 0x04	; 4
    1214:	40 e0       	ldi	r20, 0x00	; 0
    1216:	0e 94 a3 05 	call	0xb46	; 0xb46 <GPIO_setupPinDirection>
	GPIO_setupPinDirection(KEYPAD_COL_PORT_ID, KEYPAD_FIRST_COL_PIN_ID+1, PIN_INPUT);
    121a:	82 e0       	ldi	r24, 0x02	; 2
    121c:	65 e0       	ldi	r22, 0x05	; 5
    121e:	40 e0       	ldi	r20, 0x00	; 0
    1220:	0e 94 a3 05 	call	0xb46	; 0xb46 <GPIO_setupPinDirection>
	GPIO_setupPinDirection(KEYPAD_COL_PORT_ID, KEYPAD_FIRST_COL_PIN_ID+2, PIN_INPUT);
    1224:	82 e0       	ldi	r24, 0x02	; 2
    1226:	66 e0       	ldi	r22, 0x06	; 6
    1228:	40 e0       	ldi	r20, 0x00	; 0
    122a:	0e 94 a3 05 	call	0xb46	; 0xb46 <GPIO_setupPinDirection>
#if(KEYPAD_NUM_COLS == 4)
	GPIO_setupPinDirection(KEYPAD_COL_PORT_ID, KEYPAD_FIRST_COL_PIN_ID+3, PIN_INPUT);
    122e:	82 e0       	ldi	r24, 0x02	; 2
    1230:	67 e0       	ldi	r22, 0x07	; 7
    1232:	40 e0       	ldi	r20, 0x00	; 0
    1234:	0e 94 a3 05 	call	0xb46	; 0xb46 <GPIO_setupPinDirection>
#endif
	while(1)
	{
		for(row=0 ; row<KEYPAD_NUM_ROWS ; row++) /* loop for rows */
    1238:	1f 86       	std	Y+15, r1	; 0x0f
    123a:	b6 c0       	rjmp	.+364    	; 0x13a8 <KEYPAD_getPressedKey+0x1d4>
		{
			/* 
			 * Each time setup the direction for all keypad port as input pins,
			 * except this row will be output pin
			 */
			GPIO_setupPinDirection(KEYPAD_ROW_PORT_ID,KEYPAD_FIRST_ROW_PIN_ID+row,PIN_OUTPUT);
    123c:	82 e0       	ldi	r24, 0x02	; 2
    123e:	6f 85       	ldd	r22, Y+15	; 0x0f
    1240:	41 e0       	ldi	r20, 0x01	; 1
    1242:	0e 94 a3 05 	call	0xb46	; 0xb46 <GPIO_setupPinDirection>

			/* Set/Clear the row output pin */
			GPIO_writePin(KEYPAD_ROW_PORT_ID, KEYPAD_FIRST_ROW_PIN_ID+row, KEYPAD_BUTTON_PRESSED);
    1246:	82 e0       	ldi	r24, 0x02	; 2
    1248:	6f 85       	ldd	r22, Y+15	; 0x0f
    124a:	40 e0       	ldi	r20, 0x00	; 0
    124c:	0e 94 8e 06 	call	0xd1c	; 0xd1c <GPIO_writePin>

			for(col=0 ; col<KEYPAD_NUM_COLS ; col++) /* loop for columns */
    1250:	18 8a       	std	Y+16, r1	; 0x10
    1252:	9e c0       	rjmp	.+316    	; 0x1390 <KEYPAD_getPressedKey+0x1bc>
			{
				/* Check if the switch is pressed in this column */
				if(GPIO_readPin(KEYPAD_COL_PORT_ID,KEYPAD_FIRST_COL_PIN_ID+col) == KEYPAD_BUTTON_PRESSED)
    1254:	88 89       	ldd	r24, Y+16	; 0x10
    1256:	98 2f       	mov	r25, r24
    1258:	9c 5f       	subi	r25, 0xFC	; 252
    125a:	82 e0       	ldi	r24, 0x02	; 2
    125c:	69 2f       	mov	r22, r25
    125e:	0e 94 79 07 	call	0xef2	; 0xef2 <GPIO_readPin>
    1262:	88 23       	and	r24, r24
    1264:	09 f0       	breq	.+2      	; 0x1268 <KEYPAD_getPressedKey+0x94>
    1266:	91 c0       	rjmp	.+290    	; 0x138a <KEYPAD_getPressedKey+0x1b6>
    1268:	80 e0       	ldi	r24, 0x00	; 0
    126a:	90 e0       	ldi	r25, 0x00	; 0
    126c:	a0 ef       	ldi	r26, 0xF0	; 240
    126e:	b1 e4       	ldi	r27, 0x41	; 65
    1270:	8b 87       	std	Y+11, r24	; 0x0b
    1272:	9c 87       	std	Y+12, r25	; 0x0c
    1274:	ad 87       	std	Y+13, r26	; 0x0d
    1276:	be 87       	std	Y+14, r27	; 0x0e
 */
void
_delay_ms(double __ms)
{
	uint16_t __ticks;
	double __tmp = ((F_CPU) / 4e3) * __ms;
    1278:	6b 85       	ldd	r22, Y+11	; 0x0b
    127a:	7c 85       	ldd	r23, Y+12	; 0x0c
    127c:	8d 85       	ldd	r24, Y+13	; 0x0d
    127e:	9e 85       	ldd	r25, Y+14	; 0x0e
    1280:	20 e0       	ldi	r18, 0x00	; 0
    1282:	30 e0       	ldi	r19, 0x00	; 0
    1284:	4a ef       	ldi	r20, 0xFA	; 250
    1286:	54 e4       	ldi	r21, 0x44	; 68
    1288:	0e 94 1f 02 	call	0x43e	; 0x43e <__mulsf3>
    128c:	dc 01       	movw	r26, r24
    128e:	cb 01       	movw	r24, r22
    1290:	8f 83       	std	Y+7, r24	; 0x07
    1292:	98 87       	std	Y+8, r25	; 0x08
    1294:	a9 87       	std	Y+9, r26	; 0x09
    1296:	ba 87       	std	Y+10, r27	; 0x0a
	if (__tmp < 1.0)
    1298:	6f 81       	ldd	r22, Y+7	; 0x07
    129a:	78 85       	ldd	r23, Y+8	; 0x08
    129c:	89 85       	ldd	r24, Y+9	; 0x09
    129e:	9a 85       	ldd	r25, Y+10	; 0x0a
    12a0:	20 e0       	ldi	r18, 0x00	; 0
    12a2:	30 e0       	ldi	r19, 0x00	; 0
    12a4:	40 e8       	ldi	r20, 0x80	; 128
    12a6:	5f e3       	ldi	r21, 0x3F	; 63
    12a8:	0e 94 79 03 	call	0x6f2	; 0x6f2 <__ltsf2>
    12ac:	88 23       	and	r24, r24
    12ae:	2c f4       	brge	.+10     	; 0x12ba <KEYPAD_getPressedKey+0xe6>
		__ticks = 1;
    12b0:	81 e0       	ldi	r24, 0x01	; 1
    12b2:	90 e0       	ldi	r25, 0x00	; 0
    12b4:	9e 83       	std	Y+6, r25	; 0x06
    12b6:	8d 83       	std	Y+5, r24	; 0x05
    12b8:	3f c0       	rjmp	.+126    	; 0x1338 <KEYPAD_getPressedKey+0x164>
	else if (__tmp > 65535)
    12ba:	6f 81       	ldd	r22, Y+7	; 0x07
    12bc:	78 85       	ldd	r23, Y+8	; 0x08
    12be:	89 85       	ldd	r24, Y+9	; 0x09
    12c0:	9a 85       	ldd	r25, Y+10	; 0x0a
    12c2:	20 e0       	ldi	r18, 0x00	; 0
    12c4:	3f ef       	ldi	r19, 0xFF	; 255
    12c6:	4f e7       	ldi	r20, 0x7F	; 127
    12c8:	57 e4       	ldi	r21, 0x47	; 71
    12ca:	0e 94 19 03 	call	0x632	; 0x632 <__gtsf2>
    12ce:	18 16       	cp	r1, r24
    12d0:	4c f5       	brge	.+82     	; 0x1324 <KEYPAD_getPressedKey+0x150>
	{
		//	__ticks = requested delay in 1/10 ms
		__ticks = (uint16_t) (__ms * 10.0);
    12d2:	6b 85       	ldd	r22, Y+11	; 0x0b
    12d4:	7c 85       	ldd	r23, Y+12	; 0x0c
    12d6:	8d 85       	ldd	r24, Y+13	; 0x0d
    12d8:	9e 85       	ldd	r25, Y+14	; 0x0e
    12da:	20 e0       	ldi	r18, 0x00	; 0
    12dc:	30 e0       	ldi	r19, 0x00	; 0
    12de:	40 e2       	ldi	r20, 0x20	; 32
    12e0:	51 e4       	ldi	r21, 0x41	; 65
    12e2:	0e 94 1f 02 	call	0x43e	; 0x43e <__mulsf3>
    12e6:	dc 01       	movw	r26, r24
    12e8:	cb 01       	movw	r24, r22
    12ea:	bc 01       	movw	r22, r24
    12ec:	cd 01       	movw	r24, r26
    12ee:	0e 94 49 00 	call	0x92	; 0x92 <__fixunssfsi>
    12f2:	dc 01       	movw	r26, r24
    12f4:	cb 01       	movw	r24, r22
    12f6:	9e 83       	std	Y+6, r25	; 0x06
    12f8:	8d 83       	std	Y+5, r24	; 0x05
    12fa:	0f c0       	rjmp	.+30     	; 0x131a <KEYPAD_getPressedKey+0x146>
    12fc:	88 ec       	ldi	r24, 0xC8	; 200
    12fe:	90 e0       	ldi	r25, 0x00	; 0
    1300:	9c 83       	std	Y+4, r25	; 0x04
    1302:	8b 83       	std	Y+3, r24	; 0x03
    milliseconds can be achieved.
 */
void
_delay_loop_2(uint16_t __count)
{
	__asm__ volatile (
    1304:	8b 81       	ldd	r24, Y+3	; 0x03
    1306:	9c 81       	ldd	r25, Y+4	; 0x04
    1308:	01 97       	sbiw	r24, 0x01	; 1
    130a:	f1 f7       	brne	.-4      	; 0x1308 <KEYPAD_getPressedKey+0x134>
    130c:	9c 83       	std	Y+4, r25	; 0x04
    130e:	8b 83       	std	Y+3, r24	; 0x03
		while(__ticks)
		{
			// wait 1/10 ms
			_delay_loop_2(((F_CPU) / 4e3) / 10);
			__ticks --;
    1310:	8d 81       	ldd	r24, Y+5	; 0x05
    1312:	9e 81       	ldd	r25, Y+6	; 0x06
    1314:	01 97       	sbiw	r24, 0x01	; 1
    1316:	9e 83       	std	Y+6, r25	; 0x06
    1318:	8d 83       	std	Y+5, r24	; 0x05
		__ticks = 1;
	else if (__tmp > 65535)
	{
		//	__ticks = requested delay in 1/10 ms
		__ticks = (uint16_t) (__ms * 10.0);
		while(__ticks)
    131a:	8d 81       	ldd	r24, Y+5	; 0x05
    131c:	9e 81       	ldd	r25, Y+6	; 0x06
    131e:	00 97       	sbiw	r24, 0x00	; 0
    1320:	69 f7       	brne	.-38     	; 0x12fc <KEYPAD_getPressedKey+0x128>
    1322:	14 c0       	rjmp	.+40     	; 0x134c <KEYPAD_getPressedKey+0x178>
			__ticks --;
		}
		return;
	}
	else
		__ticks = (uint16_t)__tmp;
    1324:	6f 81       	ldd	r22, Y+7	; 0x07
    1326:	78 85       	ldd	r23, Y+8	; 0x08
    1328:	89 85       	ldd	r24, Y+9	; 0x09
    132a:	9a 85       	ldd	r25, Y+10	; 0x0a
    132c:	0e 94 49 00 	call	0x92	; 0x92 <__fixunssfsi>
    1330:	dc 01       	movw	r26, r24
    1332:	cb 01       	movw	r24, r22
    1334:	9e 83       	std	Y+6, r25	; 0x06
    1336:	8d 83       	std	Y+5, r24	; 0x05
    1338:	8d 81       	ldd	r24, Y+5	; 0x05
    133a:	9e 81       	ldd	r25, Y+6	; 0x06
    133c:	9a 83       	std	Y+2, r25	; 0x02
    133e:	89 83       	std	Y+1, r24	; 0x01
    1340:	89 81       	ldd	r24, Y+1	; 0x01
    1342:	9a 81       	ldd	r25, Y+2	; 0x02
    1344:	01 97       	sbiw	r24, 0x01	; 1
    1346:	f1 f7       	brne	.-4      	; 0x1344 <KEYPAD_getPressedKey+0x170>
    1348:	9a 83       	std	Y+2, r25	; 0x02
    134a:	89 83       	std	Y+1, r24	; 0x01
				{
					_delay_ms(30);
					if(GPIO_readPin(KEYPAD_COL_PORT_ID,KEYPAD_FIRST_COL_PIN_ID+col) == KEYPAD_BUTTON_PRESSED)
    134c:	88 89       	ldd	r24, Y+16	; 0x10
    134e:	98 2f       	mov	r25, r24
    1350:	9c 5f       	subi	r25, 0xFC	; 252
    1352:	82 e0       	ldi	r24, 0x02	; 2
    1354:	69 2f       	mov	r22, r25
    1356:	0e 94 79 07 	call	0xef2	; 0xef2 <GPIO_readPin>
    135a:	88 23       	and	r24, r24
    135c:	b1 f4       	brne	.+44     	; 0x138a <KEYPAD_getPressedKey+0x1b6>
						#endif
					#elif (KEYPAD_NUM_COLS == 4)
						#ifdef STANDARD_KEYPAD
							return ((row*KEYPAD_NUM_COLS)+col+1);
						#else
							return KEYPAD_4x4_adjustKeyNumber((row*KEYPAD_NUM_COLS)+col+1);
    135e:	8f 85       	ldd	r24, Y+15	; 0x0f
    1360:	88 2f       	mov	r24, r24
    1362:	90 e0       	ldi	r25, 0x00	; 0
    1364:	88 0f       	add	r24, r24
    1366:	99 1f       	adc	r25, r25
    1368:	88 0f       	add	r24, r24
    136a:	99 1f       	adc	r25, r25
    136c:	98 2f       	mov	r25, r24
    136e:	88 89       	ldd	r24, Y+16	; 0x10
    1370:	89 0f       	add	r24, r25
    1372:	8f 5f       	subi	r24, 0xFF	; 255
    1374:	0e 94 d9 09 	call	0x13b2	; 0x13b2 <KEYPAD_4x4_adjustKeyNumber>
				}
			}
			GPIO_setupPinDirection(KEYPAD_ROW_PORT_ID,KEYPAD_FIRST_ROW_PIN_ID+row,PIN_INPUT);
		}
	}	
}
    1378:	60 96       	adiw	r28, 0x10	; 16
    137a:	0f b6       	in	r0, 0x3f	; 63
    137c:	f8 94       	cli
    137e:	de bf       	out	0x3e, r29	; 62
    1380:	0f be       	out	0x3f, r0	; 63
    1382:	cd bf       	out	0x3d, r28	; 61
    1384:	cf 91       	pop	r28
    1386:	df 91       	pop	r29
    1388:	08 95       	ret
			GPIO_setupPinDirection(KEYPAD_ROW_PORT_ID,KEYPAD_FIRST_ROW_PIN_ID+row,PIN_OUTPUT);

			/* Set/Clear the row output pin */
			GPIO_writePin(KEYPAD_ROW_PORT_ID, KEYPAD_FIRST_ROW_PIN_ID+row, KEYPAD_BUTTON_PRESSED);

			for(col=0 ; col<KEYPAD_NUM_COLS ; col++) /* loop for columns */
    138a:	88 89       	ldd	r24, Y+16	; 0x10
    138c:	8f 5f       	subi	r24, 0xFF	; 255
    138e:	88 8b       	std	Y+16, r24	; 0x10
    1390:	88 89       	ldd	r24, Y+16	; 0x10
    1392:	84 30       	cpi	r24, 0x04	; 4
    1394:	08 f4       	brcc	.+2      	; 0x1398 <KEYPAD_getPressedKey+0x1c4>
    1396:	5e cf       	rjmp	.-324    	; 0x1254 <KEYPAD_getPressedKey+0x80>
						#endif
					#endif
					}
				}
			}
			GPIO_setupPinDirection(KEYPAD_ROW_PORT_ID,KEYPAD_FIRST_ROW_PIN_ID+row,PIN_INPUT);
    1398:	82 e0       	ldi	r24, 0x02	; 2
    139a:	6f 85       	ldd	r22, Y+15	; 0x0f
    139c:	40 e0       	ldi	r20, 0x00	; 0
    139e:	0e 94 a3 05 	call	0xb46	; 0xb46 <GPIO_setupPinDirection>
#if(KEYPAD_NUM_COLS == 4)
	GPIO_setupPinDirection(KEYPAD_COL_PORT_ID, KEYPAD_FIRST_COL_PIN_ID+3, PIN_INPUT);
#endif
	while(1)
	{
		for(row=0 ; row<KEYPAD_NUM_ROWS ; row++) /* loop for rows */
    13a2:	8f 85       	ldd	r24, Y+15	; 0x0f
    13a4:	8f 5f       	subi	r24, 0xFF	; 255
    13a6:	8f 87       	std	Y+15, r24	; 0x0f
    13a8:	8f 85       	ldd	r24, Y+15	; 0x0f
    13aa:	84 30       	cpi	r24, 0x04	; 4
    13ac:	08 f4       	brcc	.+2      	; 0x13b0 <KEYPAD_getPressedKey+0x1dc>
    13ae:	46 cf       	rjmp	.-372    	; 0x123c <KEYPAD_getPressedKey+0x68>
    13b0:	43 cf       	rjmp	.-378    	; 0x1238 <KEYPAD_getPressedKey+0x64>

000013b2 <KEYPAD_4x4_adjustKeyNumber>:
/*
 * Description :
 * Update the keypad pressed button value with the correct one in keypad 4x4 shape
 */
static uint8 KEYPAD_4x4_adjustKeyNumber(uint8 button_number)
{
    13b2:	df 93       	push	r29
    13b4:	cf 93       	push	r28
    13b6:	00 d0       	rcall	.+0      	; 0x13b8 <KEYPAD_4x4_adjustKeyNumber+0x6>
    13b8:	00 d0       	rcall	.+0      	; 0x13ba <KEYPAD_4x4_adjustKeyNumber+0x8>
    13ba:	cd b7       	in	r28, 0x3d	; 61
    13bc:	de b7       	in	r29, 0x3e	; 62
    13be:	8a 83       	std	Y+2, r24	; 0x02
	uint8 keypad_button = 0;
    13c0:	19 82       	std	Y+1, r1	; 0x01
	switch(button_number)
    13c2:	8a 81       	ldd	r24, Y+2	; 0x02
    13c4:	28 2f       	mov	r18, r24
    13c6:	30 e0       	ldi	r19, 0x00	; 0
    13c8:	3c 83       	std	Y+4, r19	; 0x04
    13ca:	2b 83       	std	Y+3, r18	; 0x03
    13cc:	8b 81       	ldd	r24, Y+3	; 0x03
    13ce:	9c 81       	ldd	r25, Y+4	; 0x04
    13d0:	88 30       	cpi	r24, 0x08	; 8
    13d2:	91 05       	cpc	r25, r1
    13d4:	09 f4       	brne	.+2      	; 0x13d8 <KEYPAD_4x4_adjustKeyNumber+0x26>
    13d6:	70 c0       	rjmp	.+224    	; 0x14b8 <KEYPAD_4x4_adjustKeyNumber+0x106>
    13d8:	2b 81       	ldd	r18, Y+3	; 0x03
    13da:	3c 81       	ldd	r19, Y+4	; 0x04
    13dc:	29 30       	cpi	r18, 0x09	; 9
    13de:	31 05       	cpc	r19, r1
    13e0:	5c f5       	brge	.+86     	; 0x1438 <KEYPAD_4x4_adjustKeyNumber+0x86>
    13e2:	8b 81       	ldd	r24, Y+3	; 0x03
    13e4:	9c 81       	ldd	r25, Y+4	; 0x04
    13e6:	84 30       	cpi	r24, 0x04	; 4
    13e8:	91 05       	cpc	r25, r1
    13ea:	09 f4       	brne	.+2      	; 0x13ee <KEYPAD_4x4_adjustKeyNumber+0x3c>
    13ec:	59 c0       	rjmp	.+178    	; 0x14a0 <KEYPAD_4x4_adjustKeyNumber+0xee>
    13ee:	2b 81       	ldd	r18, Y+3	; 0x03
    13f0:	3c 81       	ldd	r19, Y+4	; 0x04
    13f2:	25 30       	cpi	r18, 0x05	; 5
    13f4:	31 05       	cpc	r19, r1
    13f6:	9c f4       	brge	.+38     	; 0x141e <KEYPAD_4x4_adjustKeyNumber+0x6c>
    13f8:	8b 81       	ldd	r24, Y+3	; 0x03
    13fa:	9c 81       	ldd	r25, Y+4	; 0x04
    13fc:	82 30       	cpi	r24, 0x02	; 2
    13fe:	91 05       	cpc	r25, r1
    1400:	09 f4       	brne	.+2      	; 0x1404 <KEYPAD_4x4_adjustKeyNumber+0x52>
    1402:	48 c0       	rjmp	.+144    	; 0x1494 <KEYPAD_4x4_adjustKeyNumber+0xe2>
    1404:	2b 81       	ldd	r18, Y+3	; 0x03
    1406:	3c 81       	ldd	r19, Y+4	; 0x04
    1408:	23 30       	cpi	r18, 0x03	; 3
    140a:	31 05       	cpc	r19, r1
    140c:	0c f0       	brlt	.+2      	; 0x1410 <KEYPAD_4x4_adjustKeyNumber+0x5e>
    140e:	45 c0       	rjmp	.+138    	; 0x149a <KEYPAD_4x4_adjustKeyNumber+0xe8>
    1410:	8b 81       	ldd	r24, Y+3	; 0x03
    1412:	9c 81       	ldd	r25, Y+4	; 0x04
    1414:	81 30       	cpi	r24, 0x01	; 1
    1416:	91 05       	cpc	r25, r1
    1418:	09 f4       	brne	.+2      	; 0x141c <KEYPAD_4x4_adjustKeyNumber+0x6a>
    141a:	39 c0       	rjmp	.+114    	; 0x148e <KEYPAD_4x4_adjustKeyNumber+0xdc>
    141c:	67 c0       	rjmp	.+206    	; 0x14ec <KEYPAD_4x4_adjustKeyNumber+0x13a>
    141e:	2b 81       	ldd	r18, Y+3	; 0x03
    1420:	3c 81       	ldd	r19, Y+4	; 0x04
    1422:	26 30       	cpi	r18, 0x06	; 6
    1424:	31 05       	cpc	r19, r1
    1426:	09 f4       	brne	.+2      	; 0x142a <KEYPAD_4x4_adjustKeyNumber+0x78>
    1428:	41 c0       	rjmp	.+130    	; 0x14ac <KEYPAD_4x4_adjustKeyNumber+0xfa>
    142a:	8b 81       	ldd	r24, Y+3	; 0x03
    142c:	9c 81       	ldd	r25, Y+4	; 0x04
    142e:	87 30       	cpi	r24, 0x07	; 7
    1430:	91 05       	cpc	r25, r1
    1432:	0c f0       	brlt	.+2      	; 0x1436 <KEYPAD_4x4_adjustKeyNumber+0x84>
    1434:	3e c0       	rjmp	.+124    	; 0x14b2 <KEYPAD_4x4_adjustKeyNumber+0x100>
    1436:	37 c0       	rjmp	.+110    	; 0x14a6 <KEYPAD_4x4_adjustKeyNumber+0xf4>
    1438:	2b 81       	ldd	r18, Y+3	; 0x03
    143a:	3c 81       	ldd	r19, Y+4	; 0x04
    143c:	2c 30       	cpi	r18, 0x0C	; 12
    143e:	31 05       	cpc	r19, r1
    1440:	09 f4       	brne	.+2      	; 0x1444 <KEYPAD_4x4_adjustKeyNumber+0x92>
    1442:	46 c0       	rjmp	.+140    	; 0x14d0 <KEYPAD_4x4_adjustKeyNumber+0x11e>
    1444:	8b 81       	ldd	r24, Y+3	; 0x03
    1446:	9c 81       	ldd	r25, Y+4	; 0x04
    1448:	8d 30       	cpi	r24, 0x0D	; 13
    144a:	91 05       	cpc	r25, r1
    144c:	5c f4       	brge	.+22     	; 0x1464 <KEYPAD_4x4_adjustKeyNumber+0xb2>
    144e:	2b 81       	ldd	r18, Y+3	; 0x03
    1450:	3c 81       	ldd	r19, Y+4	; 0x04
    1452:	2a 30       	cpi	r18, 0x0A	; 10
    1454:	31 05       	cpc	r19, r1
    1456:	b1 f1       	breq	.+108    	; 0x14c4 <KEYPAD_4x4_adjustKeyNumber+0x112>
    1458:	8b 81       	ldd	r24, Y+3	; 0x03
    145a:	9c 81       	ldd	r25, Y+4	; 0x04
    145c:	8b 30       	cpi	r24, 0x0B	; 11
    145e:	91 05       	cpc	r25, r1
    1460:	a4 f5       	brge	.+104    	; 0x14ca <KEYPAD_4x4_adjustKeyNumber+0x118>
    1462:	2d c0       	rjmp	.+90     	; 0x14be <KEYPAD_4x4_adjustKeyNumber+0x10c>
    1464:	2b 81       	ldd	r18, Y+3	; 0x03
    1466:	3c 81       	ldd	r19, Y+4	; 0x04
    1468:	2e 30       	cpi	r18, 0x0E	; 14
    146a:	31 05       	cpc	r19, r1
    146c:	b9 f1       	breq	.+110    	; 0x14dc <KEYPAD_4x4_adjustKeyNumber+0x12a>
    146e:	8b 81       	ldd	r24, Y+3	; 0x03
    1470:	9c 81       	ldd	r25, Y+4	; 0x04
    1472:	8e 30       	cpi	r24, 0x0E	; 14
    1474:	91 05       	cpc	r25, r1
    1476:	7c f1       	brlt	.+94     	; 0x14d6 <KEYPAD_4x4_adjustKeyNumber+0x124>
    1478:	2b 81       	ldd	r18, Y+3	; 0x03
    147a:	3c 81       	ldd	r19, Y+4	; 0x04
    147c:	2f 30       	cpi	r18, 0x0F	; 15
    147e:	31 05       	cpc	r19, r1
    1480:	79 f1       	breq	.+94     	; 0x14e0 <KEYPAD_4x4_adjustKeyNumber+0x12e>
    1482:	8b 81       	ldd	r24, Y+3	; 0x03
    1484:	9c 81       	ldd	r25, Y+4	; 0x04
    1486:	80 31       	cpi	r24, 0x10	; 16
    1488:	91 05       	cpc	r25, r1
    148a:	69 f1       	breq	.+90     	; 0x14e6 <KEYPAD_4x4_adjustKeyNumber+0x134>
    148c:	2f c0       	rjmp	.+94     	; 0x14ec <KEYPAD_4x4_adjustKeyNumber+0x13a>
	{
		case 1: keypad_button = 7;
    148e:	87 e0       	ldi	r24, 0x07	; 7
    1490:	89 83       	std	Y+1, r24	; 0x01
    1492:	2e c0       	rjmp	.+92     	; 0x14f0 <KEYPAD_4x4_adjustKeyNumber+0x13e>
				break;
		case 2: keypad_button = 8;
    1494:	88 e0       	ldi	r24, 0x08	; 8
    1496:	89 83       	std	Y+1, r24	; 0x01
    1498:	2b c0       	rjmp	.+86     	; 0x14f0 <KEYPAD_4x4_adjustKeyNumber+0x13e>
				break;
		case 3: keypad_button = 9;
    149a:	89 e0       	ldi	r24, 0x09	; 9
    149c:	89 83       	std	Y+1, r24	; 0x01
    149e:	28 c0       	rjmp	.+80     	; 0x14f0 <KEYPAD_4x4_adjustKeyNumber+0x13e>
				break;
		case 4: keypad_button = '%'; // ASCII Code of %
    14a0:	85 e2       	ldi	r24, 0x25	; 37
    14a2:	89 83       	std	Y+1, r24	; 0x01
    14a4:	25 c0       	rjmp	.+74     	; 0x14f0 <KEYPAD_4x4_adjustKeyNumber+0x13e>
				break;
		case 5: keypad_button = 4;
    14a6:	84 e0       	ldi	r24, 0x04	; 4
    14a8:	89 83       	std	Y+1, r24	; 0x01
    14aa:	22 c0       	rjmp	.+68     	; 0x14f0 <KEYPAD_4x4_adjustKeyNumber+0x13e>
				break;
		case 6: keypad_button = 5;
    14ac:	85 e0       	ldi	r24, 0x05	; 5
    14ae:	89 83       	std	Y+1, r24	; 0x01
    14b0:	1f c0       	rjmp	.+62     	; 0x14f0 <KEYPAD_4x4_adjustKeyNumber+0x13e>
				break;
		case 7: keypad_button = 6;
    14b2:	86 e0       	ldi	r24, 0x06	; 6
    14b4:	89 83       	std	Y+1, r24	; 0x01
    14b6:	1c c0       	rjmp	.+56     	; 0x14f0 <KEYPAD_4x4_adjustKeyNumber+0x13e>
				break;
		case 8: keypad_button = '*'; /* ASCII Code of '*' */
    14b8:	8a e2       	ldi	r24, 0x2A	; 42
    14ba:	89 83       	std	Y+1, r24	; 0x01
    14bc:	19 c0       	rjmp	.+50     	; 0x14f0 <KEYPAD_4x4_adjustKeyNumber+0x13e>
				break;		
		case 9: keypad_button = 1;
    14be:	81 e0       	ldi	r24, 0x01	; 1
    14c0:	89 83       	std	Y+1, r24	; 0x01
    14c2:	16 c0       	rjmp	.+44     	; 0x14f0 <KEYPAD_4x4_adjustKeyNumber+0x13e>
				break;
		case 10: keypad_button = 2;
    14c4:	82 e0       	ldi	r24, 0x02	; 2
    14c6:	89 83       	std	Y+1, r24	; 0x01
    14c8:	13 c0       	rjmp	.+38     	; 0x14f0 <KEYPAD_4x4_adjustKeyNumber+0x13e>
				break;
		case 11: keypad_button = 3;
    14ca:	83 e0       	ldi	r24, 0x03	; 3
    14cc:	89 83       	std	Y+1, r24	; 0x01
    14ce:	10 c0       	rjmp	.+32     	; 0x14f0 <KEYPAD_4x4_adjustKeyNumber+0x13e>
				break;
		case 12: keypad_button = '-'; /* ASCII Code of '-' */
    14d0:	8d e2       	ldi	r24, 0x2D	; 45
    14d2:	89 83       	std	Y+1, r24	; 0x01
    14d4:	0d c0       	rjmp	.+26     	; 0x14f0 <KEYPAD_4x4_adjustKeyNumber+0x13e>
				break;
		case 13: keypad_button = 13;  /* ASCII of Enter */
    14d6:	8d e0       	ldi	r24, 0x0D	; 13
    14d8:	89 83       	std	Y+1, r24	; 0x01
    14da:	0a c0       	rjmp	.+20     	; 0x14f0 <KEYPAD_4x4_adjustKeyNumber+0x13e>
				break;			
		case 14: keypad_button = 0;
    14dc:	19 82       	std	Y+1, r1	; 0x01
    14de:	08 c0       	rjmp	.+16     	; 0x14f0 <KEYPAD_4x4_adjustKeyNumber+0x13e>
				break;
		case 15: keypad_button = '='; /* ASCII Code of '=' */
    14e0:	8d e3       	ldi	r24, 0x3D	; 61
    14e2:	89 83       	std	Y+1, r24	; 0x01
    14e4:	05 c0       	rjmp	.+10     	; 0x14f0 <KEYPAD_4x4_adjustKeyNumber+0x13e>
				break;
		case 16: keypad_button = '+'; /* ASCII Code of '+' */
    14e6:	8b e2       	ldi	r24, 0x2B	; 43
    14e8:	89 83       	std	Y+1, r24	; 0x01
    14ea:	02 c0       	rjmp	.+4      	; 0x14f0 <KEYPAD_4x4_adjustKeyNumber+0x13e>
				break;
		default: keypad_button = button_number;
    14ec:	8a 81       	ldd	r24, Y+2	; 0x02
    14ee:	89 83       	std	Y+1, r24	; 0x01
				break;
	}
	return keypad_button;
    14f0:	89 81       	ldd	r24, Y+1	; 0x01
} 
    14f2:	0f 90       	pop	r0
    14f4:	0f 90       	pop	r0
    14f6:	0f 90       	pop	r0
    14f8:	0f 90       	pop	r0
    14fa:	cf 91       	pop	r28
    14fc:	df 91       	pop	r29
    14fe:	08 95       	ret

00001500 <LCD_init>:
 * Initialize the LCD:
 * 1. Setup the LCD pins directions by use the GPIO driver.
 * 2. Setup the LCD Data Mode 8-bits.
 */
void LCD_init(void)
{
    1500:	df 93       	push	r29
    1502:	cf 93       	push	r28
    1504:	cd b7       	in	r28, 0x3d	; 61
    1506:	de b7       	in	r29, 0x3e	; 62
    1508:	2e 97       	sbiw	r28, 0x0e	; 14
    150a:	0f b6       	in	r0, 0x3f	; 63
    150c:	f8 94       	cli
    150e:	de bf       	out	0x3e, r29	; 62
    1510:	0f be       	out	0x3f, r0	; 63
    1512:	cd bf       	out	0x3d, r28	; 61
	GPIO_setupPinDirection(LCD_RS_PORT_ID, LCD_RS_PIN_ID, PIN_OUTPUT);
    1514:	80 e0       	ldi	r24, 0x00	; 0
    1516:	60 e0       	ldi	r22, 0x00	; 0
    1518:	41 e0       	ldi	r20, 0x01	; 1
    151a:	0e 94 a3 05 	call	0xb46	; 0xb46 <GPIO_setupPinDirection>
	GPIO_setupPinDirection(LCD_E_PORT_ID, LCD_E_PIN_ID, PIN_OUTPUT);
    151e:	80 e0       	ldi	r24, 0x00	; 0
    1520:	61 e0       	ldi	r22, 0x01	; 1
    1522:	41 e0       	ldi	r20, 0x01	; 1
    1524:	0e 94 a3 05 	call	0xb46	; 0xb46 <GPIO_setupPinDirection>
    1528:	80 e0       	ldi	r24, 0x00	; 0
    152a:	90 e0       	ldi	r25, 0x00	; 0
    152c:	a0 ea       	ldi	r26, 0xA0	; 160
    152e:	b1 e4       	ldi	r27, 0x41	; 65
    1530:	8b 87       	std	Y+11, r24	; 0x0b
    1532:	9c 87       	std	Y+12, r25	; 0x0c
    1534:	ad 87       	std	Y+13, r26	; 0x0d
    1536:	be 87       	std	Y+14, r27	; 0x0e
 */
void
_delay_ms(double __ms)
{
	uint16_t __ticks;
	double __tmp = ((F_CPU) / 4e3) * __ms;
    1538:	6b 85       	ldd	r22, Y+11	; 0x0b
    153a:	7c 85       	ldd	r23, Y+12	; 0x0c
    153c:	8d 85       	ldd	r24, Y+13	; 0x0d
    153e:	9e 85       	ldd	r25, Y+14	; 0x0e
    1540:	20 e0       	ldi	r18, 0x00	; 0
    1542:	30 e0       	ldi	r19, 0x00	; 0
    1544:	4a ef       	ldi	r20, 0xFA	; 250
    1546:	54 e4       	ldi	r21, 0x44	; 68
    1548:	0e 94 1f 02 	call	0x43e	; 0x43e <__mulsf3>
    154c:	dc 01       	movw	r26, r24
    154e:	cb 01       	movw	r24, r22
    1550:	8f 83       	std	Y+7, r24	; 0x07
    1552:	98 87       	std	Y+8, r25	; 0x08
    1554:	a9 87       	std	Y+9, r26	; 0x09
    1556:	ba 87       	std	Y+10, r27	; 0x0a
	if (__tmp < 1.0)
    1558:	6f 81       	ldd	r22, Y+7	; 0x07
    155a:	78 85       	ldd	r23, Y+8	; 0x08
    155c:	89 85       	ldd	r24, Y+9	; 0x09
    155e:	9a 85       	ldd	r25, Y+10	; 0x0a
    1560:	20 e0       	ldi	r18, 0x00	; 0
    1562:	30 e0       	ldi	r19, 0x00	; 0
    1564:	40 e8       	ldi	r20, 0x80	; 128
    1566:	5f e3       	ldi	r21, 0x3F	; 63
    1568:	0e 94 79 03 	call	0x6f2	; 0x6f2 <__ltsf2>
    156c:	88 23       	and	r24, r24
    156e:	2c f4       	brge	.+10     	; 0x157a <LCD_init+0x7a>
		__ticks = 1;
    1570:	81 e0       	ldi	r24, 0x01	; 1
    1572:	90 e0       	ldi	r25, 0x00	; 0
    1574:	9e 83       	std	Y+6, r25	; 0x06
    1576:	8d 83       	std	Y+5, r24	; 0x05
    1578:	3f c0       	rjmp	.+126    	; 0x15f8 <LCD_init+0xf8>
	else if (__tmp > 65535)
    157a:	6f 81       	ldd	r22, Y+7	; 0x07
    157c:	78 85       	ldd	r23, Y+8	; 0x08
    157e:	89 85       	ldd	r24, Y+9	; 0x09
    1580:	9a 85       	ldd	r25, Y+10	; 0x0a
    1582:	20 e0       	ldi	r18, 0x00	; 0
    1584:	3f ef       	ldi	r19, 0xFF	; 255
    1586:	4f e7       	ldi	r20, 0x7F	; 127
    1588:	57 e4       	ldi	r21, 0x47	; 71
    158a:	0e 94 19 03 	call	0x632	; 0x632 <__gtsf2>
    158e:	18 16       	cp	r1, r24
    1590:	4c f5       	brge	.+82     	; 0x15e4 <LCD_init+0xe4>
	{
		//	__ticks = requested delay in 1/10 ms
		__ticks = (uint16_t) (__ms * 10.0);
    1592:	6b 85       	ldd	r22, Y+11	; 0x0b
    1594:	7c 85       	ldd	r23, Y+12	; 0x0c
    1596:	8d 85       	ldd	r24, Y+13	; 0x0d
    1598:	9e 85       	ldd	r25, Y+14	; 0x0e
    159a:	20 e0       	ldi	r18, 0x00	; 0
    159c:	30 e0       	ldi	r19, 0x00	; 0
    159e:	40 e2       	ldi	r20, 0x20	; 32
    15a0:	51 e4       	ldi	r21, 0x41	; 65
    15a2:	0e 94 1f 02 	call	0x43e	; 0x43e <__mulsf3>
    15a6:	dc 01       	movw	r26, r24
    15a8:	cb 01       	movw	r24, r22
    15aa:	bc 01       	movw	r22, r24
    15ac:	cd 01       	movw	r24, r26
    15ae:	0e 94 49 00 	call	0x92	; 0x92 <__fixunssfsi>
    15b2:	dc 01       	movw	r26, r24
    15b4:	cb 01       	movw	r24, r22
    15b6:	9e 83       	std	Y+6, r25	; 0x06
    15b8:	8d 83       	std	Y+5, r24	; 0x05
    15ba:	0f c0       	rjmp	.+30     	; 0x15da <LCD_init+0xda>
    15bc:	88 ec       	ldi	r24, 0xC8	; 200
    15be:	90 e0       	ldi	r25, 0x00	; 0
    15c0:	9c 83       	std	Y+4, r25	; 0x04
    15c2:	8b 83       	std	Y+3, r24	; 0x03
    15c4:	8b 81       	ldd	r24, Y+3	; 0x03
    15c6:	9c 81       	ldd	r25, Y+4	; 0x04
    15c8:	01 97       	sbiw	r24, 0x01	; 1
    15ca:	f1 f7       	brne	.-4      	; 0x15c8 <LCD_init+0xc8>
    15cc:	9c 83       	std	Y+4, r25	; 0x04
    15ce:	8b 83       	std	Y+3, r24	; 0x03
		while(__ticks)
		{
			// wait 1/10 ms
			_delay_loop_2(((F_CPU) / 4e3) / 10);
			__ticks --;
    15d0:	8d 81       	ldd	r24, Y+5	; 0x05
    15d2:	9e 81       	ldd	r25, Y+6	; 0x06
    15d4:	01 97       	sbiw	r24, 0x01	; 1
    15d6:	9e 83       	std	Y+6, r25	; 0x06
    15d8:	8d 83       	std	Y+5, r24	; 0x05
		__ticks = 1;
	else if (__tmp > 65535)
	{
		//	__ticks = requested delay in 1/10 ms
		__ticks = (uint16_t) (__ms * 10.0);
		while(__ticks)
    15da:	8d 81       	ldd	r24, Y+5	; 0x05
    15dc:	9e 81       	ldd	r25, Y+6	; 0x06
    15de:	00 97       	sbiw	r24, 0x00	; 0
    15e0:	69 f7       	brne	.-38     	; 0x15bc <LCD_init+0xbc>
    15e2:	14 c0       	rjmp	.+40     	; 0x160c <LCD_init+0x10c>
			__ticks --;
		}
		return;
	}
	else
		__ticks = (uint16_t)__tmp;
    15e4:	6f 81       	ldd	r22, Y+7	; 0x07
    15e6:	78 85       	ldd	r23, Y+8	; 0x08
    15e8:	89 85       	ldd	r24, Y+9	; 0x09
    15ea:	9a 85       	ldd	r25, Y+10	; 0x0a
    15ec:	0e 94 49 00 	call	0x92	; 0x92 <__fixunssfsi>
    15f0:	dc 01       	movw	r26, r24
    15f2:	cb 01       	movw	r24, r22
    15f4:	9e 83       	std	Y+6, r25	; 0x06
    15f6:	8d 83       	std	Y+5, r24	; 0x05
    15f8:	8d 81       	ldd	r24, Y+5	; 0x05
    15fa:	9e 81       	ldd	r25, Y+6	; 0x06
    15fc:	9a 83       	std	Y+2, r25	; 0x02
    15fe:	89 83       	std	Y+1, r24	; 0x01
    1600:	89 81       	ldd	r24, Y+1	; 0x01
    1602:	9a 81       	ldd	r25, Y+2	; 0x02
    1604:	01 97       	sbiw	r24, 0x01	; 1
    1606:	f1 f7       	brne	.-4      	; 0x1604 <LCD_init+0x104>
    1608:	9a 83       	std	Y+2, r25	; 0x02
    160a:	89 83       	std	Y+1, r24	; 0x01
	GPIO_setupPortDirection(LCD_DATA_PORT_ID, PORT_OUTPUT);
	LCD_sendCommand(LCD_TWO_LINES_EIGHT_BITS_MODE);
#endif

#if (LCD_DATA_BITS_MODE == 4)
	GPIO_setupPinDirection(LCD_DATA_PORT_ID, LCD_DB4_PIN_ID, PIN_OUTPUT);
    160c:	80 e0       	ldi	r24, 0x00	; 0
    160e:	62 e0       	ldi	r22, 0x02	; 2
    1610:	41 e0       	ldi	r20, 0x01	; 1
    1612:	0e 94 a3 05 	call	0xb46	; 0xb46 <GPIO_setupPinDirection>
	GPIO_setupPinDirection(LCD_DATA_PORT_ID, LCD_DB5_PIN_ID, PIN_OUTPUT);
    1616:	80 e0       	ldi	r24, 0x00	; 0
    1618:	63 e0       	ldi	r22, 0x03	; 3
    161a:	41 e0       	ldi	r20, 0x01	; 1
    161c:	0e 94 a3 05 	call	0xb46	; 0xb46 <GPIO_setupPinDirection>
	GPIO_setupPinDirection(LCD_DATA_PORT_ID, LCD_DB6_PIN_ID, PIN_OUTPUT);
    1620:	80 e0       	ldi	r24, 0x00	; 0
    1622:	64 e0       	ldi	r22, 0x04	; 4
    1624:	41 e0       	ldi	r20, 0x01	; 1
    1626:	0e 94 a3 05 	call	0xb46	; 0xb46 <GPIO_setupPinDirection>
	GPIO_setupPinDirection(LCD_DATA_PORT_ID, LCD_DB7_PIN_ID, PIN_OUTPUT);
    162a:	80 e0       	ldi	r24, 0x00	; 0
    162c:	65 e0       	ldi	r22, 0x05	; 5
    162e:	41 e0       	ldi	r20, 0x01	; 1
    1630:	0e 94 a3 05 	call	0xb46	; 0xb46 <GPIO_setupPinDirection>

	LCD_sendCommand(LCD_TWO_LINES_FOUR_BITS_MODE_INIT1);
    1634:	83 e3       	ldi	r24, 0x33	; 51
    1636:	0e 94 32 0b 	call	0x1664	; 0x1664 <LCD_sendCommand>
	LCD_sendCommand(LCD_TWO_LINES_FOUR_BITS_MODE_INIT2);
    163a:	82 e3       	ldi	r24, 0x32	; 50
    163c:	0e 94 32 0b 	call	0x1664	; 0x1664 <LCD_sendCommand>

	LCD_sendCommand(LCD_TWO_LINES_FOUR_BITS_MODE);
    1640:	88 e2       	ldi	r24, 0x28	; 40
    1642:	0e 94 32 0b 	call	0x1664	; 0x1664 <LCD_sendCommand>
#endif



	LCD_sendCommand(LCD_CURSOR_OFF);
    1646:	8c e0       	ldi	r24, 0x0C	; 12
    1648:	0e 94 32 0b 	call	0x1664	; 0x1664 <LCD_sendCommand>
	LCD_sendCommand(LCD_CLEAR_COMMAND);
    164c:	81 e0       	ldi	r24, 0x01	; 1
    164e:	0e 94 32 0b 	call	0x1664	; 0x1664 <LCD_sendCommand>
}
    1652:	2e 96       	adiw	r28, 0x0e	; 14
    1654:	0f b6       	in	r0, 0x3f	; 63
    1656:	f8 94       	cli
    1658:	de bf       	out	0x3e, r29	; 62
    165a:	0f be       	out	0x3f, r0	; 63
    165c:	cd bf       	out	0x3d, r28	; 61
    165e:	cf 91       	pop	r28
    1660:	df 91       	pop	r29
    1662:	08 95       	ret

00001664 <LCD_sendCommand>:
/*
 * Description :
 * Send the required command to the screen
 */
void LCD_sendCommand(uint8 Command)
{
    1664:	0f 93       	push	r16
    1666:	1f 93       	push	r17
    1668:	df 93       	push	r29
    166a:	cf 93       	push	r28
    166c:	cd b7       	in	r28, 0x3d	; 61
    166e:	de b7       	in	r29, 0x3e	; 62
    1670:	c3 56       	subi	r28, 0x63	; 99
    1672:	d0 40       	sbci	r29, 0x00	; 0
    1674:	0f b6       	in	r0, 0x3f	; 63
    1676:	f8 94       	cli
    1678:	de bf       	out	0x3e, r29	; 62
    167a:	0f be       	out	0x3f, r0	; 63
    167c:	cd bf       	out	0x3d, r28	; 61
    167e:	fe 01       	movw	r30, r28
    1680:	ed 59       	subi	r30, 0x9D	; 157
    1682:	ff 4f       	sbci	r31, 0xFF	; 255
    1684:	80 83       	st	Z, r24
	GPIO_writePin(LCD_RS_PORT_ID, LCD_RS_PIN_ID, LOGIC_LOW);
    1686:	80 e0       	ldi	r24, 0x00	; 0
    1688:	60 e0       	ldi	r22, 0x00	; 0
    168a:	40 e0       	ldi	r20, 0x00	; 0
    168c:	0e 94 8e 06 	call	0xd1c	; 0xd1c <GPIO_writePin>
    1690:	fe 01       	movw	r30, r28
    1692:	e1 5a       	subi	r30, 0xA1	; 161
    1694:	ff 4f       	sbci	r31, 0xFF	; 255
    1696:	80 e0       	ldi	r24, 0x00	; 0
    1698:	90 e0       	ldi	r25, 0x00	; 0
    169a:	a0 e8       	ldi	r26, 0x80	; 128
    169c:	bf e3       	ldi	r27, 0x3F	; 63
    169e:	80 83       	st	Z, r24
    16a0:	91 83       	std	Z+1, r25	; 0x01
    16a2:	a2 83       	std	Z+2, r26	; 0x02
    16a4:	b3 83       	std	Z+3, r27	; 0x03
 */
void
_delay_ms(double __ms)
{
	uint16_t __ticks;
	double __tmp = ((F_CPU) / 4e3) * __ms;
    16a6:	8e 01       	movw	r16, r28
    16a8:	05 5a       	subi	r16, 0xA5	; 165
    16aa:	1f 4f       	sbci	r17, 0xFF	; 255
    16ac:	fe 01       	movw	r30, r28
    16ae:	e1 5a       	subi	r30, 0xA1	; 161
    16b0:	ff 4f       	sbci	r31, 0xFF	; 255
    16b2:	60 81       	ld	r22, Z
    16b4:	71 81       	ldd	r23, Z+1	; 0x01
    16b6:	82 81       	ldd	r24, Z+2	; 0x02
    16b8:	93 81       	ldd	r25, Z+3	; 0x03
    16ba:	20 e0       	ldi	r18, 0x00	; 0
    16bc:	30 e0       	ldi	r19, 0x00	; 0
    16be:	4a ef       	ldi	r20, 0xFA	; 250
    16c0:	54 e4       	ldi	r21, 0x44	; 68
    16c2:	0e 94 1f 02 	call	0x43e	; 0x43e <__mulsf3>
    16c6:	dc 01       	movw	r26, r24
    16c8:	cb 01       	movw	r24, r22
    16ca:	f8 01       	movw	r30, r16
    16cc:	80 83       	st	Z, r24
    16ce:	91 83       	std	Z+1, r25	; 0x01
    16d0:	a2 83       	std	Z+2, r26	; 0x02
    16d2:	b3 83       	std	Z+3, r27	; 0x03
	if (__tmp < 1.0)
    16d4:	fe 01       	movw	r30, r28
    16d6:	e5 5a       	subi	r30, 0xA5	; 165
    16d8:	ff 4f       	sbci	r31, 0xFF	; 255
    16da:	60 81       	ld	r22, Z
    16dc:	71 81       	ldd	r23, Z+1	; 0x01
    16de:	82 81       	ldd	r24, Z+2	; 0x02
    16e0:	93 81       	ldd	r25, Z+3	; 0x03
    16e2:	20 e0       	ldi	r18, 0x00	; 0
    16e4:	30 e0       	ldi	r19, 0x00	; 0
    16e6:	40 e8       	ldi	r20, 0x80	; 128
    16e8:	5f e3       	ldi	r21, 0x3F	; 63
    16ea:	0e 94 79 03 	call	0x6f2	; 0x6f2 <__ltsf2>
    16ee:	88 23       	and	r24, r24
    16f0:	44 f4       	brge	.+16     	; 0x1702 <LCD_sendCommand+0x9e>
		__ticks = 1;
    16f2:	fe 01       	movw	r30, r28
    16f4:	e7 5a       	subi	r30, 0xA7	; 167
    16f6:	ff 4f       	sbci	r31, 0xFF	; 255
    16f8:	81 e0       	ldi	r24, 0x01	; 1
    16fa:	90 e0       	ldi	r25, 0x00	; 0
    16fc:	91 83       	std	Z+1, r25	; 0x01
    16fe:	80 83       	st	Z, r24
    1700:	64 c0       	rjmp	.+200    	; 0x17ca <LCD_sendCommand+0x166>
	else if (__tmp > 65535)
    1702:	fe 01       	movw	r30, r28
    1704:	e5 5a       	subi	r30, 0xA5	; 165
    1706:	ff 4f       	sbci	r31, 0xFF	; 255
    1708:	60 81       	ld	r22, Z
    170a:	71 81       	ldd	r23, Z+1	; 0x01
    170c:	82 81       	ldd	r24, Z+2	; 0x02
    170e:	93 81       	ldd	r25, Z+3	; 0x03
    1710:	20 e0       	ldi	r18, 0x00	; 0
    1712:	3f ef       	ldi	r19, 0xFF	; 255
    1714:	4f e7       	ldi	r20, 0x7F	; 127
    1716:	57 e4       	ldi	r21, 0x47	; 71
    1718:	0e 94 19 03 	call	0x632	; 0x632 <__gtsf2>
    171c:	18 16       	cp	r1, r24
    171e:	0c f0       	brlt	.+2      	; 0x1722 <LCD_sendCommand+0xbe>
    1720:	43 c0       	rjmp	.+134    	; 0x17a8 <LCD_sendCommand+0x144>
	{
		//	__ticks = requested delay in 1/10 ms
		__ticks = (uint16_t) (__ms * 10.0);
    1722:	fe 01       	movw	r30, r28
    1724:	e1 5a       	subi	r30, 0xA1	; 161
    1726:	ff 4f       	sbci	r31, 0xFF	; 255
    1728:	60 81       	ld	r22, Z
    172a:	71 81       	ldd	r23, Z+1	; 0x01
    172c:	82 81       	ldd	r24, Z+2	; 0x02
    172e:	93 81       	ldd	r25, Z+3	; 0x03
    1730:	20 e0       	ldi	r18, 0x00	; 0
    1732:	30 e0       	ldi	r19, 0x00	; 0
    1734:	40 e2       	ldi	r20, 0x20	; 32
    1736:	51 e4       	ldi	r21, 0x41	; 65
    1738:	0e 94 1f 02 	call	0x43e	; 0x43e <__mulsf3>
    173c:	dc 01       	movw	r26, r24
    173e:	cb 01       	movw	r24, r22
    1740:	8e 01       	movw	r16, r28
    1742:	07 5a       	subi	r16, 0xA7	; 167
    1744:	1f 4f       	sbci	r17, 0xFF	; 255
    1746:	bc 01       	movw	r22, r24
    1748:	cd 01       	movw	r24, r26
    174a:	0e 94 49 00 	call	0x92	; 0x92 <__fixunssfsi>
    174e:	dc 01       	movw	r26, r24
    1750:	cb 01       	movw	r24, r22
    1752:	f8 01       	movw	r30, r16
    1754:	91 83       	std	Z+1, r25	; 0x01
    1756:	80 83       	st	Z, r24
    1758:	1f c0       	rjmp	.+62     	; 0x1798 <LCD_sendCommand+0x134>
    175a:	fe 01       	movw	r30, r28
    175c:	e9 5a       	subi	r30, 0xA9	; 169
    175e:	ff 4f       	sbci	r31, 0xFF	; 255
    1760:	88 ec       	ldi	r24, 0xC8	; 200
    1762:	90 e0       	ldi	r25, 0x00	; 0
    1764:	91 83       	std	Z+1, r25	; 0x01
    1766:	80 83       	st	Z, r24
    1768:	fe 01       	movw	r30, r28
    176a:	e9 5a       	subi	r30, 0xA9	; 169
    176c:	ff 4f       	sbci	r31, 0xFF	; 255
    176e:	80 81       	ld	r24, Z
    1770:	91 81       	ldd	r25, Z+1	; 0x01
    1772:	01 97       	sbiw	r24, 0x01	; 1
    1774:	f1 f7       	brne	.-4      	; 0x1772 <LCD_sendCommand+0x10e>
    1776:	fe 01       	movw	r30, r28
    1778:	e9 5a       	subi	r30, 0xA9	; 169
    177a:	ff 4f       	sbci	r31, 0xFF	; 255
    177c:	91 83       	std	Z+1, r25	; 0x01
    177e:	80 83       	st	Z, r24
		while(__ticks)
		{
			// wait 1/10 ms
			_delay_loop_2(((F_CPU) / 4e3) / 10);
			__ticks --;
    1780:	de 01       	movw	r26, r28
    1782:	a7 5a       	subi	r26, 0xA7	; 167
    1784:	bf 4f       	sbci	r27, 0xFF	; 255
    1786:	fe 01       	movw	r30, r28
    1788:	e7 5a       	subi	r30, 0xA7	; 167
    178a:	ff 4f       	sbci	r31, 0xFF	; 255
    178c:	80 81       	ld	r24, Z
    178e:	91 81       	ldd	r25, Z+1	; 0x01
    1790:	01 97       	sbiw	r24, 0x01	; 1
    1792:	11 96       	adiw	r26, 0x01	; 1
    1794:	9c 93       	st	X, r25
    1796:	8e 93       	st	-X, r24
		__ticks = 1;
	else if (__tmp > 65535)
	{
		//	__ticks = requested delay in 1/10 ms
		__ticks = (uint16_t) (__ms * 10.0);
		while(__ticks)
    1798:	fe 01       	movw	r30, r28
    179a:	e7 5a       	subi	r30, 0xA7	; 167
    179c:	ff 4f       	sbci	r31, 0xFF	; 255
    179e:	80 81       	ld	r24, Z
    17a0:	91 81       	ldd	r25, Z+1	; 0x01
    17a2:	00 97       	sbiw	r24, 0x00	; 0
    17a4:	d1 f6       	brne	.-76     	; 0x175a <LCD_sendCommand+0xf6>
    17a6:	27 c0       	rjmp	.+78     	; 0x17f6 <LCD_sendCommand+0x192>
			__ticks --;
		}
		return;
	}
	else
		__ticks = (uint16_t)__tmp;
    17a8:	8e 01       	movw	r16, r28
    17aa:	07 5a       	subi	r16, 0xA7	; 167
    17ac:	1f 4f       	sbci	r17, 0xFF	; 255
    17ae:	fe 01       	movw	r30, r28
    17b0:	e5 5a       	subi	r30, 0xA5	; 165
    17b2:	ff 4f       	sbci	r31, 0xFF	; 255
    17b4:	60 81       	ld	r22, Z
    17b6:	71 81       	ldd	r23, Z+1	; 0x01
    17b8:	82 81       	ldd	r24, Z+2	; 0x02
    17ba:	93 81       	ldd	r25, Z+3	; 0x03
    17bc:	0e 94 49 00 	call	0x92	; 0x92 <__fixunssfsi>
    17c0:	dc 01       	movw	r26, r24
    17c2:	cb 01       	movw	r24, r22
    17c4:	f8 01       	movw	r30, r16
    17c6:	91 83       	std	Z+1, r25	; 0x01
    17c8:	80 83       	st	Z, r24
    17ca:	de 01       	movw	r26, r28
    17cc:	ab 5a       	subi	r26, 0xAB	; 171
    17ce:	bf 4f       	sbci	r27, 0xFF	; 255
    17d0:	fe 01       	movw	r30, r28
    17d2:	e7 5a       	subi	r30, 0xA7	; 167
    17d4:	ff 4f       	sbci	r31, 0xFF	; 255
    17d6:	80 81       	ld	r24, Z
    17d8:	91 81       	ldd	r25, Z+1	; 0x01
    17da:	8d 93       	st	X+, r24
    17dc:	9c 93       	st	X, r25
    17de:	fe 01       	movw	r30, r28
    17e0:	eb 5a       	subi	r30, 0xAB	; 171
    17e2:	ff 4f       	sbci	r31, 0xFF	; 255
    17e4:	80 81       	ld	r24, Z
    17e6:	91 81       	ldd	r25, Z+1	; 0x01
    17e8:	01 97       	sbiw	r24, 0x01	; 1
    17ea:	f1 f7       	brne	.-4      	; 0x17e8 <LCD_sendCommand+0x184>
    17ec:	fe 01       	movw	r30, r28
    17ee:	eb 5a       	subi	r30, 0xAB	; 171
    17f0:	ff 4f       	sbci	r31, 0xFF	; 255
    17f2:	91 83       	std	Z+1, r25	; 0x01
    17f4:	80 83       	st	Z, r24
	_delay_ms(1);

	GPIO_writePin(LCD_E_PORT_ID, LCD_E_PIN_ID, LOGIC_HIGH);
    17f6:	80 e0       	ldi	r24, 0x00	; 0
    17f8:	61 e0       	ldi	r22, 0x01	; 1
    17fa:	41 e0       	ldi	r20, 0x01	; 1
    17fc:	0e 94 8e 06 	call	0xd1c	; 0xd1c <GPIO_writePin>
    1800:	fe 01       	movw	r30, r28
    1802:	ef 5a       	subi	r30, 0xAF	; 175
    1804:	ff 4f       	sbci	r31, 0xFF	; 255
    1806:	80 e0       	ldi	r24, 0x00	; 0
    1808:	90 e0       	ldi	r25, 0x00	; 0
    180a:	a0 e8       	ldi	r26, 0x80	; 128
    180c:	bf e3       	ldi	r27, 0x3F	; 63
    180e:	80 83       	st	Z, r24
    1810:	91 83       	std	Z+1, r25	; 0x01
    1812:	a2 83       	std	Z+2, r26	; 0x02
    1814:	b3 83       	std	Z+3, r27	; 0x03
 */
void
_delay_ms(double __ms)
{
	uint16_t __ticks;
	double __tmp = ((F_CPU) / 4e3) * __ms;
    1816:	8e 01       	movw	r16, r28
    1818:	03 5b       	subi	r16, 0xB3	; 179
    181a:	1f 4f       	sbci	r17, 0xFF	; 255
    181c:	fe 01       	movw	r30, r28
    181e:	ef 5a       	subi	r30, 0xAF	; 175
    1820:	ff 4f       	sbci	r31, 0xFF	; 255
    1822:	60 81       	ld	r22, Z
    1824:	71 81       	ldd	r23, Z+1	; 0x01
    1826:	82 81       	ldd	r24, Z+2	; 0x02
    1828:	93 81       	ldd	r25, Z+3	; 0x03
    182a:	20 e0       	ldi	r18, 0x00	; 0
    182c:	30 e0       	ldi	r19, 0x00	; 0
    182e:	4a ef       	ldi	r20, 0xFA	; 250
    1830:	54 e4       	ldi	r21, 0x44	; 68
    1832:	0e 94 1f 02 	call	0x43e	; 0x43e <__mulsf3>
    1836:	dc 01       	movw	r26, r24
    1838:	cb 01       	movw	r24, r22
    183a:	f8 01       	movw	r30, r16
    183c:	80 83       	st	Z, r24
    183e:	91 83       	std	Z+1, r25	; 0x01
    1840:	a2 83       	std	Z+2, r26	; 0x02
    1842:	b3 83       	std	Z+3, r27	; 0x03
	if (__tmp < 1.0)
    1844:	fe 01       	movw	r30, r28
    1846:	e3 5b       	subi	r30, 0xB3	; 179
    1848:	ff 4f       	sbci	r31, 0xFF	; 255
    184a:	60 81       	ld	r22, Z
    184c:	71 81       	ldd	r23, Z+1	; 0x01
    184e:	82 81       	ldd	r24, Z+2	; 0x02
    1850:	93 81       	ldd	r25, Z+3	; 0x03
    1852:	20 e0       	ldi	r18, 0x00	; 0
    1854:	30 e0       	ldi	r19, 0x00	; 0
    1856:	40 e8       	ldi	r20, 0x80	; 128
    1858:	5f e3       	ldi	r21, 0x3F	; 63
    185a:	0e 94 79 03 	call	0x6f2	; 0x6f2 <__ltsf2>
    185e:	88 23       	and	r24, r24
    1860:	44 f4       	brge	.+16     	; 0x1872 <LCD_sendCommand+0x20e>
		__ticks = 1;
    1862:	fe 01       	movw	r30, r28
    1864:	e5 5b       	subi	r30, 0xB5	; 181
    1866:	ff 4f       	sbci	r31, 0xFF	; 255
    1868:	81 e0       	ldi	r24, 0x01	; 1
    186a:	90 e0       	ldi	r25, 0x00	; 0
    186c:	91 83       	std	Z+1, r25	; 0x01
    186e:	80 83       	st	Z, r24
    1870:	64 c0       	rjmp	.+200    	; 0x193a <LCD_sendCommand+0x2d6>
	else if (__tmp > 65535)
    1872:	fe 01       	movw	r30, r28
    1874:	e3 5b       	subi	r30, 0xB3	; 179
    1876:	ff 4f       	sbci	r31, 0xFF	; 255
    1878:	60 81       	ld	r22, Z
    187a:	71 81       	ldd	r23, Z+1	; 0x01
    187c:	82 81       	ldd	r24, Z+2	; 0x02
    187e:	93 81       	ldd	r25, Z+3	; 0x03
    1880:	20 e0       	ldi	r18, 0x00	; 0
    1882:	3f ef       	ldi	r19, 0xFF	; 255
    1884:	4f e7       	ldi	r20, 0x7F	; 127
    1886:	57 e4       	ldi	r21, 0x47	; 71
    1888:	0e 94 19 03 	call	0x632	; 0x632 <__gtsf2>
    188c:	18 16       	cp	r1, r24
    188e:	0c f0       	brlt	.+2      	; 0x1892 <LCD_sendCommand+0x22e>
    1890:	43 c0       	rjmp	.+134    	; 0x1918 <LCD_sendCommand+0x2b4>
	{
		//	__ticks = requested delay in 1/10 ms
		__ticks = (uint16_t) (__ms * 10.0);
    1892:	fe 01       	movw	r30, r28
    1894:	ef 5a       	subi	r30, 0xAF	; 175
    1896:	ff 4f       	sbci	r31, 0xFF	; 255
    1898:	60 81       	ld	r22, Z
    189a:	71 81       	ldd	r23, Z+1	; 0x01
    189c:	82 81       	ldd	r24, Z+2	; 0x02
    189e:	93 81       	ldd	r25, Z+3	; 0x03
    18a0:	20 e0       	ldi	r18, 0x00	; 0
    18a2:	30 e0       	ldi	r19, 0x00	; 0
    18a4:	40 e2       	ldi	r20, 0x20	; 32
    18a6:	51 e4       	ldi	r21, 0x41	; 65
    18a8:	0e 94 1f 02 	call	0x43e	; 0x43e <__mulsf3>
    18ac:	dc 01       	movw	r26, r24
    18ae:	cb 01       	movw	r24, r22
    18b0:	8e 01       	movw	r16, r28
    18b2:	05 5b       	subi	r16, 0xB5	; 181
    18b4:	1f 4f       	sbci	r17, 0xFF	; 255
    18b6:	bc 01       	movw	r22, r24
    18b8:	cd 01       	movw	r24, r26
    18ba:	0e 94 49 00 	call	0x92	; 0x92 <__fixunssfsi>
    18be:	dc 01       	movw	r26, r24
    18c0:	cb 01       	movw	r24, r22
    18c2:	f8 01       	movw	r30, r16
    18c4:	91 83       	std	Z+1, r25	; 0x01
    18c6:	80 83       	st	Z, r24
    18c8:	1f c0       	rjmp	.+62     	; 0x1908 <LCD_sendCommand+0x2a4>
    18ca:	fe 01       	movw	r30, r28
    18cc:	e7 5b       	subi	r30, 0xB7	; 183
    18ce:	ff 4f       	sbci	r31, 0xFF	; 255
    18d0:	88 ec       	ldi	r24, 0xC8	; 200
    18d2:	90 e0       	ldi	r25, 0x00	; 0
    18d4:	91 83       	std	Z+1, r25	; 0x01
    18d6:	80 83       	st	Z, r24
    18d8:	fe 01       	movw	r30, r28
    18da:	e7 5b       	subi	r30, 0xB7	; 183
    18dc:	ff 4f       	sbci	r31, 0xFF	; 255
    18de:	80 81       	ld	r24, Z
    18e0:	91 81       	ldd	r25, Z+1	; 0x01
    18e2:	01 97       	sbiw	r24, 0x01	; 1
    18e4:	f1 f7       	brne	.-4      	; 0x18e2 <LCD_sendCommand+0x27e>
    18e6:	fe 01       	movw	r30, r28
    18e8:	e7 5b       	subi	r30, 0xB7	; 183
    18ea:	ff 4f       	sbci	r31, 0xFF	; 255
    18ec:	91 83       	std	Z+1, r25	; 0x01
    18ee:	80 83       	st	Z, r24
		while(__ticks)
		{
			// wait 1/10 ms
			_delay_loop_2(((F_CPU) / 4e3) / 10);
			__ticks --;
    18f0:	de 01       	movw	r26, r28
    18f2:	a5 5b       	subi	r26, 0xB5	; 181
    18f4:	bf 4f       	sbci	r27, 0xFF	; 255
    18f6:	fe 01       	movw	r30, r28
    18f8:	e5 5b       	subi	r30, 0xB5	; 181
    18fa:	ff 4f       	sbci	r31, 0xFF	; 255
    18fc:	80 81       	ld	r24, Z
    18fe:	91 81       	ldd	r25, Z+1	; 0x01
    1900:	01 97       	sbiw	r24, 0x01	; 1
    1902:	11 96       	adiw	r26, 0x01	; 1
    1904:	9c 93       	st	X, r25
    1906:	8e 93       	st	-X, r24
		__ticks = 1;
	else if (__tmp > 65535)
	{
		//	__ticks = requested delay in 1/10 ms
		__ticks = (uint16_t) (__ms * 10.0);
		while(__ticks)
    1908:	fe 01       	movw	r30, r28
    190a:	e5 5b       	subi	r30, 0xB5	; 181
    190c:	ff 4f       	sbci	r31, 0xFF	; 255
    190e:	80 81       	ld	r24, Z
    1910:	91 81       	ldd	r25, Z+1	; 0x01
    1912:	00 97       	sbiw	r24, 0x00	; 0
    1914:	d1 f6       	brne	.-76     	; 0x18ca <LCD_sendCommand+0x266>
    1916:	27 c0       	rjmp	.+78     	; 0x1966 <LCD_sendCommand+0x302>
			__ticks --;
		}
		return;
	}
	else
		__ticks = (uint16_t)__tmp;
    1918:	8e 01       	movw	r16, r28
    191a:	05 5b       	subi	r16, 0xB5	; 181
    191c:	1f 4f       	sbci	r17, 0xFF	; 255
    191e:	fe 01       	movw	r30, r28
    1920:	e3 5b       	subi	r30, 0xB3	; 179
    1922:	ff 4f       	sbci	r31, 0xFF	; 255
    1924:	60 81       	ld	r22, Z
    1926:	71 81       	ldd	r23, Z+1	; 0x01
    1928:	82 81       	ldd	r24, Z+2	; 0x02
    192a:	93 81       	ldd	r25, Z+3	; 0x03
    192c:	0e 94 49 00 	call	0x92	; 0x92 <__fixunssfsi>
    1930:	dc 01       	movw	r26, r24
    1932:	cb 01       	movw	r24, r22
    1934:	f8 01       	movw	r30, r16
    1936:	91 83       	std	Z+1, r25	; 0x01
    1938:	80 83       	st	Z, r24
    193a:	de 01       	movw	r26, r28
    193c:	a9 5b       	subi	r26, 0xB9	; 185
    193e:	bf 4f       	sbci	r27, 0xFF	; 255
    1940:	fe 01       	movw	r30, r28
    1942:	e5 5b       	subi	r30, 0xB5	; 181
    1944:	ff 4f       	sbci	r31, 0xFF	; 255
    1946:	80 81       	ld	r24, Z
    1948:	91 81       	ldd	r25, Z+1	; 0x01
    194a:	8d 93       	st	X+, r24
    194c:	9c 93       	st	X, r25
    194e:	fe 01       	movw	r30, r28
    1950:	e9 5b       	subi	r30, 0xB9	; 185
    1952:	ff 4f       	sbci	r31, 0xFF	; 255
    1954:	80 81       	ld	r24, Z
    1956:	91 81       	ldd	r25, Z+1	; 0x01
    1958:	01 97       	sbiw	r24, 0x01	; 1
    195a:	f1 f7       	brne	.-4      	; 0x1958 <LCD_sendCommand+0x2f4>
    195c:	fe 01       	movw	r30, r28
    195e:	e9 5b       	subi	r30, 0xB9	; 185
    1960:	ff 4f       	sbci	r31, 0xFF	; 255
    1962:	91 83       	std	Z+1, r25	; 0x01
    1964:	80 83       	st	Z, r24
	_delay_ms(1);
	GPIO_writePin(LCD_E_PORT_ID, LCD_E_PIN_ID, LOGIC_LOW);
	_delay_ms(1);

#elif (LCD_DATA_BITS_MODE == 4)
	GPIO_writePin(LCD_DATA_PORT_ID, LCD_DB4_PIN_ID, GET_BIT(Command,4));
    1966:	fe 01       	movw	r30, r28
    1968:	ed 59       	subi	r30, 0x9D	; 157
    196a:	ff 4f       	sbci	r31, 0xFF	; 255
    196c:	80 81       	ld	r24, Z
    196e:	88 2f       	mov	r24, r24
    1970:	90 e0       	ldi	r25, 0x00	; 0
    1972:	80 71       	andi	r24, 0x10	; 16
    1974:	90 70       	andi	r25, 0x00	; 0
    1976:	95 95       	asr	r25
    1978:	87 95       	ror	r24
    197a:	95 95       	asr	r25
    197c:	87 95       	ror	r24
    197e:	95 95       	asr	r25
    1980:	87 95       	ror	r24
    1982:	95 95       	asr	r25
    1984:	87 95       	ror	r24
    1986:	98 2f       	mov	r25, r24
    1988:	80 e0       	ldi	r24, 0x00	; 0
    198a:	62 e0       	ldi	r22, 0x02	; 2
    198c:	49 2f       	mov	r20, r25
    198e:	0e 94 8e 06 	call	0xd1c	; 0xd1c <GPIO_writePin>
	GPIO_writePin(LCD_DATA_PORT_ID, LCD_DB5_PIN_ID, GET_BIT(Command,5));
    1992:	fe 01       	movw	r30, r28
    1994:	ed 59       	subi	r30, 0x9D	; 157
    1996:	ff 4f       	sbci	r31, 0xFF	; 255
    1998:	80 81       	ld	r24, Z
    199a:	88 2f       	mov	r24, r24
    199c:	90 e0       	ldi	r25, 0x00	; 0
    199e:	80 72       	andi	r24, 0x20	; 32
    19a0:	90 70       	andi	r25, 0x00	; 0
    19a2:	95 95       	asr	r25
    19a4:	87 95       	ror	r24
    19a6:	95 95       	asr	r25
    19a8:	87 95       	ror	r24
    19aa:	95 95       	asr	r25
    19ac:	87 95       	ror	r24
    19ae:	95 95       	asr	r25
    19b0:	87 95       	ror	r24
    19b2:	95 95       	asr	r25
    19b4:	87 95       	ror	r24
    19b6:	98 2f       	mov	r25, r24
    19b8:	80 e0       	ldi	r24, 0x00	; 0
    19ba:	63 e0       	ldi	r22, 0x03	; 3
    19bc:	49 2f       	mov	r20, r25
    19be:	0e 94 8e 06 	call	0xd1c	; 0xd1c <GPIO_writePin>
	GPIO_writePin(LCD_DATA_PORT_ID, LCD_DB6_PIN_ID, GET_BIT(Command,6));
    19c2:	fe 01       	movw	r30, r28
    19c4:	ed 59       	subi	r30, 0x9D	; 157
    19c6:	ff 4f       	sbci	r31, 0xFF	; 255
    19c8:	80 81       	ld	r24, Z
    19ca:	88 2f       	mov	r24, r24
    19cc:	90 e0       	ldi	r25, 0x00	; 0
    19ce:	80 74       	andi	r24, 0x40	; 64
    19d0:	90 70       	andi	r25, 0x00	; 0
    19d2:	08 2e       	mov	r0, r24
    19d4:	89 2f       	mov	r24, r25
    19d6:	00 0c       	add	r0, r0
    19d8:	88 1f       	adc	r24, r24
    19da:	99 0b       	sbc	r25, r25
    19dc:	00 0c       	add	r0, r0
    19de:	88 1f       	adc	r24, r24
    19e0:	99 1f       	adc	r25, r25
    19e2:	98 2f       	mov	r25, r24
    19e4:	80 e0       	ldi	r24, 0x00	; 0
    19e6:	64 e0       	ldi	r22, 0x04	; 4
    19e8:	49 2f       	mov	r20, r25
    19ea:	0e 94 8e 06 	call	0xd1c	; 0xd1c <GPIO_writePin>
	GPIO_writePin(LCD_DATA_PORT_ID, LCD_DB7_PIN_ID, GET_BIT(Command,7));
    19ee:	fe 01       	movw	r30, r28
    19f0:	ed 59       	subi	r30, 0x9D	; 157
    19f2:	ff 4f       	sbci	r31, 0xFF	; 255
    19f4:	80 81       	ld	r24, Z
    19f6:	98 2f       	mov	r25, r24
    19f8:	99 1f       	adc	r25, r25
    19fa:	99 27       	eor	r25, r25
    19fc:	99 1f       	adc	r25, r25
    19fe:	80 e0       	ldi	r24, 0x00	; 0
    1a00:	65 e0       	ldi	r22, 0x05	; 5
    1a02:	49 2f       	mov	r20, r25
    1a04:	0e 94 8e 06 	call	0xd1c	; 0xd1c <GPIO_writePin>
    1a08:	fe 01       	movw	r30, r28
    1a0a:	ed 5b       	subi	r30, 0xBD	; 189
    1a0c:	ff 4f       	sbci	r31, 0xFF	; 255
    1a0e:	80 e0       	ldi	r24, 0x00	; 0
    1a10:	90 e0       	ldi	r25, 0x00	; 0
    1a12:	a0 e8       	ldi	r26, 0x80	; 128
    1a14:	bf e3       	ldi	r27, 0x3F	; 63
    1a16:	80 83       	st	Z, r24
    1a18:	91 83       	std	Z+1, r25	; 0x01
    1a1a:	a2 83       	std	Z+2, r26	; 0x02
    1a1c:	b3 83       	std	Z+3, r27	; 0x03
 */
void
_delay_ms(double __ms)
{
	uint16_t __ticks;
	double __tmp = ((F_CPU) / 4e3) * __ms;
    1a1e:	8e 01       	movw	r16, r28
    1a20:	01 5c       	subi	r16, 0xC1	; 193
    1a22:	1f 4f       	sbci	r17, 0xFF	; 255
    1a24:	fe 01       	movw	r30, r28
    1a26:	ed 5b       	subi	r30, 0xBD	; 189
    1a28:	ff 4f       	sbci	r31, 0xFF	; 255
    1a2a:	60 81       	ld	r22, Z
    1a2c:	71 81       	ldd	r23, Z+1	; 0x01
    1a2e:	82 81       	ldd	r24, Z+2	; 0x02
    1a30:	93 81       	ldd	r25, Z+3	; 0x03
    1a32:	20 e0       	ldi	r18, 0x00	; 0
    1a34:	30 e0       	ldi	r19, 0x00	; 0
    1a36:	4a ef       	ldi	r20, 0xFA	; 250
    1a38:	54 e4       	ldi	r21, 0x44	; 68
    1a3a:	0e 94 1f 02 	call	0x43e	; 0x43e <__mulsf3>
    1a3e:	dc 01       	movw	r26, r24
    1a40:	cb 01       	movw	r24, r22
    1a42:	f8 01       	movw	r30, r16
    1a44:	80 83       	st	Z, r24
    1a46:	91 83       	std	Z+1, r25	; 0x01
    1a48:	a2 83       	std	Z+2, r26	; 0x02
    1a4a:	b3 83       	std	Z+3, r27	; 0x03
	if (__tmp < 1.0)
    1a4c:	fe 01       	movw	r30, r28
    1a4e:	ff 96       	adiw	r30, 0x3f	; 63
    1a50:	60 81       	ld	r22, Z
    1a52:	71 81       	ldd	r23, Z+1	; 0x01
    1a54:	82 81       	ldd	r24, Z+2	; 0x02
    1a56:	93 81       	ldd	r25, Z+3	; 0x03
    1a58:	20 e0       	ldi	r18, 0x00	; 0
    1a5a:	30 e0       	ldi	r19, 0x00	; 0
    1a5c:	40 e8       	ldi	r20, 0x80	; 128
    1a5e:	5f e3       	ldi	r21, 0x3F	; 63
    1a60:	0e 94 79 03 	call	0x6f2	; 0x6f2 <__ltsf2>
    1a64:	88 23       	and	r24, r24
    1a66:	2c f4       	brge	.+10     	; 0x1a72 <LCD_sendCommand+0x40e>
		__ticks = 1;
    1a68:	81 e0       	ldi	r24, 0x01	; 1
    1a6a:	90 e0       	ldi	r25, 0x00	; 0
    1a6c:	9e af       	std	Y+62, r25	; 0x3e
    1a6e:	8d af       	std	Y+61, r24	; 0x3d
    1a70:	46 c0       	rjmp	.+140    	; 0x1afe <LCD_sendCommand+0x49a>
	else if (__tmp > 65535)
    1a72:	fe 01       	movw	r30, r28
    1a74:	ff 96       	adiw	r30, 0x3f	; 63
    1a76:	60 81       	ld	r22, Z
    1a78:	71 81       	ldd	r23, Z+1	; 0x01
    1a7a:	82 81       	ldd	r24, Z+2	; 0x02
    1a7c:	93 81       	ldd	r25, Z+3	; 0x03
    1a7e:	20 e0       	ldi	r18, 0x00	; 0
    1a80:	3f ef       	ldi	r19, 0xFF	; 255
    1a82:	4f e7       	ldi	r20, 0x7F	; 127
    1a84:	57 e4       	ldi	r21, 0x47	; 71
    1a86:	0e 94 19 03 	call	0x632	; 0x632 <__gtsf2>
    1a8a:	18 16       	cp	r1, r24
    1a8c:	64 f5       	brge	.+88     	; 0x1ae6 <LCD_sendCommand+0x482>
	{
		//	__ticks = requested delay in 1/10 ms
		__ticks = (uint16_t) (__ms * 10.0);
    1a8e:	fe 01       	movw	r30, r28
    1a90:	ed 5b       	subi	r30, 0xBD	; 189
    1a92:	ff 4f       	sbci	r31, 0xFF	; 255
    1a94:	60 81       	ld	r22, Z
    1a96:	71 81       	ldd	r23, Z+1	; 0x01
    1a98:	82 81       	ldd	r24, Z+2	; 0x02
    1a9a:	93 81       	ldd	r25, Z+3	; 0x03
    1a9c:	20 e0       	ldi	r18, 0x00	; 0
    1a9e:	30 e0       	ldi	r19, 0x00	; 0
    1aa0:	40 e2       	ldi	r20, 0x20	; 32
    1aa2:	51 e4       	ldi	r21, 0x41	; 65
    1aa4:	0e 94 1f 02 	call	0x43e	; 0x43e <__mulsf3>
    1aa8:	dc 01       	movw	r26, r24
    1aaa:	cb 01       	movw	r24, r22
    1aac:	bc 01       	movw	r22, r24
    1aae:	cd 01       	movw	r24, r26
    1ab0:	0e 94 49 00 	call	0x92	; 0x92 <__fixunssfsi>
    1ab4:	dc 01       	movw	r26, r24
    1ab6:	cb 01       	movw	r24, r22
    1ab8:	9e af       	std	Y+62, r25	; 0x3e
    1aba:	8d af       	std	Y+61, r24	; 0x3d
    1abc:	0f c0       	rjmp	.+30     	; 0x1adc <LCD_sendCommand+0x478>
    1abe:	88 ec       	ldi	r24, 0xC8	; 200
    1ac0:	90 e0       	ldi	r25, 0x00	; 0
    1ac2:	9c af       	std	Y+60, r25	; 0x3c
    1ac4:	8b af       	std	Y+59, r24	; 0x3b
    1ac6:	8b ad       	ldd	r24, Y+59	; 0x3b
    1ac8:	9c ad       	ldd	r25, Y+60	; 0x3c
    1aca:	01 97       	sbiw	r24, 0x01	; 1
    1acc:	f1 f7       	brne	.-4      	; 0x1aca <LCD_sendCommand+0x466>
    1ace:	9c af       	std	Y+60, r25	; 0x3c
    1ad0:	8b af       	std	Y+59, r24	; 0x3b
		while(__ticks)
		{
			// wait 1/10 ms
			_delay_loop_2(((F_CPU) / 4e3) / 10);
			__ticks --;
    1ad2:	8d ad       	ldd	r24, Y+61	; 0x3d
    1ad4:	9e ad       	ldd	r25, Y+62	; 0x3e
    1ad6:	01 97       	sbiw	r24, 0x01	; 1
    1ad8:	9e af       	std	Y+62, r25	; 0x3e
    1ada:	8d af       	std	Y+61, r24	; 0x3d
		__ticks = 1;
	else if (__tmp > 65535)
	{
		//	__ticks = requested delay in 1/10 ms
		__ticks = (uint16_t) (__ms * 10.0);
		while(__ticks)
    1adc:	8d ad       	ldd	r24, Y+61	; 0x3d
    1ade:	9e ad       	ldd	r25, Y+62	; 0x3e
    1ae0:	00 97       	sbiw	r24, 0x00	; 0
    1ae2:	69 f7       	brne	.-38     	; 0x1abe <LCD_sendCommand+0x45a>
    1ae4:	16 c0       	rjmp	.+44     	; 0x1b12 <LCD_sendCommand+0x4ae>
			__ticks --;
		}
		return;
	}
	else
		__ticks = (uint16_t)__tmp;
    1ae6:	fe 01       	movw	r30, r28
    1ae8:	ff 96       	adiw	r30, 0x3f	; 63
    1aea:	60 81       	ld	r22, Z
    1aec:	71 81       	ldd	r23, Z+1	; 0x01
    1aee:	82 81       	ldd	r24, Z+2	; 0x02
    1af0:	93 81       	ldd	r25, Z+3	; 0x03
    1af2:	0e 94 49 00 	call	0x92	; 0x92 <__fixunssfsi>
    1af6:	dc 01       	movw	r26, r24
    1af8:	cb 01       	movw	r24, r22
    1afa:	9e af       	std	Y+62, r25	; 0x3e
    1afc:	8d af       	std	Y+61, r24	; 0x3d
    1afe:	8d ad       	ldd	r24, Y+61	; 0x3d
    1b00:	9e ad       	ldd	r25, Y+62	; 0x3e
    1b02:	9a af       	std	Y+58, r25	; 0x3a
    1b04:	89 af       	std	Y+57, r24	; 0x39
    1b06:	89 ad       	ldd	r24, Y+57	; 0x39
    1b08:	9a ad       	ldd	r25, Y+58	; 0x3a
    1b0a:	01 97       	sbiw	r24, 0x01	; 1
    1b0c:	f1 f7       	brne	.-4      	; 0x1b0a <LCD_sendCommand+0x4a6>
    1b0e:	9a af       	std	Y+58, r25	; 0x3a
    1b10:	89 af       	std	Y+57, r24	; 0x39
	_delay_ms(1);

	GPIO_writePin(LCD_E_PORT_ID, LCD_E_PIN_ID, LOGIC_LOW);
    1b12:	80 e0       	ldi	r24, 0x00	; 0
    1b14:	61 e0       	ldi	r22, 0x01	; 1
    1b16:	40 e0       	ldi	r20, 0x00	; 0
    1b18:	0e 94 8e 06 	call	0xd1c	; 0xd1c <GPIO_writePin>
    1b1c:	80 e0       	ldi	r24, 0x00	; 0
    1b1e:	90 e0       	ldi	r25, 0x00	; 0
    1b20:	a0 e8       	ldi	r26, 0x80	; 128
    1b22:	bf e3       	ldi	r27, 0x3F	; 63
    1b24:	8d ab       	std	Y+53, r24	; 0x35
    1b26:	9e ab       	std	Y+54, r25	; 0x36
    1b28:	af ab       	std	Y+55, r26	; 0x37
    1b2a:	b8 af       	std	Y+56, r27	; 0x38
 */
void
_delay_ms(double __ms)
{
	uint16_t __ticks;
	double __tmp = ((F_CPU) / 4e3) * __ms;
    1b2c:	6d a9       	ldd	r22, Y+53	; 0x35
    1b2e:	7e a9       	ldd	r23, Y+54	; 0x36
    1b30:	8f a9       	ldd	r24, Y+55	; 0x37
    1b32:	98 ad       	ldd	r25, Y+56	; 0x38
    1b34:	20 e0       	ldi	r18, 0x00	; 0
    1b36:	30 e0       	ldi	r19, 0x00	; 0
    1b38:	4a ef       	ldi	r20, 0xFA	; 250
    1b3a:	54 e4       	ldi	r21, 0x44	; 68
    1b3c:	0e 94 1f 02 	call	0x43e	; 0x43e <__mulsf3>
    1b40:	dc 01       	movw	r26, r24
    1b42:	cb 01       	movw	r24, r22
    1b44:	89 ab       	std	Y+49, r24	; 0x31
    1b46:	9a ab       	std	Y+50, r25	; 0x32
    1b48:	ab ab       	std	Y+51, r26	; 0x33
    1b4a:	bc ab       	std	Y+52, r27	; 0x34
	if (__tmp < 1.0)
    1b4c:	69 a9       	ldd	r22, Y+49	; 0x31
    1b4e:	7a a9       	ldd	r23, Y+50	; 0x32
    1b50:	8b a9       	ldd	r24, Y+51	; 0x33
    1b52:	9c a9       	ldd	r25, Y+52	; 0x34
    1b54:	20 e0       	ldi	r18, 0x00	; 0
    1b56:	30 e0       	ldi	r19, 0x00	; 0
    1b58:	40 e8       	ldi	r20, 0x80	; 128
    1b5a:	5f e3       	ldi	r21, 0x3F	; 63
    1b5c:	0e 94 79 03 	call	0x6f2	; 0x6f2 <__ltsf2>
    1b60:	88 23       	and	r24, r24
    1b62:	2c f4       	brge	.+10     	; 0x1b6e <LCD_sendCommand+0x50a>
		__ticks = 1;
    1b64:	81 e0       	ldi	r24, 0x01	; 1
    1b66:	90 e0       	ldi	r25, 0x00	; 0
    1b68:	98 ab       	std	Y+48, r25	; 0x30
    1b6a:	8f a7       	std	Y+47, r24	; 0x2f
    1b6c:	3f c0       	rjmp	.+126    	; 0x1bec <LCD_sendCommand+0x588>
	else if (__tmp > 65535)
    1b6e:	69 a9       	ldd	r22, Y+49	; 0x31
    1b70:	7a a9       	ldd	r23, Y+50	; 0x32
    1b72:	8b a9       	ldd	r24, Y+51	; 0x33
    1b74:	9c a9       	ldd	r25, Y+52	; 0x34
    1b76:	20 e0       	ldi	r18, 0x00	; 0
    1b78:	3f ef       	ldi	r19, 0xFF	; 255
    1b7a:	4f e7       	ldi	r20, 0x7F	; 127
    1b7c:	57 e4       	ldi	r21, 0x47	; 71
    1b7e:	0e 94 19 03 	call	0x632	; 0x632 <__gtsf2>
    1b82:	18 16       	cp	r1, r24
    1b84:	4c f5       	brge	.+82     	; 0x1bd8 <LCD_sendCommand+0x574>
	{
		//	__ticks = requested delay in 1/10 ms
		__ticks = (uint16_t) (__ms * 10.0);
    1b86:	6d a9       	ldd	r22, Y+53	; 0x35
    1b88:	7e a9       	ldd	r23, Y+54	; 0x36
    1b8a:	8f a9       	ldd	r24, Y+55	; 0x37
    1b8c:	98 ad       	ldd	r25, Y+56	; 0x38
    1b8e:	20 e0       	ldi	r18, 0x00	; 0
    1b90:	30 e0       	ldi	r19, 0x00	; 0
    1b92:	40 e2       	ldi	r20, 0x20	; 32
    1b94:	51 e4       	ldi	r21, 0x41	; 65
    1b96:	0e 94 1f 02 	call	0x43e	; 0x43e <__mulsf3>
    1b9a:	dc 01       	movw	r26, r24
    1b9c:	cb 01       	movw	r24, r22
    1b9e:	bc 01       	movw	r22, r24
    1ba0:	cd 01       	movw	r24, r26
    1ba2:	0e 94 49 00 	call	0x92	; 0x92 <__fixunssfsi>
    1ba6:	dc 01       	movw	r26, r24
    1ba8:	cb 01       	movw	r24, r22
    1baa:	98 ab       	std	Y+48, r25	; 0x30
    1bac:	8f a7       	std	Y+47, r24	; 0x2f
    1bae:	0f c0       	rjmp	.+30     	; 0x1bce <LCD_sendCommand+0x56a>
    1bb0:	88 ec       	ldi	r24, 0xC8	; 200
    1bb2:	90 e0       	ldi	r25, 0x00	; 0
    1bb4:	9e a7       	std	Y+46, r25	; 0x2e
    1bb6:	8d a7       	std	Y+45, r24	; 0x2d
    1bb8:	8d a5       	ldd	r24, Y+45	; 0x2d
    1bba:	9e a5       	ldd	r25, Y+46	; 0x2e
    1bbc:	01 97       	sbiw	r24, 0x01	; 1
    1bbe:	f1 f7       	brne	.-4      	; 0x1bbc <LCD_sendCommand+0x558>
    1bc0:	9e a7       	std	Y+46, r25	; 0x2e
    1bc2:	8d a7       	std	Y+45, r24	; 0x2d
		while(__ticks)
		{
			// wait 1/10 ms
			_delay_loop_2(((F_CPU) / 4e3) / 10);
			__ticks --;
    1bc4:	8f a5       	ldd	r24, Y+47	; 0x2f
    1bc6:	98 a9       	ldd	r25, Y+48	; 0x30
    1bc8:	01 97       	sbiw	r24, 0x01	; 1
    1bca:	98 ab       	std	Y+48, r25	; 0x30
    1bcc:	8f a7       	std	Y+47, r24	; 0x2f
		__ticks = 1;
	else if (__tmp > 65535)
	{
		//	__ticks = requested delay in 1/10 ms
		__ticks = (uint16_t) (__ms * 10.0);
		while(__ticks)
    1bce:	8f a5       	ldd	r24, Y+47	; 0x2f
    1bd0:	98 a9       	ldd	r25, Y+48	; 0x30
    1bd2:	00 97       	sbiw	r24, 0x00	; 0
    1bd4:	69 f7       	brne	.-38     	; 0x1bb0 <LCD_sendCommand+0x54c>
    1bd6:	14 c0       	rjmp	.+40     	; 0x1c00 <LCD_sendCommand+0x59c>
			__ticks --;
		}
		return;
	}
	else
		__ticks = (uint16_t)__tmp;
    1bd8:	69 a9       	ldd	r22, Y+49	; 0x31
    1bda:	7a a9       	ldd	r23, Y+50	; 0x32
    1bdc:	8b a9       	ldd	r24, Y+51	; 0x33
    1bde:	9c a9       	ldd	r25, Y+52	; 0x34
    1be0:	0e 94 49 00 	call	0x92	; 0x92 <__fixunssfsi>
    1be4:	dc 01       	movw	r26, r24
    1be6:	cb 01       	movw	r24, r22
    1be8:	98 ab       	std	Y+48, r25	; 0x30
    1bea:	8f a7       	std	Y+47, r24	; 0x2f
    1bec:	8f a5       	ldd	r24, Y+47	; 0x2f
    1bee:	98 a9       	ldd	r25, Y+48	; 0x30
    1bf0:	9c a7       	std	Y+44, r25	; 0x2c
    1bf2:	8b a7       	std	Y+43, r24	; 0x2b
    1bf4:	8b a5       	ldd	r24, Y+43	; 0x2b
    1bf6:	9c a5       	ldd	r25, Y+44	; 0x2c
    1bf8:	01 97       	sbiw	r24, 0x01	; 1
    1bfa:	f1 f7       	brne	.-4      	; 0x1bf8 <LCD_sendCommand+0x594>
    1bfc:	9c a7       	std	Y+44, r25	; 0x2c
    1bfe:	8b a7       	std	Y+43, r24	; 0x2b
	_delay_ms(1);
	GPIO_writePin(LCD_E_PORT_ID, LCD_E_PIN_ID, LOGIC_HIGH);
    1c00:	80 e0       	ldi	r24, 0x00	; 0
    1c02:	61 e0       	ldi	r22, 0x01	; 1
    1c04:	41 e0       	ldi	r20, 0x01	; 1
    1c06:	0e 94 8e 06 	call	0xd1c	; 0xd1c <GPIO_writePin>
    1c0a:	80 e0       	ldi	r24, 0x00	; 0
    1c0c:	90 e0       	ldi	r25, 0x00	; 0
    1c0e:	a0 e8       	ldi	r26, 0x80	; 128
    1c10:	bf e3       	ldi	r27, 0x3F	; 63
    1c12:	8f a3       	std	Y+39, r24	; 0x27
    1c14:	98 a7       	std	Y+40, r25	; 0x28
    1c16:	a9 a7       	std	Y+41, r26	; 0x29
    1c18:	ba a7       	std	Y+42, r27	; 0x2a
 */
void
_delay_ms(double __ms)
{
	uint16_t __ticks;
	double __tmp = ((F_CPU) / 4e3) * __ms;
    1c1a:	6f a1       	ldd	r22, Y+39	; 0x27
    1c1c:	78 a5       	ldd	r23, Y+40	; 0x28
    1c1e:	89 a5       	ldd	r24, Y+41	; 0x29
    1c20:	9a a5       	ldd	r25, Y+42	; 0x2a
    1c22:	20 e0       	ldi	r18, 0x00	; 0
    1c24:	30 e0       	ldi	r19, 0x00	; 0
    1c26:	4a ef       	ldi	r20, 0xFA	; 250
    1c28:	54 e4       	ldi	r21, 0x44	; 68
    1c2a:	0e 94 1f 02 	call	0x43e	; 0x43e <__mulsf3>
    1c2e:	dc 01       	movw	r26, r24
    1c30:	cb 01       	movw	r24, r22
    1c32:	8b a3       	std	Y+35, r24	; 0x23
    1c34:	9c a3       	std	Y+36, r25	; 0x24
    1c36:	ad a3       	std	Y+37, r26	; 0x25
    1c38:	be a3       	std	Y+38, r27	; 0x26
	if (__tmp < 1.0)
    1c3a:	6b a1       	ldd	r22, Y+35	; 0x23
    1c3c:	7c a1       	ldd	r23, Y+36	; 0x24
    1c3e:	8d a1       	ldd	r24, Y+37	; 0x25
    1c40:	9e a1       	ldd	r25, Y+38	; 0x26
    1c42:	20 e0       	ldi	r18, 0x00	; 0
    1c44:	30 e0       	ldi	r19, 0x00	; 0
    1c46:	40 e8       	ldi	r20, 0x80	; 128
    1c48:	5f e3       	ldi	r21, 0x3F	; 63
    1c4a:	0e 94 79 03 	call	0x6f2	; 0x6f2 <__ltsf2>
    1c4e:	88 23       	and	r24, r24
    1c50:	2c f4       	brge	.+10     	; 0x1c5c <LCD_sendCommand+0x5f8>
		__ticks = 1;
    1c52:	81 e0       	ldi	r24, 0x01	; 1
    1c54:	90 e0       	ldi	r25, 0x00	; 0
    1c56:	9a a3       	std	Y+34, r25	; 0x22
    1c58:	89 a3       	std	Y+33, r24	; 0x21
    1c5a:	3f c0       	rjmp	.+126    	; 0x1cda <LCD_sendCommand+0x676>
	else if (__tmp > 65535)
    1c5c:	6b a1       	ldd	r22, Y+35	; 0x23
    1c5e:	7c a1       	ldd	r23, Y+36	; 0x24
    1c60:	8d a1       	ldd	r24, Y+37	; 0x25
    1c62:	9e a1       	ldd	r25, Y+38	; 0x26
    1c64:	20 e0       	ldi	r18, 0x00	; 0
    1c66:	3f ef       	ldi	r19, 0xFF	; 255
    1c68:	4f e7       	ldi	r20, 0x7F	; 127
    1c6a:	57 e4       	ldi	r21, 0x47	; 71
    1c6c:	0e 94 19 03 	call	0x632	; 0x632 <__gtsf2>
    1c70:	18 16       	cp	r1, r24
    1c72:	4c f5       	brge	.+82     	; 0x1cc6 <LCD_sendCommand+0x662>
	{
		//	__ticks = requested delay in 1/10 ms
		__ticks = (uint16_t) (__ms * 10.0);
    1c74:	6f a1       	ldd	r22, Y+39	; 0x27
    1c76:	78 a5       	ldd	r23, Y+40	; 0x28
    1c78:	89 a5       	ldd	r24, Y+41	; 0x29
    1c7a:	9a a5       	ldd	r25, Y+42	; 0x2a
    1c7c:	20 e0       	ldi	r18, 0x00	; 0
    1c7e:	30 e0       	ldi	r19, 0x00	; 0
    1c80:	40 e2       	ldi	r20, 0x20	; 32
    1c82:	51 e4       	ldi	r21, 0x41	; 65
    1c84:	0e 94 1f 02 	call	0x43e	; 0x43e <__mulsf3>
    1c88:	dc 01       	movw	r26, r24
    1c8a:	cb 01       	movw	r24, r22
    1c8c:	bc 01       	movw	r22, r24
    1c8e:	cd 01       	movw	r24, r26
    1c90:	0e 94 49 00 	call	0x92	; 0x92 <__fixunssfsi>
    1c94:	dc 01       	movw	r26, r24
    1c96:	cb 01       	movw	r24, r22
    1c98:	9a a3       	std	Y+34, r25	; 0x22
    1c9a:	89 a3       	std	Y+33, r24	; 0x21
    1c9c:	0f c0       	rjmp	.+30     	; 0x1cbc <LCD_sendCommand+0x658>
    1c9e:	88 ec       	ldi	r24, 0xC8	; 200
    1ca0:	90 e0       	ldi	r25, 0x00	; 0
    1ca2:	98 a3       	std	Y+32, r25	; 0x20
    1ca4:	8f 8f       	std	Y+31, r24	; 0x1f
    1ca6:	8f 8d       	ldd	r24, Y+31	; 0x1f
    1ca8:	98 a1       	ldd	r25, Y+32	; 0x20
    1caa:	01 97       	sbiw	r24, 0x01	; 1
    1cac:	f1 f7       	brne	.-4      	; 0x1caa <LCD_sendCommand+0x646>
    1cae:	98 a3       	std	Y+32, r25	; 0x20
    1cb0:	8f 8f       	std	Y+31, r24	; 0x1f
		while(__ticks)
		{
			// wait 1/10 ms
			_delay_loop_2(((F_CPU) / 4e3) / 10);
			__ticks --;
    1cb2:	89 a1       	ldd	r24, Y+33	; 0x21
    1cb4:	9a a1       	ldd	r25, Y+34	; 0x22
    1cb6:	01 97       	sbiw	r24, 0x01	; 1
    1cb8:	9a a3       	std	Y+34, r25	; 0x22
    1cba:	89 a3       	std	Y+33, r24	; 0x21
		__ticks = 1;
	else if (__tmp > 65535)
	{
		//	__ticks = requested delay in 1/10 ms
		__ticks = (uint16_t) (__ms * 10.0);
		while(__ticks)
    1cbc:	89 a1       	ldd	r24, Y+33	; 0x21
    1cbe:	9a a1       	ldd	r25, Y+34	; 0x22
    1cc0:	00 97       	sbiw	r24, 0x00	; 0
    1cc2:	69 f7       	brne	.-38     	; 0x1c9e <LCD_sendCommand+0x63a>
    1cc4:	14 c0       	rjmp	.+40     	; 0x1cee <LCD_sendCommand+0x68a>
			__ticks --;
		}
		return;
	}
	else
		__ticks = (uint16_t)__tmp;
    1cc6:	6b a1       	ldd	r22, Y+35	; 0x23
    1cc8:	7c a1       	ldd	r23, Y+36	; 0x24
    1cca:	8d a1       	ldd	r24, Y+37	; 0x25
    1ccc:	9e a1       	ldd	r25, Y+38	; 0x26
    1cce:	0e 94 49 00 	call	0x92	; 0x92 <__fixunssfsi>
    1cd2:	dc 01       	movw	r26, r24
    1cd4:	cb 01       	movw	r24, r22
    1cd6:	9a a3       	std	Y+34, r25	; 0x22
    1cd8:	89 a3       	std	Y+33, r24	; 0x21
    1cda:	89 a1       	ldd	r24, Y+33	; 0x21
    1cdc:	9a a1       	ldd	r25, Y+34	; 0x22
    1cde:	9e 8f       	std	Y+30, r25	; 0x1e
    1ce0:	8d 8f       	std	Y+29, r24	; 0x1d
    1ce2:	8d 8d       	ldd	r24, Y+29	; 0x1d
    1ce4:	9e 8d       	ldd	r25, Y+30	; 0x1e
    1ce6:	01 97       	sbiw	r24, 0x01	; 1
    1ce8:	f1 f7       	brne	.-4      	; 0x1ce6 <LCD_sendCommand+0x682>
    1cea:	9e 8f       	std	Y+30, r25	; 0x1e
    1cec:	8d 8f       	std	Y+29, r24	; 0x1d
	_delay_ms(1);

	GPIO_writePin(LCD_DATA_PORT_ID, LCD_DB4_PIN_ID, GET_BIT(Command,0));
    1cee:	fe 01       	movw	r30, r28
    1cf0:	ed 59       	subi	r30, 0x9D	; 157
    1cf2:	ff 4f       	sbci	r31, 0xFF	; 255
    1cf4:	80 81       	ld	r24, Z
    1cf6:	98 2f       	mov	r25, r24
    1cf8:	91 70       	andi	r25, 0x01	; 1
    1cfa:	80 e0       	ldi	r24, 0x00	; 0
    1cfc:	62 e0       	ldi	r22, 0x02	; 2
    1cfe:	49 2f       	mov	r20, r25
    1d00:	0e 94 8e 06 	call	0xd1c	; 0xd1c <GPIO_writePin>
	GPIO_writePin(LCD_DATA_PORT_ID, LCD_DB5_PIN_ID, GET_BIT(Command,1));
    1d04:	fe 01       	movw	r30, r28
    1d06:	ed 59       	subi	r30, 0x9D	; 157
    1d08:	ff 4f       	sbci	r31, 0xFF	; 255
    1d0a:	80 81       	ld	r24, Z
    1d0c:	88 2f       	mov	r24, r24
    1d0e:	90 e0       	ldi	r25, 0x00	; 0
    1d10:	82 70       	andi	r24, 0x02	; 2
    1d12:	90 70       	andi	r25, 0x00	; 0
    1d14:	95 95       	asr	r25
    1d16:	87 95       	ror	r24
    1d18:	98 2f       	mov	r25, r24
    1d1a:	80 e0       	ldi	r24, 0x00	; 0
    1d1c:	63 e0       	ldi	r22, 0x03	; 3
    1d1e:	49 2f       	mov	r20, r25
    1d20:	0e 94 8e 06 	call	0xd1c	; 0xd1c <GPIO_writePin>
	GPIO_writePin(LCD_DATA_PORT_ID, LCD_DB6_PIN_ID, GET_BIT(Command,2));
    1d24:	fe 01       	movw	r30, r28
    1d26:	ed 59       	subi	r30, 0x9D	; 157
    1d28:	ff 4f       	sbci	r31, 0xFF	; 255
    1d2a:	80 81       	ld	r24, Z
    1d2c:	88 2f       	mov	r24, r24
    1d2e:	90 e0       	ldi	r25, 0x00	; 0
    1d30:	84 70       	andi	r24, 0x04	; 4
    1d32:	90 70       	andi	r25, 0x00	; 0
    1d34:	95 95       	asr	r25
    1d36:	87 95       	ror	r24
    1d38:	95 95       	asr	r25
    1d3a:	87 95       	ror	r24
    1d3c:	98 2f       	mov	r25, r24
    1d3e:	80 e0       	ldi	r24, 0x00	; 0
    1d40:	64 e0       	ldi	r22, 0x04	; 4
    1d42:	49 2f       	mov	r20, r25
    1d44:	0e 94 8e 06 	call	0xd1c	; 0xd1c <GPIO_writePin>
	GPIO_writePin(LCD_DATA_PORT_ID, LCD_DB7_PIN_ID, GET_BIT(Command,3));
    1d48:	fe 01       	movw	r30, r28
    1d4a:	ed 59       	subi	r30, 0x9D	; 157
    1d4c:	ff 4f       	sbci	r31, 0xFF	; 255
    1d4e:	80 81       	ld	r24, Z
    1d50:	88 2f       	mov	r24, r24
    1d52:	90 e0       	ldi	r25, 0x00	; 0
    1d54:	88 70       	andi	r24, 0x08	; 8
    1d56:	90 70       	andi	r25, 0x00	; 0
    1d58:	95 95       	asr	r25
    1d5a:	87 95       	ror	r24
    1d5c:	95 95       	asr	r25
    1d5e:	87 95       	ror	r24
    1d60:	95 95       	asr	r25
    1d62:	87 95       	ror	r24
    1d64:	98 2f       	mov	r25, r24
    1d66:	80 e0       	ldi	r24, 0x00	; 0
    1d68:	65 e0       	ldi	r22, 0x05	; 5
    1d6a:	49 2f       	mov	r20, r25
    1d6c:	0e 94 8e 06 	call	0xd1c	; 0xd1c <GPIO_writePin>
    1d70:	80 e0       	ldi	r24, 0x00	; 0
    1d72:	90 e0       	ldi	r25, 0x00	; 0
    1d74:	a0 e8       	ldi	r26, 0x80	; 128
    1d76:	bf e3       	ldi	r27, 0x3F	; 63
    1d78:	89 8f       	std	Y+25, r24	; 0x19
    1d7a:	9a 8f       	std	Y+26, r25	; 0x1a
    1d7c:	ab 8f       	std	Y+27, r26	; 0x1b
    1d7e:	bc 8f       	std	Y+28, r27	; 0x1c
 */
void
_delay_ms(double __ms)
{
	uint16_t __ticks;
	double __tmp = ((F_CPU) / 4e3) * __ms;
    1d80:	69 8d       	ldd	r22, Y+25	; 0x19
    1d82:	7a 8d       	ldd	r23, Y+26	; 0x1a
    1d84:	8b 8d       	ldd	r24, Y+27	; 0x1b
    1d86:	9c 8d       	ldd	r25, Y+28	; 0x1c
    1d88:	20 e0       	ldi	r18, 0x00	; 0
    1d8a:	30 e0       	ldi	r19, 0x00	; 0
    1d8c:	4a ef       	ldi	r20, 0xFA	; 250
    1d8e:	54 e4       	ldi	r21, 0x44	; 68
    1d90:	0e 94 1f 02 	call	0x43e	; 0x43e <__mulsf3>
    1d94:	dc 01       	movw	r26, r24
    1d96:	cb 01       	movw	r24, r22
    1d98:	8d 8b       	std	Y+21, r24	; 0x15
    1d9a:	9e 8b       	std	Y+22, r25	; 0x16
    1d9c:	af 8b       	std	Y+23, r26	; 0x17
    1d9e:	b8 8f       	std	Y+24, r27	; 0x18
	if (__tmp < 1.0)
    1da0:	6d 89       	ldd	r22, Y+21	; 0x15
    1da2:	7e 89       	ldd	r23, Y+22	; 0x16
    1da4:	8f 89       	ldd	r24, Y+23	; 0x17
    1da6:	98 8d       	ldd	r25, Y+24	; 0x18
    1da8:	20 e0       	ldi	r18, 0x00	; 0
    1daa:	30 e0       	ldi	r19, 0x00	; 0
    1dac:	40 e8       	ldi	r20, 0x80	; 128
    1dae:	5f e3       	ldi	r21, 0x3F	; 63
    1db0:	0e 94 79 03 	call	0x6f2	; 0x6f2 <__ltsf2>
    1db4:	88 23       	and	r24, r24
    1db6:	2c f4       	brge	.+10     	; 0x1dc2 <LCD_sendCommand+0x75e>
		__ticks = 1;
    1db8:	81 e0       	ldi	r24, 0x01	; 1
    1dba:	90 e0       	ldi	r25, 0x00	; 0
    1dbc:	9c 8b       	std	Y+20, r25	; 0x14
    1dbe:	8b 8b       	std	Y+19, r24	; 0x13
    1dc0:	3f c0       	rjmp	.+126    	; 0x1e40 <LCD_sendCommand+0x7dc>
	else if (__tmp > 65535)
    1dc2:	6d 89       	ldd	r22, Y+21	; 0x15
    1dc4:	7e 89       	ldd	r23, Y+22	; 0x16
    1dc6:	8f 89       	ldd	r24, Y+23	; 0x17
    1dc8:	98 8d       	ldd	r25, Y+24	; 0x18
    1dca:	20 e0       	ldi	r18, 0x00	; 0
    1dcc:	3f ef       	ldi	r19, 0xFF	; 255
    1dce:	4f e7       	ldi	r20, 0x7F	; 127
    1dd0:	57 e4       	ldi	r21, 0x47	; 71
    1dd2:	0e 94 19 03 	call	0x632	; 0x632 <__gtsf2>
    1dd6:	18 16       	cp	r1, r24
    1dd8:	4c f5       	brge	.+82     	; 0x1e2c <LCD_sendCommand+0x7c8>
	{
		//	__ticks = requested delay in 1/10 ms
		__ticks = (uint16_t) (__ms * 10.0);
    1dda:	69 8d       	ldd	r22, Y+25	; 0x19
    1ddc:	7a 8d       	ldd	r23, Y+26	; 0x1a
    1dde:	8b 8d       	ldd	r24, Y+27	; 0x1b
    1de0:	9c 8d       	ldd	r25, Y+28	; 0x1c
    1de2:	20 e0       	ldi	r18, 0x00	; 0
    1de4:	30 e0       	ldi	r19, 0x00	; 0
    1de6:	40 e2       	ldi	r20, 0x20	; 32
    1de8:	51 e4       	ldi	r21, 0x41	; 65
    1dea:	0e 94 1f 02 	call	0x43e	; 0x43e <__mulsf3>
    1dee:	dc 01       	movw	r26, r24
    1df0:	cb 01       	movw	r24, r22
    1df2:	bc 01       	movw	r22, r24
    1df4:	cd 01       	movw	r24, r26
    1df6:	0e 94 49 00 	call	0x92	; 0x92 <__fixunssfsi>
    1dfa:	dc 01       	movw	r26, r24
    1dfc:	cb 01       	movw	r24, r22
    1dfe:	9c 8b       	std	Y+20, r25	; 0x14
    1e00:	8b 8b       	std	Y+19, r24	; 0x13
    1e02:	0f c0       	rjmp	.+30     	; 0x1e22 <LCD_sendCommand+0x7be>
    1e04:	88 ec       	ldi	r24, 0xC8	; 200
    1e06:	90 e0       	ldi	r25, 0x00	; 0
    1e08:	9a 8b       	std	Y+18, r25	; 0x12
    1e0a:	89 8b       	std	Y+17, r24	; 0x11
    1e0c:	89 89       	ldd	r24, Y+17	; 0x11
    1e0e:	9a 89       	ldd	r25, Y+18	; 0x12
    1e10:	01 97       	sbiw	r24, 0x01	; 1
    1e12:	f1 f7       	brne	.-4      	; 0x1e10 <LCD_sendCommand+0x7ac>
    1e14:	9a 8b       	std	Y+18, r25	; 0x12
    1e16:	89 8b       	std	Y+17, r24	; 0x11
		while(__ticks)
		{
			// wait 1/10 ms
			_delay_loop_2(((F_CPU) / 4e3) / 10);
			__ticks --;
    1e18:	8b 89       	ldd	r24, Y+19	; 0x13
    1e1a:	9c 89       	ldd	r25, Y+20	; 0x14
    1e1c:	01 97       	sbiw	r24, 0x01	; 1
    1e1e:	9c 8b       	std	Y+20, r25	; 0x14
    1e20:	8b 8b       	std	Y+19, r24	; 0x13
		__ticks = 1;
	else if (__tmp > 65535)
	{
		//	__ticks = requested delay in 1/10 ms
		__ticks = (uint16_t) (__ms * 10.0);
		while(__ticks)
    1e22:	8b 89       	ldd	r24, Y+19	; 0x13
    1e24:	9c 89       	ldd	r25, Y+20	; 0x14
    1e26:	00 97       	sbiw	r24, 0x00	; 0
    1e28:	69 f7       	brne	.-38     	; 0x1e04 <LCD_sendCommand+0x7a0>
    1e2a:	14 c0       	rjmp	.+40     	; 0x1e54 <LCD_sendCommand+0x7f0>
			__ticks --;
		}
		return;
	}
	else
		__ticks = (uint16_t)__tmp;
    1e2c:	6d 89       	ldd	r22, Y+21	; 0x15
    1e2e:	7e 89       	ldd	r23, Y+22	; 0x16
    1e30:	8f 89       	ldd	r24, Y+23	; 0x17
    1e32:	98 8d       	ldd	r25, Y+24	; 0x18
    1e34:	0e 94 49 00 	call	0x92	; 0x92 <__fixunssfsi>
    1e38:	dc 01       	movw	r26, r24
    1e3a:	cb 01       	movw	r24, r22
    1e3c:	9c 8b       	std	Y+20, r25	; 0x14
    1e3e:	8b 8b       	std	Y+19, r24	; 0x13
    1e40:	8b 89       	ldd	r24, Y+19	; 0x13
    1e42:	9c 89       	ldd	r25, Y+20	; 0x14
    1e44:	98 8b       	std	Y+16, r25	; 0x10
    1e46:	8f 87       	std	Y+15, r24	; 0x0f
    1e48:	8f 85       	ldd	r24, Y+15	; 0x0f
    1e4a:	98 89       	ldd	r25, Y+16	; 0x10
    1e4c:	01 97       	sbiw	r24, 0x01	; 1
    1e4e:	f1 f7       	brne	.-4      	; 0x1e4c <LCD_sendCommand+0x7e8>
    1e50:	98 8b       	std	Y+16, r25	; 0x10
    1e52:	8f 87       	std	Y+15, r24	; 0x0f
	_delay_ms(1);

	GPIO_writePin(LCD_E_PORT_ID, LCD_E_PIN_ID, LOGIC_LOW);
    1e54:	80 e0       	ldi	r24, 0x00	; 0
    1e56:	61 e0       	ldi	r22, 0x01	; 1
    1e58:	40 e0       	ldi	r20, 0x00	; 0
    1e5a:	0e 94 8e 06 	call	0xd1c	; 0xd1c <GPIO_writePin>
    1e5e:	80 e0       	ldi	r24, 0x00	; 0
    1e60:	90 e0       	ldi	r25, 0x00	; 0
    1e62:	a0 e8       	ldi	r26, 0x80	; 128
    1e64:	bf e3       	ldi	r27, 0x3F	; 63
    1e66:	8b 87       	std	Y+11, r24	; 0x0b
    1e68:	9c 87       	std	Y+12, r25	; 0x0c
    1e6a:	ad 87       	std	Y+13, r26	; 0x0d
    1e6c:	be 87       	std	Y+14, r27	; 0x0e
 */
void
_delay_ms(double __ms)
{
	uint16_t __ticks;
	double __tmp = ((F_CPU) / 4e3) * __ms;
    1e6e:	6b 85       	ldd	r22, Y+11	; 0x0b
    1e70:	7c 85       	ldd	r23, Y+12	; 0x0c
    1e72:	8d 85       	ldd	r24, Y+13	; 0x0d
    1e74:	9e 85       	ldd	r25, Y+14	; 0x0e
    1e76:	20 e0       	ldi	r18, 0x00	; 0
    1e78:	30 e0       	ldi	r19, 0x00	; 0
    1e7a:	4a ef       	ldi	r20, 0xFA	; 250
    1e7c:	54 e4       	ldi	r21, 0x44	; 68
    1e7e:	0e 94 1f 02 	call	0x43e	; 0x43e <__mulsf3>
    1e82:	dc 01       	movw	r26, r24
    1e84:	cb 01       	movw	r24, r22
    1e86:	8f 83       	std	Y+7, r24	; 0x07
    1e88:	98 87       	std	Y+8, r25	; 0x08
    1e8a:	a9 87       	std	Y+9, r26	; 0x09
    1e8c:	ba 87       	std	Y+10, r27	; 0x0a
	if (__tmp < 1.0)
    1e8e:	6f 81       	ldd	r22, Y+7	; 0x07
    1e90:	78 85       	ldd	r23, Y+8	; 0x08
    1e92:	89 85       	ldd	r24, Y+9	; 0x09
    1e94:	9a 85       	ldd	r25, Y+10	; 0x0a
    1e96:	20 e0       	ldi	r18, 0x00	; 0
    1e98:	30 e0       	ldi	r19, 0x00	; 0
    1e9a:	40 e8       	ldi	r20, 0x80	; 128
    1e9c:	5f e3       	ldi	r21, 0x3F	; 63
    1e9e:	0e 94 79 03 	call	0x6f2	; 0x6f2 <__ltsf2>
    1ea2:	88 23       	and	r24, r24
    1ea4:	2c f4       	brge	.+10     	; 0x1eb0 <LCD_sendCommand+0x84c>
		__ticks = 1;
    1ea6:	81 e0       	ldi	r24, 0x01	; 1
    1ea8:	90 e0       	ldi	r25, 0x00	; 0
    1eaa:	9e 83       	std	Y+6, r25	; 0x06
    1eac:	8d 83       	std	Y+5, r24	; 0x05
    1eae:	3f c0       	rjmp	.+126    	; 0x1f2e <LCD_sendCommand+0x8ca>
	else if (__tmp > 65535)
    1eb0:	6f 81       	ldd	r22, Y+7	; 0x07
    1eb2:	78 85       	ldd	r23, Y+8	; 0x08
    1eb4:	89 85       	ldd	r24, Y+9	; 0x09
    1eb6:	9a 85       	ldd	r25, Y+10	; 0x0a
    1eb8:	20 e0       	ldi	r18, 0x00	; 0
    1eba:	3f ef       	ldi	r19, 0xFF	; 255
    1ebc:	4f e7       	ldi	r20, 0x7F	; 127
    1ebe:	57 e4       	ldi	r21, 0x47	; 71
    1ec0:	0e 94 19 03 	call	0x632	; 0x632 <__gtsf2>
    1ec4:	18 16       	cp	r1, r24
    1ec6:	4c f5       	brge	.+82     	; 0x1f1a <LCD_sendCommand+0x8b6>
	{
		//	__ticks = requested delay in 1/10 ms
		__ticks = (uint16_t) (__ms * 10.0);
    1ec8:	6b 85       	ldd	r22, Y+11	; 0x0b
    1eca:	7c 85       	ldd	r23, Y+12	; 0x0c
    1ecc:	8d 85       	ldd	r24, Y+13	; 0x0d
    1ece:	9e 85       	ldd	r25, Y+14	; 0x0e
    1ed0:	20 e0       	ldi	r18, 0x00	; 0
    1ed2:	30 e0       	ldi	r19, 0x00	; 0
    1ed4:	40 e2       	ldi	r20, 0x20	; 32
    1ed6:	51 e4       	ldi	r21, 0x41	; 65
    1ed8:	0e 94 1f 02 	call	0x43e	; 0x43e <__mulsf3>
    1edc:	dc 01       	movw	r26, r24
    1ede:	cb 01       	movw	r24, r22
    1ee0:	bc 01       	movw	r22, r24
    1ee2:	cd 01       	movw	r24, r26
    1ee4:	0e 94 49 00 	call	0x92	; 0x92 <__fixunssfsi>
    1ee8:	dc 01       	movw	r26, r24
    1eea:	cb 01       	movw	r24, r22
    1eec:	9e 83       	std	Y+6, r25	; 0x06
    1eee:	8d 83       	std	Y+5, r24	; 0x05
    1ef0:	0f c0       	rjmp	.+30     	; 0x1f10 <LCD_sendCommand+0x8ac>
    1ef2:	88 ec       	ldi	r24, 0xC8	; 200
    1ef4:	90 e0       	ldi	r25, 0x00	; 0
    1ef6:	9c 83       	std	Y+4, r25	; 0x04
    1ef8:	8b 83       	std	Y+3, r24	; 0x03
    1efa:	8b 81       	ldd	r24, Y+3	; 0x03
    1efc:	9c 81       	ldd	r25, Y+4	; 0x04
    1efe:	01 97       	sbiw	r24, 0x01	; 1
    1f00:	f1 f7       	brne	.-4      	; 0x1efe <LCD_sendCommand+0x89a>
    1f02:	9c 83       	std	Y+4, r25	; 0x04
    1f04:	8b 83       	std	Y+3, r24	; 0x03
		while(__ticks)
		{
			// wait 1/10 ms
			_delay_loop_2(((F_CPU) / 4e3) / 10);
			__ticks --;
    1f06:	8d 81       	ldd	r24, Y+5	; 0x05
    1f08:	9e 81       	ldd	r25, Y+6	; 0x06
    1f0a:	01 97       	sbiw	r24, 0x01	; 1
    1f0c:	9e 83       	std	Y+6, r25	; 0x06
    1f0e:	8d 83       	std	Y+5, r24	; 0x05
		__ticks = 1;
	else if (__tmp > 65535)
	{
		//	__ticks = requested delay in 1/10 ms
		__ticks = (uint16_t) (__ms * 10.0);
		while(__ticks)
    1f10:	8d 81       	ldd	r24, Y+5	; 0x05
    1f12:	9e 81       	ldd	r25, Y+6	; 0x06
    1f14:	00 97       	sbiw	r24, 0x00	; 0
    1f16:	69 f7       	brne	.-38     	; 0x1ef2 <LCD_sendCommand+0x88e>
    1f18:	14 c0       	rjmp	.+40     	; 0x1f42 <LCD_sendCommand+0x8de>
			__ticks --;
		}
		return;
	}
	else
		__ticks = (uint16_t)__tmp;
    1f1a:	6f 81       	ldd	r22, Y+7	; 0x07
    1f1c:	78 85       	ldd	r23, Y+8	; 0x08
    1f1e:	89 85       	ldd	r24, Y+9	; 0x09
    1f20:	9a 85       	ldd	r25, Y+10	; 0x0a
    1f22:	0e 94 49 00 	call	0x92	; 0x92 <__fixunssfsi>
    1f26:	dc 01       	movw	r26, r24
    1f28:	cb 01       	movw	r24, r22
    1f2a:	9e 83       	std	Y+6, r25	; 0x06
    1f2c:	8d 83       	std	Y+5, r24	; 0x05
    1f2e:	8d 81       	ldd	r24, Y+5	; 0x05
    1f30:	9e 81       	ldd	r25, Y+6	; 0x06
    1f32:	9a 83       	std	Y+2, r25	; 0x02
    1f34:	89 83       	std	Y+1, r24	; 0x01
    1f36:	89 81       	ldd	r24, Y+1	; 0x01
    1f38:	9a 81       	ldd	r25, Y+2	; 0x02
    1f3a:	01 97       	sbiw	r24, 0x01	; 1
    1f3c:	f1 f7       	brne	.-4      	; 0x1f3a <LCD_sendCommand+0x8d6>
    1f3e:	9a 83       	std	Y+2, r25	; 0x02
    1f40:	89 83       	std	Y+1, r24	; 0x01
	_delay_ms(1);
#endif

}
    1f42:	cd 59       	subi	r28, 0x9D	; 157
    1f44:	df 4f       	sbci	r29, 0xFF	; 255
    1f46:	0f b6       	in	r0, 0x3f	; 63
    1f48:	f8 94       	cli
    1f4a:	de bf       	out	0x3e, r29	; 62
    1f4c:	0f be       	out	0x3f, r0	; 63
    1f4e:	cd bf       	out	0x3d, r28	; 61
    1f50:	cf 91       	pop	r28
    1f52:	df 91       	pop	r29
    1f54:	1f 91       	pop	r17
    1f56:	0f 91       	pop	r16
    1f58:	08 95       	ret

00001f5a <LCD_displayCharacter>:
/*
 * Description :
 * Display the required character on the screen
 */
void LCD_displayCharacter(uint8 Data)
{
    1f5a:	0f 93       	push	r16
    1f5c:	1f 93       	push	r17
    1f5e:	df 93       	push	r29
    1f60:	cf 93       	push	r28
    1f62:	cd b7       	in	r28, 0x3d	; 61
    1f64:	de b7       	in	r29, 0x3e	; 62
    1f66:	c3 56       	subi	r28, 0x63	; 99
    1f68:	d0 40       	sbci	r29, 0x00	; 0
    1f6a:	0f b6       	in	r0, 0x3f	; 63
    1f6c:	f8 94       	cli
    1f6e:	de bf       	out	0x3e, r29	; 62
    1f70:	0f be       	out	0x3f, r0	; 63
    1f72:	cd bf       	out	0x3d, r28	; 61
    1f74:	fe 01       	movw	r30, r28
    1f76:	ed 59       	subi	r30, 0x9D	; 157
    1f78:	ff 4f       	sbci	r31, 0xFF	; 255
    1f7a:	80 83       	st	Z, r24
	GPIO_writePin(LCD_RS_PORT_ID, LCD_RS_PIN_ID, LOGIC_HIGH);
    1f7c:	80 e0       	ldi	r24, 0x00	; 0
    1f7e:	60 e0       	ldi	r22, 0x00	; 0
    1f80:	41 e0       	ldi	r20, 0x01	; 1
    1f82:	0e 94 8e 06 	call	0xd1c	; 0xd1c <GPIO_writePin>
    1f86:	fe 01       	movw	r30, r28
    1f88:	e1 5a       	subi	r30, 0xA1	; 161
    1f8a:	ff 4f       	sbci	r31, 0xFF	; 255
    1f8c:	80 e0       	ldi	r24, 0x00	; 0
    1f8e:	90 e0       	ldi	r25, 0x00	; 0
    1f90:	a0 e8       	ldi	r26, 0x80	; 128
    1f92:	bf e3       	ldi	r27, 0x3F	; 63
    1f94:	80 83       	st	Z, r24
    1f96:	91 83       	std	Z+1, r25	; 0x01
    1f98:	a2 83       	std	Z+2, r26	; 0x02
    1f9a:	b3 83       	std	Z+3, r27	; 0x03
 */
void
_delay_ms(double __ms)
{
	uint16_t __ticks;
	double __tmp = ((F_CPU) / 4e3) * __ms;
    1f9c:	8e 01       	movw	r16, r28
    1f9e:	05 5a       	subi	r16, 0xA5	; 165
    1fa0:	1f 4f       	sbci	r17, 0xFF	; 255
    1fa2:	fe 01       	movw	r30, r28
    1fa4:	e1 5a       	subi	r30, 0xA1	; 161
    1fa6:	ff 4f       	sbci	r31, 0xFF	; 255
    1fa8:	60 81       	ld	r22, Z
    1faa:	71 81       	ldd	r23, Z+1	; 0x01
    1fac:	82 81       	ldd	r24, Z+2	; 0x02
    1fae:	93 81       	ldd	r25, Z+3	; 0x03
    1fb0:	20 e0       	ldi	r18, 0x00	; 0
    1fb2:	30 e0       	ldi	r19, 0x00	; 0
    1fb4:	4a ef       	ldi	r20, 0xFA	; 250
    1fb6:	54 e4       	ldi	r21, 0x44	; 68
    1fb8:	0e 94 1f 02 	call	0x43e	; 0x43e <__mulsf3>
    1fbc:	dc 01       	movw	r26, r24
    1fbe:	cb 01       	movw	r24, r22
    1fc0:	f8 01       	movw	r30, r16
    1fc2:	80 83       	st	Z, r24
    1fc4:	91 83       	std	Z+1, r25	; 0x01
    1fc6:	a2 83       	std	Z+2, r26	; 0x02
    1fc8:	b3 83       	std	Z+3, r27	; 0x03
	if (__tmp < 1.0)
    1fca:	fe 01       	movw	r30, r28
    1fcc:	e5 5a       	subi	r30, 0xA5	; 165
    1fce:	ff 4f       	sbci	r31, 0xFF	; 255
    1fd0:	60 81       	ld	r22, Z
    1fd2:	71 81       	ldd	r23, Z+1	; 0x01
    1fd4:	82 81       	ldd	r24, Z+2	; 0x02
    1fd6:	93 81       	ldd	r25, Z+3	; 0x03
    1fd8:	20 e0       	ldi	r18, 0x00	; 0
    1fda:	30 e0       	ldi	r19, 0x00	; 0
    1fdc:	40 e8       	ldi	r20, 0x80	; 128
    1fde:	5f e3       	ldi	r21, 0x3F	; 63
    1fe0:	0e 94 79 03 	call	0x6f2	; 0x6f2 <__ltsf2>
    1fe4:	88 23       	and	r24, r24
    1fe6:	44 f4       	brge	.+16     	; 0x1ff8 <LCD_displayCharacter+0x9e>
		__ticks = 1;
    1fe8:	fe 01       	movw	r30, r28
    1fea:	e7 5a       	subi	r30, 0xA7	; 167
    1fec:	ff 4f       	sbci	r31, 0xFF	; 255
    1fee:	81 e0       	ldi	r24, 0x01	; 1
    1ff0:	90 e0       	ldi	r25, 0x00	; 0
    1ff2:	91 83       	std	Z+1, r25	; 0x01
    1ff4:	80 83       	st	Z, r24
    1ff6:	64 c0       	rjmp	.+200    	; 0x20c0 <LCD_displayCharacter+0x166>
	else if (__tmp > 65535)
    1ff8:	fe 01       	movw	r30, r28
    1ffa:	e5 5a       	subi	r30, 0xA5	; 165
    1ffc:	ff 4f       	sbci	r31, 0xFF	; 255
    1ffe:	60 81       	ld	r22, Z
    2000:	71 81       	ldd	r23, Z+1	; 0x01
    2002:	82 81       	ldd	r24, Z+2	; 0x02
    2004:	93 81       	ldd	r25, Z+3	; 0x03
    2006:	20 e0       	ldi	r18, 0x00	; 0
    2008:	3f ef       	ldi	r19, 0xFF	; 255
    200a:	4f e7       	ldi	r20, 0x7F	; 127
    200c:	57 e4       	ldi	r21, 0x47	; 71
    200e:	0e 94 19 03 	call	0x632	; 0x632 <__gtsf2>
    2012:	18 16       	cp	r1, r24
    2014:	0c f0       	brlt	.+2      	; 0x2018 <LCD_displayCharacter+0xbe>
    2016:	43 c0       	rjmp	.+134    	; 0x209e <LCD_displayCharacter+0x144>
	{
		//	__ticks = requested delay in 1/10 ms
		__ticks = (uint16_t) (__ms * 10.0);
    2018:	fe 01       	movw	r30, r28
    201a:	e1 5a       	subi	r30, 0xA1	; 161
    201c:	ff 4f       	sbci	r31, 0xFF	; 255
    201e:	60 81       	ld	r22, Z
    2020:	71 81       	ldd	r23, Z+1	; 0x01
    2022:	82 81       	ldd	r24, Z+2	; 0x02
    2024:	93 81       	ldd	r25, Z+3	; 0x03
    2026:	20 e0       	ldi	r18, 0x00	; 0
    2028:	30 e0       	ldi	r19, 0x00	; 0
    202a:	40 e2       	ldi	r20, 0x20	; 32
    202c:	51 e4       	ldi	r21, 0x41	; 65
    202e:	0e 94 1f 02 	call	0x43e	; 0x43e <__mulsf3>
    2032:	dc 01       	movw	r26, r24
    2034:	cb 01       	movw	r24, r22
    2036:	8e 01       	movw	r16, r28
    2038:	07 5a       	subi	r16, 0xA7	; 167
    203a:	1f 4f       	sbci	r17, 0xFF	; 255
    203c:	bc 01       	movw	r22, r24
    203e:	cd 01       	movw	r24, r26
    2040:	0e 94 49 00 	call	0x92	; 0x92 <__fixunssfsi>
    2044:	dc 01       	movw	r26, r24
    2046:	cb 01       	movw	r24, r22
    2048:	f8 01       	movw	r30, r16
    204a:	91 83       	std	Z+1, r25	; 0x01
    204c:	80 83       	st	Z, r24
    204e:	1f c0       	rjmp	.+62     	; 0x208e <LCD_displayCharacter+0x134>
    2050:	fe 01       	movw	r30, r28
    2052:	e9 5a       	subi	r30, 0xA9	; 169
    2054:	ff 4f       	sbci	r31, 0xFF	; 255
    2056:	88 ec       	ldi	r24, 0xC8	; 200
    2058:	90 e0       	ldi	r25, 0x00	; 0
    205a:	91 83       	std	Z+1, r25	; 0x01
    205c:	80 83       	st	Z, r24
    205e:	fe 01       	movw	r30, r28
    2060:	e9 5a       	subi	r30, 0xA9	; 169
    2062:	ff 4f       	sbci	r31, 0xFF	; 255
    2064:	80 81       	ld	r24, Z
    2066:	91 81       	ldd	r25, Z+1	; 0x01
    2068:	01 97       	sbiw	r24, 0x01	; 1
    206a:	f1 f7       	brne	.-4      	; 0x2068 <LCD_displayCharacter+0x10e>
    206c:	fe 01       	movw	r30, r28
    206e:	e9 5a       	subi	r30, 0xA9	; 169
    2070:	ff 4f       	sbci	r31, 0xFF	; 255
    2072:	91 83       	std	Z+1, r25	; 0x01
    2074:	80 83       	st	Z, r24
		while(__ticks)
		{
			// wait 1/10 ms
			_delay_loop_2(((F_CPU) / 4e3) / 10);
			__ticks --;
    2076:	de 01       	movw	r26, r28
    2078:	a7 5a       	subi	r26, 0xA7	; 167
    207a:	bf 4f       	sbci	r27, 0xFF	; 255
    207c:	fe 01       	movw	r30, r28
    207e:	e7 5a       	subi	r30, 0xA7	; 167
    2080:	ff 4f       	sbci	r31, 0xFF	; 255
    2082:	80 81       	ld	r24, Z
    2084:	91 81       	ldd	r25, Z+1	; 0x01
    2086:	01 97       	sbiw	r24, 0x01	; 1
    2088:	11 96       	adiw	r26, 0x01	; 1
    208a:	9c 93       	st	X, r25
    208c:	8e 93       	st	-X, r24
		__ticks = 1;
	else if (__tmp > 65535)
	{
		//	__ticks = requested delay in 1/10 ms
		__ticks = (uint16_t) (__ms * 10.0);
		while(__ticks)
    208e:	fe 01       	movw	r30, r28
    2090:	e7 5a       	subi	r30, 0xA7	; 167
    2092:	ff 4f       	sbci	r31, 0xFF	; 255
    2094:	80 81       	ld	r24, Z
    2096:	91 81       	ldd	r25, Z+1	; 0x01
    2098:	00 97       	sbiw	r24, 0x00	; 0
    209a:	d1 f6       	brne	.-76     	; 0x2050 <LCD_displayCharacter+0xf6>
    209c:	27 c0       	rjmp	.+78     	; 0x20ec <LCD_displayCharacter+0x192>
			__ticks --;
		}
		return;
	}
	else
		__ticks = (uint16_t)__tmp;
    209e:	8e 01       	movw	r16, r28
    20a0:	07 5a       	subi	r16, 0xA7	; 167
    20a2:	1f 4f       	sbci	r17, 0xFF	; 255
    20a4:	fe 01       	movw	r30, r28
    20a6:	e5 5a       	subi	r30, 0xA5	; 165
    20a8:	ff 4f       	sbci	r31, 0xFF	; 255
    20aa:	60 81       	ld	r22, Z
    20ac:	71 81       	ldd	r23, Z+1	; 0x01
    20ae:	82 81       	ldd	r24, Z+2	; 0x02
    20b0:	93 81       	ldd	r25, Z+3	; 0x03
    20b2:	0e 94 49 00 	call	0x92	; 0x92 <__fixunssfsi>
    20b6:	dc 01       	movw	r26, r24
    20b8:	cb 01       	movw	r24, r22
    20ba:	f8 01       	movw	r30, r16
    20bc:	91 83       	std	Z+1, r25	; 0x01
    20be:	80 83       	st	Z, r24
    20c0:	de 01       	movw	r26, r28
    20c2:	ab 5a       	subi	r26, 0xAB	; 171
    20c4:	bf 4f       	sbci	r27, 0xFF	; 255
    20c6:	fe 01       	movw	r30, r28
    20c8:	e7 5a       	subi	r30, 0xA7	; 167
    20ca:	ff 4f       	sbci	r31, 0xFF	; 255
    20cc:	80 81       	ld	r24, Z
    20ce:	91 81       	ldd	r25, Z+1	; 0x01
    20d0:	8d 93       	st	X+, r24
    20d2:	9c 93       	st	X, r25
    20d4:	fe 01       	movw	r30, r28
    20d6:	eb 5a       	subi	r30, 0xAB	; 171
    20d8:	ff 4f       	sbci	r31, 0xFF	; 255
    20da:	80 81       	ld	r24, Z
    20dc:	91 81       	ldd	r25, Z+1	; 0x01
    20de:	01 97       	sbiw	r24, 0x01	; 1
    20e0:	f1 f7       	brne	.-4      	; 0x20de <LCD_displayCharacter+0x184>
    20e2:	fe 01       	movw	r30, r28
    20e4:	eb 5a       	subi	r30, 0xAB	; 171
    20e6:	ff 4f       	sbci	r31, 0xFF	; 255
    20e8:	91 83       	std	Z+1, r25	; 0x01
    20ea:	80 83       	st	Z, r24
	_delay_ms(1);

	GPIO_writePin(LCD_E_PORT_ID, LCD_E_PIN_ID, LOGIC_HIGH);
    20ec:	80 e0       	ldi	r24, 0x00	; 0
    20ee:	61 e0       	ldi	r22, 0x01	; 1
    20f0:	41 e0       	ldi	r20, 0x01	; 1
    20f2:	0e 94 8e 06 	call	0xd1c	; 0xd1c <GPIO_writePin>
    20f6:	fe 01       	movw	r30, r28
    20f8:	ef 5a       	subi	r30, 0xAF	; 175
    20fa:	ff 4f       	sbci	r31, 0xFF	; 255
    20fc:	80 e0       	ldi	r24, 0x00	; 0
    20fe:	90 e0       	ldi	r25, 0x00	; 0
    2100:	a0 e8       	ldi	r26, 0x80	; 128
    2102:	bf e3       	ldi	r27, 0x3F	; 63
    2104:	80 83       	st	Z, r24
    2106:	91 83       	std	Z+1, r25	; 0x01
    2108:	a2 83       	std	Z+2, r26	; 0x02
    210a:	b3 83       	std	Z+3, r27	; 0x03
 */
void
_delay_ms(double __ms)
{
	uint16_t __ticks;
	double __tmp = ((F_CPU) / 4e3) * __ms;
    210c:	8e 01       	movw	r16, r28
    210e:	03 5b       	subi	r16, 0xB3	; 179
    2110:	1f 4f       	sbci	r17, 0xFF	; 255
    2112:	fe 01       	movw	r30, r28
    2114:	ef 5a       	subi	r30, 0xAF	; 175
    2116:	ff 4f       	sbci	r31, 0xFF	; 255
    2118:	60 81       	ld	r22, Z
    211a:	71 81       	ldd	r23, Z+1	; 0x01
    211c:	82 81       	ldd	r24, Z+2	; 0x02
    211e:	93 81       	ldd	r25, Z+3	; 0x03
    2120:	20 e0       	ldi	r18, 0x00	; 0
    2122:	30 e0       	ldi	r19, 0x00	; 0
    2124:	4a ef       	ldi	r20, 0xFA	; 250
    2126:	54 e4       	ldi	r21, 0x44	; 68
    2128:	0e 94 1f 02 	call	0x43e	; 0x43e <__mulsf3>
    212c:	dc 01       	movw	r26, r24
    212e:	cb 01       	movw	r24, r22
    2130:	f8 01       	movw	r30, r16
    2132:	80 83       	st	Z, r24
    2134:	91 83       	std	Z+1, r25	; 0x01
    2136:	a2 83       	std	Z+2, r26	; 0x02
    2138:	b3 83       	std	Z+3, r27	; 0x03
	if (__tmp < 1.0)
    213a:	fe 01       	movw	r30, r28
    213c:	e3 5b       	subi	r30, 0xB3	; 179
    213e:	ff 4f       	sbci	r31, 0xFF	; 255
    2140:	60 81       	ld	r22, Z
    2142:	71 81       	ldd	r23, Z+1	; 0x01
    2144:	82 81       	ldd	r24, Z+2	; 0x02
    2146:	93 81       	ldd	r25, Z+3	; 0x03
    2148:	20 e0       	ldi	r18, 0x00	; 0
    214a:	30 e0       	ldi	r19, 0x00	; 0
    214c:	40 e8       	ldi	r20, 0x80	; 128
    214e:	5f e3       	ldi	r21, 0x3F	; 63
    2150:	0e 94 79 03 	call	0x6f2	; 0x6f2 <__ltsf2>
    2154:	88 23       	and	r24, r24
    2156:	44 f4       	brge	.+16     	; 0x2168 <LCD_displayCharacter+0x20e>
		__ticks = 1;
    2158:	fe 01       	movw	r30, r28
    215a:	e5 5b       	subi	r30, 0xB5	; 181
    215c:	ff 4f       	sbci	r31, 0xFF	; 255
    215e:	81 e0       	ldi	r24, 0x01	; 1
    2160:	90 e0       	ldi	r25, 0x00	; 0
    2162:	91 83       	std	Z+1, r25	; 0x01
    2164:	80 83       	st	Z, r24
    2166:	64 c0       	rjmp	.+200    	; 0x2230 <LCD_displayCharacter+0x2d6>
	else if (__tmp > 65535)
    2168:	fe 01       	movw	r30, r28
    216a:	e3 5b       	subi	r30, 0xB3	; 179
    216c:	ff 4f       	sbci	r31, 0xFF	; 255
    216e:	60 81       	ld	r22, Z
    2170:	71 81       	ldd	r23, Z+1	; 0x01
    2172:	82 81       	ldd	r24, Z+2	; 0x02
    2174:	93 81       	ldd	r25, Z+3	; 0x03
    2176:	20 e0       	ldi	r18, 0x00	; 0
    2178:	3f ef       	ldi	r19, 0xFF	; 255
    217a:	4f e7       	ldi	r20, 0x7F	; 127
    217c:	57 e4       	ldi	r21, 0x47	; 71
    217e:	0e 94 19 03 	call	0x632	; 0x632 <__gtsf2>
    2182:	18 16       	cp	r1, r24
    2184:	0c f0       	brlt	.+2      	; 0x2188 <LCD_displayCharacter+0x22e>
    2186:	43 c0       	rjmp	.+134    	; 0x220e <LCD_displayCharacter+0x2b4>
	{
		//	__ticks = requested delay in 1/10 ms
		__ticks = (uint16_t) (__ms * 10.0);
    2188:	fe 01       	movw	r30, r28
    218a:	ef 5a       	subi	r30, 0xAF	; 175
    218c:	ff 4f       	sbci	r31, 0xFF	; 255
    218e:	60 81       	ld	r22, Z
    2190:	71 81       	ldd	r23, Z+1	; 0x01
    2192:	82 81       	ldd	r24, Z+2	; 0x02
    2194:	93 81       	ldd	r25, Z+3	; 0x03
    2196:	20 e0       	ldi	r18, 0x00	; 0
    2198:	30 e0       	ldi	r19, 0x00	; 0
    219a:	40 e2       	ldi	r20, 0x20	; 32
    219c:	51 e4       	ldi	r21, 0x41	; 65
    219e:	0e 94 1f 02 	call	0x43e	; 0x43e <__mulsf3>
    21a2:	dc 01       	movw	r26, r24
    21a4:	cb 01       	movw	r24, r22
    21a6:	8e 01       	movw	r16, r28
    21a8:	05 5b       	subi	r16, 0xB5	; 181
    21aa:	1f 4f       	sbci	r17, 0xFF	; 255
    21ac:	bc 01       	movw	r22, r24
    21ae:	cd 01       	movw	r24, r26
    21b0:	0e 94 49 00 	call	0x92	; 0x92 <__fixunssfsi>
    21b4:	dc 01       	movw	r26, r24
    21b6:	cb 01       	movw	r24, r22
    21b8:	f8 01       	movw	r30, r16
    21ba:	91 83       	std	Z+1, r25	; 0x01
    21bc:	80 83       	st	Z, r24
    21be:	1f c0       	rjmp	.+62     	; 0x21fe <LCD_displayCharacter+0x2a4>
    21c0:	fe 01       	movw	r30, r28
    21c2:	e7 5b       	subi	r30, 0xB7	; 183
    21c4:	ff 4f       	sbci	r31, 0xFF	; 255
    21c6:	88 ec       	ldi	r24, 0xC8	; 200
    21c8:	90 e0       	ldi	r25, 0x00	; 0
    21ca:	91 83       	std	Z+1, r25	; 0x01
    21cc:	80 83       	st	Z, r24
    21ce:	fe 01       	movw	r30, r28
    21d0:	e7 5b       	subi	r30, 0xB7	; 183
    21d2:	ff 4f       	sbci	r31, 0xFF	; 255
    21d4:	80 81       	ld	r24, Z
    21d6:	91 81       	ldd	r25, Z+1	; 0x01
    21d8:	01 97       	sbiw	r24, 0x01	; 1
    21da:	f1 f7       	brne	.-4      	; 0x21d8 <LCD_displayCharacter+0x27e>
    21dc:	fe 01       	movw	r30, r28
    21de:	e7 5b       	subi	r30, 0xB7	; 183
    21e0:	ff 4f       	sbci	r31, 0xFF	; 255
    21e2:	91 83       	std	Z+1, r25	; 0x01
    21e4:	80 83       	st	Z, r24
		while(__ticks)
		{
			// wait 1/10 ms
			_delay_loop_2(((F_CPU) / 4e3) / 10);
			__ticks --;
    21e6:	de 01       	movw	r26, r28
    21e8:	a5 5b       	subi	r26, 0xB5	; 181
    21ea:	bf 4f       	sbci	r27, 0xFF	; 255
    21ec:	fe 01       	movw	r30, r28
    21ee:	e5 5b       	subi	r30, 0xB5	; 181
    21f0:	ff 4f       	sbci	r31, 0xFF	; 255
    21f2:	80 81       	ld	r24, Z
    21f4:	91 81       	ldd	r25, Z+1	; 0x01
    21f6:	01 97       	sbiw	r24, 0x01	; 1
    21f8:	11 96       	adiw	r26, 0x01	; 1
    21fa:	9c 93       	st	X, r25
    21fc:	8e 93       	st	-X, r24
		__ticks = 1;
	else if (__tmp > 65535)
	{
		//	__ticks = requested delay in 1/10 ms
		__ticks = (uint16_t) (__ms * 10.0);
		while(__ticks)
    21fe:	fe 01       	movw	r30, r28
    2200:	e5 5b       	subi	r30, 0xB5	; 181
    2202:	ff 4f       	sbci	r31, 0xFF	; 255
    2204:	80 81       	ld	r24, Z
    2206:	91 81       	ldd	r25, Z+1	; 0x01
    2208:	00 97       	sbiw	r24, 0x00	; 0
    220a:	d1 f6       	brne	.-76     	; 0x21c0 <LCD_displayCharacter+0x266>
    220c:	27 c0       	rjmp	.+78     	; 0x225c <LCD_displayCharacter+0x302>
			__ticks --;
		}
		return;
	}
	else
		__ticks = (uint16_t)__tmp;
    220e:	8e 01       	movw	r16, r28
    2210:	05 5b       	subi	r16, 0xB5	; 181
    2212:	1f 4f       	sbci	r17, 0xFF	; 255
    2214:	fe 01       	movw	r30, r28
    2216:	e3 5b       	subi	r30, 0xB3	; 179
    2218:	ff 4f       	sbci	r31, 0xFF	; 255
    221a:	60 81       	ld	r22, Z
    221c:	71 81       	ldd	r23, Z+1	; 0x01
    221e:	82 81       	ldd	r24, Z+2	; 0x02
    2220:	93 81       	ldd	r25, Z+3	; 0x03
    2222:	0e 94 49 00 	call	0x92	; 0x92 <__fixunssfsi>
    2226:	dc 01       	movw	r26, r24
    2228:	cb 01       	movw	r24, r22
    222a:	f8 01       	movw	r30, r16
    222c:	91 83       	std	Z+1, r25	; 0x01
    222e:	80 83       	st	Z, r24
    2230:	de 01       	movw	r26, r28
    2232:	a9 5b       	subi	r26, 0xB9	; 185
    2234:	bf 4f       	sbci	r27, 0xFF	; 255
    2236:	fe 01       	movw	r30, r28
    2238:	e5 5b       	subi	r30, 0xB5	; 181
    223a:	ff 4f       	sbci	r31, 0xFF	; 255
    223c:	80 81       	ld	r24, Z
    223e:	91 81       	ldd	r25, Z+1	; 0x01
    2240:	8d 93       	st	X+, r24
    2242:	9c 93       	st	X, r25
    2244:	fe 01       	movw	r30, r28
    2246:	e9 5b       	subi	r30, 0xB9	; 185
    2248:	ff 4f       	sbci	r31, 0xFF	; 255
    224a:	80 81       	ld	r24, Z
    224c:	91 81       	ldd	r25, Z+1	; 0x01
    224e:	01 97       	sbiw	r24, 0x01	; 1
    2250:	f1 f7       	brne	.-4      	; 0x224e <LCD_displayCharacter+0x2f4>
    2252:	fe 01       	movw	r30, r28
    2254:	e9 5b       	subi	r30, 0xB9	; 185
    2256:	ff 4f       	sbci	r31, 0xFF	; 255
    2258:	91 83       	std	Z+1, r25	; 0x01
    225a:	80 83       	st	Z, r24
	_delay_ms(1);
	GPIO_writePin(LCD_E_PORT_ID, LCD_E_PIN_ID, LOGIC_LOW);
	_delay_ms(1);

#elif (LCD_DATA_BITS_MODE == 4)
	GPIO_writePin(LCD_DATA_PORT_ID, LCD_DB4_PIN_ID, GET_BIT(Data,4));
    225c:	fe 01       	movw	r30, r28
    225e:	ed 59       	subi	r30, 0x9D	; 157
    2260:	ff 4f       	sbci	r31, 0xFF	; 255
    2262:	80 81       	ld	r24, Z
    2264:	88 2f       	mov	r24, r24
    2266:	90 e0       	ldi	r25, 0x00	; 0
    2268:	80 71       	andi	r24, 0x10	; 16
    226a:	90 70       	andi	r25, 0x00	; 0
    226c:	95 95       	asr	r25
    226e:	87 95       	ror	r24
    2270:	95 95       	asr	r25
    2272:	87 95       	ror	r24
    2274:	95 95       	asr	r25
    2276:	87 95       	ror	r24
    2278:	95 95       	asr	r25
    227a:	87 95       	ror	r24
    227c:	98 2f       	mov	r25, r24
    227e:	80 e0       	ldi	r24, 0x00	; 0
    2280:	62 e0       	ldi	r22, 0x02	; 2
    2282:	49 2f       	mov	r20, r25
    2284:	0e 94 8e 06 	call	0xd1c	; 0xd1c <GPIO_writePin>
	GPIO_writePin(LCD_DATA_PORT_ID, LCD_DB5_PIN_ID, GET_BIT(Data,5));
    2288:	fe 01       	movw	r30, r28
    228a:	ed 59       	subi	r30, 0x9D	; 157
    228c:	ff 4f       	sbci	r31, 0xFF	; 255
    228e:	80 81       	ld	r24, Z
    2290:	88 2f       	mov	r24, r24
    2292:	90 e0       	ldi	r25, 0x00	; 0
    2294:	80 72       	andi	r24, 0x20	; 32
    2296:	90 70       	andi	r25, 0x00	; 0
    2298:	95 95       	asr	r25
    229a:	87 95       	ror	r24
    229c:	95 95       	asr	r25
    229e:	87 95       	ror	r24
    22a0:	95 95       	asr	r25
    22a2:	87 95       	ror	r24
    22a4:	95 95       	asr	r25
    22a6:	87 95       	ror	r24
    22a8:	95 95       	asr	r25
    22aa:	87 95       	ror	r24
    22ac:	98 2f       	mov	r25, r24
    22ae:	80 e0       	ldi	r24, 0x00	; 0
    22b0:	63 e0       	ldi	r22, 0x03	; 3
    22b2:	49 2f       	mov	r20, r25
    22b4:	0e 94 8e 06 	call	0xd1c	; 0xd1c <GPIO_writePin>
	GPIO_writePin(LCD_DATA_PORT_ID, LCD_DB6_PIN_ID, GET_BIT(Data,6));
    22b8:	fe 01       	movw	r30, r28
    22ba:	ed 59       	subi	r30, 0x9D	; 157
    22bc:	ff 4f       	sbci	r31, 0xFF	; 255
    22be:	80 81       	ld	r24, Z
    22c0:	88 2f       	mov	r24, r24
    22c2:	90 e0       	ldi	r25, 0x00	; 0
    22c4:	80 74       	andi	r24, 0x40	; 64
    22c6:	90 70       	andi	r25, 0x00	; 0
    22c8:	08 2e       	mov	r0, r24
    22ca:	89 2f       	mov	r24, r25
    22cc:	00 0c       	add	r0, r0
    22ce:	88 1f       	adc	r24, r24
    22d0:	99 0b       	sbc	r25, r25
    22d2:	00 0c       	add	r0, r0
    22d4:	88 1f       	adc	r24, r24
    22d6:	99 1f       	adc	r25, r25
    22d8:	98 2f       	mov	r25, r24
    22da:	80 e0       	ldi	r24, 0x00	; 0
    22dc:	64 e0       	ldi	r22, 0x04	; 4
    22de:	49 2f       	mov	r20, r25
    22e0:	0e 94 8e 06 	call	0xd1c	; 0xd1c <GPIO_writePin>
	GPIO_writePin(LCD_DATA_PORT_ID, LCD_DB7_PIN_ID, GET_BIT(Data,7));
    22e4:	fe 01       	movw	r30, r28
    22e6:	ed 59       	subi	r30, 0x9D	; 157
    22e8:	ff 4f       	sbci	r31, 0xFF	; 255
    22ea:	80 81       	ld	r24, Z
    22ec:	98 2f       	mov	r25, r24
    22ee:	99 1f       	adc	r25, r25
    22f0:	99 27       	eor	r25, r25
    22f2:	99 1f       	adc	r25, r25
    22f4:	80 e0       	ldi	r24, 0x00	; 0
    22f6:	65 e0       	ldi	r22, 0x05	; 5
    22f8:	49 2f       	mov	r20, r25
    22fa:	0e 94 8e 06 	call	0xd1c	; 0xd1c <GPIO_writePin>
    22fe:	fe 01       	movw	r30, r28
    2300:	ed 5b       	subi	r30, 0xBD	; 189
    2302:	ff 4f       	sbci	r31, 0xFF	; 255
    2304:	80 e0       	ldi	r24, 0x00	; 0
    2306:	90 e0       	ldi	r25, 0x00	; 0
    2308:	a0 e8       	ldi	r26, 0x80	; 128
    230a:	bf e3       	ldi	r27, 0x3F	; 63
    230c:	80 83       	st	Z, r24
    230e:	91 83       	std	Z+1, r25	; 0x01
    2310:	a2 83       	std	Z+2, r26	; 0x02
    2312:	b3 83       	std	Z+3, r27	; 0x03
 */
void
_delay_ms(double __ms)
{
	uint16_t __ticks;
	double __tmp = ((F_CPU) / 4e3) * __ms;
    2314:	8e 01       	movw	r16, r28
    2316:	01 5c       	subi	r16, 0xC1	; 193
    2318:	1f 4f       	sbci	r17, 0xFF	; 255
    231a:	fe 01       	movw	r30, r28
    231c:	ed 5b       	subi	r30, 0xBD	; 189
    231e:	ff 4f       	sbci	r31, 0xFF	; 255
    2320:	60 81       	ld	r22, Z
    2322:	71 81       	ldd	r23, Z+1	; 0x01
    2324:	82 81       	ldd	r24, Z+2	; 0x02
    2326:	93 81       	ldd	r25, Z+3	; 0x03
    2328:	20 e0       	ldi	r18, 0x00	; 0
    232a:	30 e0       	ldi	r19, 0x00	; 0
    232c:	4a ef       	ldi	r20, 0xFA	; 250
    232e:	54 e4       	ldi	r21, 0x44	; 68
    2330:	0e 94 1f 02 	call	0x43e	; 0x43e <__mulsf3>
    2334:	dc 01       	movw	r26, r24
    2336:	cb 01       	movw	r24, r22
    2338:	f8 01       	movw	r30, r16
    233a:	80 83       	st	Z, r24
    233c:	91 83       	std	Z+1, r25	; 0x01
    233e:	a2 83       	std	Z+2, r26	; 0x02
    2340:	b3 83       	std	Z+3, r27	; 0x03
	if (__tmp < 1.0)
    2342:	fe 01       	movw	r30, r28
    2344:	ff 96       	adiw	r30, 0x3f	; 63
    2346:	60 81       	ld	r22, Z
    2348:	71 81       	ldd	r23, Z+1	; 0x01
    234a:	82 81       	ldd	r24, Z+2	; 0x02
    234c:	93 81       	ldd	r25, Z+3	; 0x03
    234e:	20 e0       	ldi	r18, 0x00	; 0
    2350:	30 e0       	ldi	r19, 0x00	; 0
    2352:	40 e8       	ldi	r20, 0x80	; 128
    2354:	5f e3       	ldi	r21, 0x3F	; 63
    2356:	0e 94 79 03 	call	0x6f2	; 0x6f2 <__ltsf2>
    235a:	88 23       	and	r24, r24
    235c:	2c f4       	brge	.+10     	; 0x2368 <LCD_displayCharacter+0x40e>
		__ticks = 1;
    235e:	81 e0       	ldi	r24, 0x01	; 1
    2360:	90 e0       	ldi	r25, 0x00	; 0
    2362:	9e af       	std	Y+62, r25	; 0x3e
    2364:	8d af       	std	Y+61, r24	; 0x3d
    2366:	46 c0       	rjmp	.+140    	; 0x23f4 <LCD_displayCharacter+0x49a>
	else if (__tmp > 65535)
    2368:	fe 01       	movw	r30, r28
    236a:	ff 96       	adiw	r30, 0x3f	; 63
    236c:	60 81       	ld	r22, Z
    236e:	71 81       	ldd	r23, Z+1	; 0x01
    2370:	82 81       	ldd	r24, Z+2	; 0x02
    2372:	93 81       	ldd	r25, Z+3	; 0x03
    2374:	20 e0       	ldi	r18, 0x00	; 0
    2376:	3f ef       	ldi	r19, 0xFF	; 255
    2378:	4f e7       	ldi	r20, 0x7F	; 127
    237a:	57 e4       	ldi	r21, 0x47	; 71
    237c:	0e 94 19 03 	call	0x632	; 0x632 <__gtsf2>
    2380:	18 16       	cp	r1, r24
    2382:	64 f5       	brge	.+88     	; 0x23dc <LCD_displayCharacter+0x482>
	{
		//	__ticks = requested delay in 1/10 ms
		__ticks = (uint16_t) (__ms * 10.0);
    2384:	fe 01       	movw	r30, r28
    2386:	ed 5b       	subi	r30, 0xBD	; 189
    2388:	ff 4f       	sbci	r31, 0xFF	; 255
    238a:	60 81       	ld	r22, Z
    238c:	71 81       	ldd	r23, Z+1	; 0x01
    238e:	82 81       	ldd	r24, Z+2	; 0x02
    2390:	93 81       	ldd	r25, Z+3	; 0x03
    2392:	20 e0       	ldi	r18, 0x00	; 0
    2394:	30 e0       	ldi	r19, 0x00	; 0
    2396:	40 e2       	ldi	r20, 0x20	; 32
    2398:	51 e4       	ldi	r21, 0x41	; 65
    239a:	0e 94 1f 02 	call	0x43e	; 0x43e <__mulsf3>
    239e:	dc 01       	movw	r26, r24
    23a0:	cb 01       	movw	r24, r22
    23a2:	bc 01       	movw	r22, r24
    23a4:	cd 01       	movw	r24, r26
    23a6:	0e 94 49 00 	call	0x92	; 0x92 <__fixunssfsi>
    23aa:	dc 01       	movw	r26, r24
    23ac:	cb 01       	movw	r24, r22
    23ae:	9e af       	std	Y+62, r25	; 0x3e
    23b0:	8d af       	std	Y+61, r24	; 0x3d
    23b2:	0f c0       	rjmp	.+30     	; 0x23d2 <LCD_displayCharacter+0x478>
    23b4:	88 ec       	ldi	r24, 0xC8	; 200
    23b6:	90 e0       	ldi	r25, 0x00	; 0
    23b8:	9c af       	std	Y+60, r25	; 0x3c
    23ba:	8b af       	std	Y+59, r24	; 0x3b
    23bc:	8b ad       	ldd	r24, Y+59	; 0x3b
    23be:	9c ad       	ldd	r25, Y+60	; 0x3c
    23c0:	01 97       	sbiw	r24, 0x01	; 1
    23c2:	f1 f7       	brne	.-4      	; 0x23c0 <LCD_displayCharacter+0x466>
    23c4:	9c af       	std	Y+60, r25	; 0x3c
    23c6:	8b af       	std	Y+59, r24	; 0x3b
		while(__ticks)
		{
			// wait 1/10 ms
			_delay_loop_2(((F_CPU) / 4e3) / 10);
			__ticks --;
    23c8:	8d ad       	ldd	r24, Y+61	; 0x3d
    23ca:	9e ad       	ldd	r25, Y+62	; 0x3e
    23cc:	01 97       	sbiw	r24, 0x01	; 1
    23ce:	9e af       	std	Y+62, r25	; 0x3e
    23d0:	8d af       	std	Y+61, r24	; 0x3d
		__ticks = 1;
	else if (__tmp > 65535)
	{
		//	__ticks = requested delay in 1/10 ms
		__ticks = (uint16_t) (__ms * 10.0);
		while(__ticks)
    23d2:	8d ad       	ldd	r24, Y+61	; 0x3d
    23d4:	9e ad       	ldd	r25, Y+62	; 0x3e
    23d6:	00 97       	sbiw	r24, 0x00	; 0
    23d8:	69 f7       	brne	.-38     	; 0x23b4 <LCD_displayCharacter+0x45a>
    23da:	16 c0       	rjmp	.+44     	; 0x2408 <LCD_displayCharacter+0x4ae>
			__ticks --;
		}
		return;
	}
	else
		__ticks = (uint16_t)__tmp;
    23dc:	fe 01       	movw	r30, r28
    23de:	ff 96       	adiw	r30, 0x3f	; 63
    23e0:	60 81       	ld	r22, Z
    23e2:	71 81       	ldd	r23, Z+1	; 0x01
    23e4:	82 81       	ldd	r24, Z+2	; 0x02
    23e6:	93 81       	ldd	r25, Z+3	; 0x03
    23e8:	0e 94 49 00 	call	0x92	; 0x92 <__fixunssfsi>
    23ec:	dc 01       	movw	r26, r24
    23ee:	cb 01       	movw	r24, r22
    23f0:	9e af       	std	Y+62, r25	; 0x3e
    23f2:	8d af       	std	Y+61, r24	; 0x3d
    23f4:	8d ad       	ldd	r24, Y+61	; 0x3d
    23f6:	9e ad       	ldd	r25, Y+62	; 0x3e
    23f8:	9a af       	std	Y+58, r25	; 0x3a
    23fa:	89 af       	std	Y+57, r24	; 0x39
    23fc:	89 ad       	ldd	r24, Y+57	; 0x39
    23fe:	9a ad       	ldd	r25, Y+58	; 0x3a
    2400:	01 97       	sbiw	r24, 0x01	; 1
    2402:	f1 f7       	brne	.-4      	; 0x2400 <LCD_displayCharacter+0x4a6>
    2404:	9a af       	std	Y+58, r25	; 0x3a
    2406:	89 af       	std	Y+57, r24	; 0x39
	_delay_ms(1);

	GPIO_writePin(LCD_E_PORT_ID, LCD_E_PIN_ID, LOGIC_LOW);
    2408:	80 e0       	ldi	r24, 0x00	; 0
    240a:	61 e0       	ldi	r22, 0x01	; 1
    240c:	40 e0       	ldi	r20, 0x00	; 0
    240e:	0e 94 8e 06 	call	0xd1c	; 0xd1c <GPIO_writePin>
    2412:	80 e0       	ldi	r24, 0x00	; 0
    2414:	90 e0       	ldi	r25, 0x00	; 0
    2416:	a0 e8       	ldi	r26, 0x80	; 128
    2418:	bf e3       	ldi	r27, 0x3F	; 63
    241a:	8d ab       	std	Y+53, r24	; 0x35
    241c:	9e ab       	std	Y+54, r25	; 0x36
    241e:	af ab       	std	Y+55, r26	; 0x37
    2420:	b8 af       	std	Y+56, r27	; 0x38
 */
void
_delay_ms(double __ms)
{
	uint16_t __ticks;
	double __tmp = ((F_CPU) / 4e3) * __ms;
    2422:	6d a9       	ldd	r22, Y+53	; 0x35
    2424:	7e a9       	ldd	r23, Y+54	; 0x36
    2426:	8f a9       	ldd	r24, Y+55	; 0x37
    2428:	98 ad       	ldd	r25, Y+56	; 0x38
    242a:	20 e0       	ldi	r18, 0x00	; 0
    242c:	30 e0       	ldi	r19, 0x00	; 0
    242e:	4a ef       	ldi	r20, 0xFA	; 250
    2430:	54 e4       	ldi	r21, 0x44	; 68
    2432:	0e 94 1f 02 	call	0x43e	; 0x43e <__mulsf3>
    2436:	dc 01       	movw	r26, r24
    2438:	cb 01       	movw	r24, r22
    243a:	89 ab       	std	Y+49, r24	; 0x31
    243c:	9a ab       	std	Y+50, r25	; 0x32
    243e:	ab ab       	std	Y+51, r26	; 0x33
    2440:	bc ab       	std	Y+52, r27	; 0x34
	if (__tmp < 1.0)
    2442:	69 a9       	ldd	r22, Y+49	; 0x31
    2444:	7a a9       	ldd	r23, Y+50	; 0x32
    2446:	8b a9       	ldd	r24, Y+51	; 0x33
    2448:	9c a9       	ldd	r25, Y+52	; 0x34
    244a:	20 e0       	ldi	r18, 0x00	; 0
    244c:	30 e0       	ldi	r19, 0x00	; 0
    244e:	40 e8       	ldi	r20, 0x80	; 128
    2450:	5f e3       	ldi	r21, 0x3F	; 63
    2452:	0e 94 79 03 	call	0x6f2	; 0x6f2 <__ltsf2>
    2456:	88 23       	and	r24, r24
    2458:	2c f4       	brge	.+10     	; 0x2464 <LCD_displayCharacter+0x50a>
		__ticks = 1;
    245a:	81 e0       	ldi	r24, 0x01	; 1
    245c:	90 e0       	ldi	r25, 0x00	; 0
    245e:	98 ab       	std	Y+48, r25	; 0x30
    2460:	8f a7       	std	Y+47, r24	; 0x2f
    2462:	3f c0       	rjmp	.+126    	; 0x24e2 <LCD_displayCharacter+0x588>
	else if (__tmp > 65535)
    2464:	69 a9       	ldd	r22, Y+49	; 0x31
    2466:	7a a9       	ldd	r23, Y+50	; 0x32
    2468:	8b a9       	ldd	r24, Y+51	; 0x33
    246a:	9c a9       	ldd	r25, Y+52	; 0x34
    246c:	20 e0       	ldi	r18, 0x00	; 0
    246e:	3f ef       	ldi	r19, 0xFF	; 255
    2470:	4f e7       	ldi	r20, 0x7F	; 127
    2472:	57 e4       	ldi	r21, 0x47	; 71
    2474:	0e 94 19 03 	call	0x632	; 0x632 <__gtsf2>
    2478:	18 16       	cp	r1, r24
    247a:	4c f5       	brge	.+82     	; 0x24ce <LCD_displayCharacter+0x574>
	{
		//	__ticks = requested delay in 1/10 ms
		__ticks = (uint16_t) (__ms * 10.0);
    247c:	6d a9       	ldd	r22, Y+53	; 0x35
    247e:	7e a9       	ldd	r23, Y+54	; 0x36
    2480:	8f a9       	ldd	r24, Y+55	; 0x37
    2482:	98 ad       	ldd	r25, Y+56	; 0x38
    2484:	20 e0       	ldi	r18, 0x00	; 0
    2486:	30 e0       	ldi	r19, 0x00	; 0
    2488:	40 e2       	ldi	r20, 0x20	; 32
    248a:	51 e4       	ldi	r21, 0x41	; 65
    248c:	0e 94 1f 02 	call	0x43e	; 0x43e <__mulsf3>
    2490:	dc 01       	movw	r26, r24
    2492:	cb 01       	movw	r24, r22
    2494:	bc 01       	movw	r22, r24
    2496:	cd 01       	movw	r24, r26
    2498:	0e 94 49 00 	call	0x92	; 0x92 <__fixunssfsi>
    249c:	dc 01       	movw	r26, r24
    249e:	cb 01       	movw	r24, r22
    24a0:	98 ab       	std	Y+48, r25	; 0x30
    24a2:	8f a7       	std	Y+47, r24	; 0x2f
    24a4:	0f c0       	rjmp	.+30     	; 0x24c4 <LCD_displayCharacter+0x56a>
    24a6:	88 ec       	ldi	r24, 0xC8	; 200
    24a8:	90 e0       	ldi	r25, 0x00	; 0
    24aa:	9e a7       	std	Y+46, r25	; 0x2e
    24ac:	8d a7       	std	Y+45, r24	; 0x2d
    24ae:	8d a5       	ldd	r24, Y+45	; 0x2d
    24b0:	9e a5       	ldd	r25, Y+46	; 0x2e
    24b2:	01 97       	sbiw	r24, 0x01	; 1
    24b4:	f1 f7       	brne	.-4      	; 0x24b2 <LCD_displayCharacter+0x558>
    24b6:	9e a7       	std	Y+46, r25	; 0x2e
    24b8:	8d a7       	std	Y+45, r24	; 0x2d
		while(__ticks)
		{
			// wait 1/10 ms
			_delay_loop_2(((F_CPU) / 4e3) / 10);
			__ticks --;
    24ba:	8f a5       	ldd	r24, Y+47	; 0x2f
    24bc:	98 a9       	ldd	r25, Y+48	; 0x30
    24be:	01 97       	sbiw	r24, 0x01	; 1
    24c0:	98 ab       	std	Y+48, r25	; 0x30
    24c2:	8f a7       	std	Y+47, r24	; 0x2f
		__ticks = 1;
	else if (__tmp > 65535)
	{
		//	__ticks = requested delay in 1/10 ms
		__ticks = (uint16_t) (__ms * 10.0);
		while(__ticks)
    24c4:	8f a5       	ldd	r24, Y+47	; 0x2f
    24c6:	98 a9       	ldd	r25, Y+48	; 0x30
    24c8:	00 97       	sbiw	r24, 0x00	; 0
    24ca:	69 f7       	brne	.-38     	; 0x24a6 <LCD_displayCharacter+0x54c>
    24cc:	14 c0       	rjmp	.+40     	; 0x24f6 <LCD_displayCharacter+0x59c>
			__ticks --;
		}
		return;
	}
	else
		__ticks = (uint16_t)__tmp;
    24ce:	69 a9       	ldd	r22, Y+49	; 0x31
    24d0:	7a a9       	ldd	r23, Y+50	; 0x32
    24d2:	8b a9       	ldd	r24, Y+51	; 0x33
    24d4:	9c a9       	ldd	r25, Y+52	; 0x34
    24d6:	0e 94 49 00 	call	0x92	; 0x92 <__fixunssfsi>
    24da:	dc 01       	movw	r26, r24
    24dc:	cb 01       	movw	r24, r22
    24de:	98 ab       	std	Y+48, r25	; 0x30
    24e0:	8f a7       	std	Y+47, r24	; 0x2f
    24e2:	8f a5       	ldd	r24, Y+47	; 0x2f
    24e4:	98 a9       	ldd	r25, Y+48	; 0x30
    24e6:	9c a7       	std	Y+44, r25	; 0x2c
    24e8:	8b a7       	std	Y+43, r24	; 0x2b
    24ea:	8b a5       	ldd	r24, Y+43	; 0x2b
    24ec:	9c a5       	ldd	r25, Y+44	; 0x2c
    24ee:	01 97       	sbiw	r24, 0x01	; 1
    24f0:	f1 f7       	brne	.-4      	; 0x24ee <LCD_displayCharacter+0x594>
    24f2:	9c a7       	std	Y+44, r25	; 0x2c
    24f4:	8b a7       	std	Y+43, r24	; 0x2b
	_delay_ms(1);
	GPIO_writePin(LCD_E_PORT_ID, LCD_E_PIN_ID, LOGIC_HIGH);
    24f6:	80 e0       	ldi	r24, 0x00	; 0
    24f8:	61 e0       	ldi	r22, 0x01	; 1
    24fa:	41 e0       	ldi	r20, 0x01	; 1
    24fc:	0e 94 8e 06 	call	0xd1c	; 0xd1c <GPIO_writePin>
    2500:	80 e0       	ldi	r24, 0x00	; 0
    2502:	90 e0       	ldi	r25, 0x00	; 0
    2504:	a0 e8       	ldi	r26, 0x80	; 128
    2506:	bf e3       	ldi	r27, 0x3F	; 63
    2508:	8f a3       	std	Y+39, r24	; 0x27
    250a:	98 a7       	std	Y+40, r25	; 0x28
    250c:	a9 a7       	std	Y+41, r26	; 0x29
    250e:	ba a7       	std	Y+42, r27	; 0x2a
 */
void
_delay_ms(double __ms)
{
	uint16_t __ticks;
	double __tmp = ((F_CPU) / 4e3) * __ms;
    2510:	6f a1       	ldd	r22, Y+39	; 0x27
    2512:	78 a5       	ldd	r23, Y+40	; 0x28
    2514:	89 a5       	ldd	r24, Y+41	; 0x29
    2516:	9a a5       	ldd	r25, Y+42	; 0x2a
    2518:	20 e0       	ldi	r18, 0x00	; 0
    251a:	30 e0       	ldi	r19, 0x00	; 0
    251c:	4a ef       	ldi	r20, 0xFA	; 250
    251e:	54 e4       	ldi	r21, 0x44	; 68
    2520:	0e 94 1f 02 	call	0x43e	; 0x43e <__mulsf3>
    2524:	dc 01       	movw	r26, r24
    2526:	cb 01       	movw	r24, r22
    2528:	8b a3       	std	Y+35, r24	; 0x23
    252a:	9c a3       	std	Y+36, r25	; 0x24
    252c:	ad a3       	std	Y+37, r26	; 0x25
    252e:	be a3       	std	Y+38, r27	; 0x26
	if (__tmp < 1.0)
    2530:	6b a1       	ldd	r22, Y+35	; 0x23
    2532:	7c a1       	ldd	r23, Y+36	; 0x24
    2534:	8d a1       	ldd	r24, Y+37	; 0x25
    2536:	9e a1       	ldd	r25, Y+38	; 0x26
    2538:	20 e0       	ldi	r18, 0x00	; 0
    253a:	30 e0       	ldi	r19, 0x00	; 0
    253c:	40 e8       	ldi	r20, 0x80	; 128
    253e:	5f e3       	ldi	r21, 0x3F	; 63
    2540:	0e 94 79 03 	call	0x6f2	; 0x6f2 <__ltsf2>
    2544:	88 23       	and	r24, r24
    2546:	2c f4       	brge	.+10     	; 0x2552 <LCD_displayCharacter+0x5f8>
		__ticks = 1;
    2548:	81 e0       	ldi	r24, 0x01	; 1
    254a:	90 e0       	ldi	r25, 0x00	; 0
    254c:	9a a3       	std	Y+34, r25	; 0x22
    254e:	89 a3       	std	Y+33, r24	; 0x21
    2550:	3f c0       	rjmp	.+126    	; 0x25d0 <LCD_displayCharacter+0x676>
	else if (__tmp > 65535)
    2552:	6b a1       	ldd	r22, Y+35	; 0x23
    2554:	7c a1       	ldd	r23, Y+36	; 0x24
    2556:	8d a1       	ldd	r24, Y+37	; 0x25
    2558:	9e a1       	ldd	r25, Y+38	; 0x26
    255a:	20 e0       	ldi	r18, 0x00	; 0
    255c:	3f ef       	ldi	r19, 0xFF	; 255
    255e:	4f e7       	ldi	r20, 0x7F	; 127
    2560:	57 e4       	ldi	r21, 0x47	; 71
    2562:	0e 94 19 03 	call	0x632	; 0x632 <__gtsf2>
    2566:	18 16       	cp	r1, r24
    2568:	4c f5       	brge	.+82     	; 0x25bc <LCD_displayCharacter+0x662>
	{
		//	__ticks = requested delay in 1/10 ms
		__ticks = (uint16_t) (__ms * 10.0);
    256a:	6f a1       	ldd	r22, Y+39	; 0x27
    256c:	78 a5       	ldd	r23, Y+40	; 0x28
    256e:	89 a5       	ldd	r24, Y+41	; 0x29
    2570:	9a a5       	ldd	r25, Y+42	; 0x2a
    2572:	20 e0       	ldi	r18, 0x00	; 0
    2574:	30 e0       	ldi	r19, 0x00	; 0
    2576:	40 e2       	ldi	r20, 0x20	; 32
    2578:	51 e4       	ldi	r21, 0x41	; 65
    257a:	0e 94 1f 02 	call	0x43e	; 0x43e <__mulsf3>
    257e:	dc 01       	movw	r26, r24
    2580:	cb 01       	movw	r24, r22
    2582:	bc 01       	movw	r22, r24
    2584:	cd 01       	movw	r24, r26
    2586:	0e 94 49 00 	call	0x92	; 0x92 <__fixunssfsi>
    258a:	dc 01       	movw	r26, r24
    258c:	cb 01       	movw	r24, r22
    258e:	9a a3       	std	Y+34, r25	; 0x22
    2590:	89 a3       	std	Y+33, r24	; 0x21
    2592:	0f c0       	rjmp	.+30     	; 0x25b2 <LCD_displayCharacter+0x658>
    2594:	88 ec       	ldi	r24, 0xC8	; 200
    2596:	90 e0       	ldi	r25, 0x00	; 0
    2598:	98 a3       	std	Y+32, r25	; 0x20
    259a:	8f 8f       	std	Y+31, r24	; 0x1f
    259c:	8f 8d       	ldd	r24, Y+31	; 0x1f
    259e:	98 a1       	ldd	r25, Y+32	; 0x20
    25a0:	01 97       	sbiw	r24, 0x01	; 1
    25a2:	f1 f7       	brne	.-4      	; 0x25a0 <LCD_displayCharacter+0x646>
    25a4:	98 a3       	std	Y+32, r25	; 0x20
    25a6:	8f 8f       	std	Y+31, r24	; 0x1f
		while(__ticks)
		{
			// wait 1/10 ms
			_delay_loop_2(((F_CPU) / 4e3) / 10);
			__ticks --;
    25a8:	89 a1       	ldd	r24, Y+33	; 0x21
    25aa:	9a a1       	ldd	r25, Y+34	; 0x22
    25ac:	01 97       	sbiw	r24, 0x01	; 1
    25ae:	9a a3       	std	Y+34, r25	; 0x22
    25b0:	89 a3       	std	Y+33, r24	; 0x21
		__ticks = 1;
	else if (__tmp > 65535)
	{
		//	__ticks = requested delay in 1/10 ms
		__ticks = (uint16_t) (__ms * 10.0);
		while(__ticks)
    25b2:	89 a1       	ldd	r24, Y+33	; 0x21
    25b4:	9a a1       	ldd	r25, Y+34	; 0x22
    25b6:	00 97       	sbiw	r24, 0x00	; 0
    25b8:	69 f7       	brne	.-38     	; 0x2594 <LCD_displayCharacter+0x63a>
    25ba:	14 c0       	rjmp	.+40     	; 0x25e4 <LCD_displayCharacter+0x68a>
			__ticks --;
		}
		return;
	}
	else
		__ticks = (uint16_t)__tmp;
    25bc:	6b a1       	ldd	r22, Y+35	; 0x23
    25be:	7c a1       	ldd	r23, Y+36	; 0x24
    25c0:	8d a1       	ldd	r24, Y+37	; 0x25
    25c2:	9e a1       	ldd	r25, Y+38	; 0x26
    25c4:	0e 94 49 00 	call	0x92	; 0x92 <__fixunssfsi>
    25c8:	dc 01       	movw	r26, r24
    25ca:	cb 01       	movw	r24, r22
    25cc:	9a a3       	std	Y+34, r25	; 0x22
    25ce:	89 a3       	std	Y+33, r24	; 0x21
    25d0:	89 a1       	ldd	r24, Y+33	; 0x21
    25d2:	9a a1       	ldd	r25, Y+34	; 0x22
    25d4:	9e 8f       	std	Y+30, r25	; 0x1e
    25d6:	8d 8f       	std	Y+29, r24	; 0x1d
    25d8:	8d 8d       	ldd	r24, Y+29	; 0x1d
    25da:	9e 8d       	ldd	r25, Y+30	; 0x1e
    25dc:	01 97       	sbiw	r24, 0x01	; 1
    25de:	f1 f7       	brne	.-4      	; 0x25dc <LCD_displayCharacter+0x682>
    25e0:	9e 8f       	std	Y+30, r25	; 0x1e
    25e2:	8d 8f       	std	Y+29, r24	; 0x1d
	_delay_ms(1);

	GPIO_writePin(LCD_DATA_PORT_ID, LCD_DB4_PIN_ID, GET_BIT(Data,0));
    25e4:	fe 01       	movw	r30, r28
    25e6:	ed 59       	subi	r30, 0x9D	; 157
    25e8:	ff 4f       	sbci	r31, 0xFF	; 255
    25ea:	80 81       	ld	r24, Z
    25ec:	98 2f       	mov	r25, r24
    25ee:	91 70       	andi	r25, 0x01	; 1
    25f0:	80 e0       	ldi	r24, 0x00	; 0
    25f2:	62 e0       	ldi	r22, 0x02	; 2
    25f4:	49 2f       	mov	r20, r25
    25f6:	0e 94 8e 06 	call	0xd1c	; 0xd1c <GPIO_writePin>
	GPIO_writePin(LCD_DATA_PORT_ID, LCD_DB5_PIN_ID, GET_BIT(Data,1));
    25fa:	fe 01       	movw	r30, r28
    25fc:	ed 59       	subi	r30, 0x9D	; 157
    25fe:	ff 4f       	sbci	r31, 0xFF	; 255
    2600:	80 81       	ld	r24, Z
    2602:	88 2f       	mov	r24, r24
    2604:	90 e0       	ldi	r25, 0x00	; 0
    2606:	82 70       	andi	r24, 0x02	; 2
    2608:	90 70       	andi	r25, 0x00	; 0
    260a:	95 95       	asr	r25
    260c:	87 95       	ror	r24
    260e:	98 2f       	mov	r25, r24
    2610:	80 e0       	ldi	r24, 0x00	; 0
    2612:	63 e0       	ldi	r22, 0x03	; 3
    2614:	49 2f       	mov	r20, r25
    2616:	0e 94 8e 06 	call	0xd1c	; 0xd1c <GPIO_writePin>
	GPIO_writePin(LCD_DATA_PORT_ID, LCD_DB6_PIN_ID, GET_BIT(Data,2));
    261a:	fe 01       	movw	r30, r28
    261c:	ed 59       	subi	r30, 0x9D	; 157
    261e:	ff 4f       	sbci	r31, 0xFF	; 255
    2620:	80 81       	ld	r24, Z
    2622:	88 2f       	mov	r24, r24
    2624:	90 e0       	ldi	r25, 0x00	; 0
    2626:	84 70       	andi	r24, 0x04	; 4
    2628:	90 70       	andi	r25, 0x00	; 0
    262a:	95 95       	asr	r25
    262c:	87 95       	ror	r24
    262e:	95 95       	asr	r25
    2630:	87 95       	ror	r24
    2632:	98 2f       	mov	r25, r24
    2634:	80 e0       	ldi	r24, 0x00	; 0
    2636:	64 e0       	ldi	r22, 0x04	; 4
    2638:	49 2f       	mov	r20, r25
    263a:	0e 94 8e 06 	call	0xd1c	; 0xd1c <GPIO_writePin>
	GPIO_writePin(LCD_DATA_PORT_ID, LCD_DB7_PIN_ID, GET_BIT(Data,3));
    263e:	fe 01       	movw	r30, r28
    2640:	ed 59       	subi	r30, 0x9D	; 157
    2642:	ff 4f       	sbci	r31, 0xFF	; 255
    2644:	80 81       	ld	r24, Z
    2646:	88 2f       	mov	r24, r24
    2648:	90 e0       	ldi	r25, 0x00	; 0
    264a:	88 70       	andi	r24, 0x08	; 8
    264c:	90 70       	andi	r25, 0x00	; 0
    264e:	95 95       	asr	r25
    2650:	87 95       	ror	r24
    2652:	95 95       	asr	r25
    2654:	87 95       	ror	r24
    2656:	95 95       	asr	r25
    2658:	87 95       	ror	r24
    265a:	98 2f       	mov	r25, r24
    265c:	80 e0       	ldi	r24, 0x00	; 0
    265e:	65 e0       	ldi	r22, 0x05	; 5
    2660:	49 2f       	mov	r20, r25
    2662:	0e 94 8e 06 	call	0xd1c	; 0xd1c <GPIO_writePin>
    2666:	80 e0       	ldi	r24, 0x00	; 0
    2668:	90 e0       	ldi	r25, 0x00	; 0
    266a:	a0 e8       	ldi	r26, 0x80	; 128
    266c:	bf e3       	ldi	r27, 0x3F	; 63
    266e:	89 8f       	std	Y+25, r24	; 0x19
    2670:	9a 8f       	std	Y+26, r25	; 0x1a
    2672:	ab 8f       	std	Y+27, r26	; 0x1b
    2674:	bc 8f       	std	Y+28, r27	; 0x1c
 */
void
_delay_ms(double __ms)
{
	uint16_t __ticks;
	double __tmp = ((F_CPU) / 4e3) * __ms;
    2676:	69 8d       	ldd	r22, Y+25	; 0x19
    2678:	7a 8d       	ldd	r23, Y+26	; 0x1a
    267a:	8b 8d       	ldd	r24, Y+27	; 0x1b
    267c:	9c 8d       	ldd	r25, Y+28	; 0x1c
    267e:	20 e0       	ldi	r18, 0x00	; 0
    2680:	30 e0       	ldi	r19, 0x00	; 0
    2682:	4a ef       	ldi	r20, 0xFA	; 250
    2684:	54 e4       	ldi	r21, 0x44	; 68
    2686:	0e 94 1f 02 	call	0x43e	; 0x43e <__mulsf3>
    268a:	dc 01       	movw	r26, r24
    268c:	cb 01       	movw	r24, r22
    268e:	8d 8b       	std	Y+21, r24	; 0x15
    2690:	9e 8b       	std	Y+22, r25	; 0x16
    2692:	af 8b       	std	Y+23, r26	; 0x17
    2694:	b8 8f       	std	Y+24, r27	; 0x18
	if (__tmp < 1.0)
    2696:	6d 89       	ldd	r22, Y+21	; 0x15
    2698:	7e 89       	ldd	r23, Y+22	; 0x16
    269a:	8f 89       	ldd	r24, Y+23	; 0x17
    269c:	98 8d       	ldd	r25, Y+24	; 0x18
    269e:	20 e0       	ldi	r18, 0x00	; 0
    26a0:	30 e0       	ldi	r19, 0x00	; 0
    26a2:	40 e8       	ldi	r20, 0x80	; 128
    26a4:	5f e3       	ldi	r21, 0x3F	; 63
    26a6:	0e 94 79 03 	call	0x6f2	; 0x6f2 <__ltsf2>
    26aa:	88 23       	and	r24, r24
    26ac:	2c f4       	brge	.+10     	; 0x26b8 <LCD_displayCharacter+0x75e>
		__ticks = 1;
    26ae:	81 e0       	ldi	r24, 0x01	; 1
    26b0:	90 e0       	ldi	r25, 0x00	; 0
    26b2:	9c 8b       	std	Y+20, r25	; 0x14
    26b4:	8b 8b       	std	Y+19, r24	; 0x13
    26b6:	3f c0       	rjmp	.+126    	; 0x2736 <LCD_displayCharacter+0x7dc>
	else if (__tmp > 65535)
    26b8:	6d 89       	ldd	r22, Y+21	; 0x15
    26ba:	7e 89       	ldd	r23, Y+22	; 0x16
    26bc:	8f 89       	ldd	r24, Y+23	; 0x17
    26be:	98 8d       	ldd	r25, Y+24	; 0x18
    26c0:	20 e0       	ldi	r18, 0x00	; 0
    26c2:	3f ef       	ldi	r19, 0xFF	; 255
    26c4:	4f e7       	ldi	r20, 0x7F	; 127
    26c6:	57 e4       	ldi	r21, 0x47	; 71
    26c8:	0e 94 19 03 	call	0x632	; 0x632 <__gtsf2>
    26cc:	18 16       	cp	r1, r24
    26ce:	4c f5       	brge	.+82     	; 0x2722 <LCD_displayCharacter+0x7c8>
	{
		//	__ticks = requested delay in 1/10 ms
		__ticks = (uint16_t) (__ms * 10.0);
    26d0:	69 8d       	ldd	r22, Y+25	; 0x19
    26d2:	7a 8d       	ldd	r23, Y+26	; 0x1a
    26d4:	8b 8d       	ldd	r24, Y+27	; 0x1b
    26d6:	9c 8d       	ldd	r25, Y+28	; 0x1c
    26d8:	20 e0       	ldi	r18, 0x00	; 0
    26da:	30 e0       	ldi	r19, 0x00	; 0
    26dc:	40 e2       	ldi	r20, 0x20	; 32
    26de:	51 e4       	ldi	r21, 0x41	; 65
    26e0:	0e 94 1f 02 	call	0x43e	; 0x43e <__mulsf3>
    26e4:	dc 01       	movw	r26, r24
    26e6:	cb 01       	movw	r24, r22
    26e8:	bc 01       	movw	r22, r24
    26ea:	cd 01       	movw	r24, r26
    26ec:	0e 94 49 00 	call	0x92	; 0x92 <__fixunssfsi>
    26f0:	dc 01       	movw	r26, r24
    26f2:	cb 01       	movw	r24, r22
    26f4:	9c 8b       	std	Y+20, r25	; 0x14
    26f6:	8b 8b       	std	Y+19, r24	; 0x13
    26f8:	0f c0       	rjmp	.+30     	; 0x2718 <LCD_displayCharacter+0x7be>
    26fa:	88 ec       	ldi	r24, 0xC8	; 200
    26fc:	90 e0       	ldi	r25, 0x00	; 0
    26fe:	9a 8b       	std	Y+18, r25	; 0x12
    2700:	89 8b       	std	Y+17, r24	; 0x11
    2702:	89 89       	ldd	r24, Y+17	; 0x11
    2704:	9a 89       	ldd	r25, Y+18	; 0x12
    2706:	01 97       	sbiw	r24, 0x01	; 1
    2708:	f1 f7       	brne	.-4      	; 0x2706 <LCD_displayCharacter+0x7ac>
    270a:	9a 8b       	std	Y+18, r25	; 0x12
    270c:	89 8b       	std	Y+17, r24	; 0x11
		while(__ticks)
		{
			// wait 1/10 ms
			_delay_loop_2(((F_CPU) / 4e3) / 10);
			__ticks --;
    270e:	8b 89       	ldd	r24, Y+19	; 0x13
    2710:	9c 89       	ldd	r25, Y+20	; 0x14
    2712:	01 97       	sbiw	r24, 0x01	; 1
    2714:	9c 8b       	std	Y+20, r25	; 0x14
    2716:	8b 8b       	std	Y+19, r24	; 0x13
		__ticks = 1;
	else if (__tmp > 65535)
	{
		//	__ticks = requested delay in 1/10 ms
		__ticks = (uint16_t) (__ms * 10.0);
		while(__ticks)
    2718:	8b 89       	ldd	r24, Y+19	; 0x13
    271a:	9c 89       	ldd	r25, Y+20	; 0x14
    271c:	00 97       	sbiw	r24, 0x00	; 0
    271e:	69 f7       	brne	.-38     	; 0x26fa <LCD_displayCharacter+0x7a0>
    2720:	14 c0       	rjmp	.+40     	; 0x274a <LCD_displayCharacter+0x7f0>
			__ticks --;
		}
		return;
	}
	else
		__ticks = (uint16_t)__tmp;
    2722:	6d 89       	ldd	r22, Y+21	; 0x15
    2724:	7e 89       	ldd	r23, Y+22	; 0x16
    2726:	8f 89       	ldd	r24, Y+23	; 0x17
    2728:	98 8d       	ldd	r25, Y+24	; 0x18
    272a:	0e 94 49 00 	call	0x92	; 0x92 <__fixunssfsi>
    272e:	dc 01       	movw	r26, r24
    2730:	cb 01       	movw	r24, r22
    2732:	9c 8b       	std	Y+20, r25	; 0x14
    2734:	8b 8b       	std	Y+19, r24	; 0x13
    2736:	8b 89       	ldd	r24, Y+19	; 0x13
    2738:	9c 89       	ldd	r25, Y+20	; 0x14
    273a:	98 8b       	std	Y+16, r25	; 0x10
    273c:	8f 87       	std	Y+15, r24	; 0x0f
    273e:	8f 85       	ldd	r24, Y+15	; 0x0f
    2740:	98 89       	ldd	r25, Y+16	; 0x10
    2742:	01 97       	sbiw	r24, 0x01	; 1
    2744:	f1 f7       	brne	.-4      	; 0x2742 <LCD_displayCharacter+0x7e8>
    2746:	98 8b       	std	Y+16, r25	; 0x10
    2748:	8f 87       	std	Y+15, r24	; 0x0f
	_delay_ms(1);

	GPIO_writePin(LCD_E_PORT_ID, LCD_E_PIN_ID, LOGIC_LOW);
    274a:	80 e0       	ldi	r24, 0x00	; 0
    274c:	61 e0       	ldi	r22, 0x01	; 1
    274e:	40 e0       	ldi	r20, 0x00	; 0
    2750:	0e 94 8e 06 	call	0xd1c	; 0xd1c <GPIO_writePin>
    2754:	80 e0       	ldi	r24, 0x00	; 0
    2756:	90 e0       	ldi	r25, 0x00	; 0
    2758:	a0 e8       	ldi	r26, 0x80	; 128
    275a:	bf e3       	ldi	r27, 0x3F	; 63
    275c:	8b 87       	std	Y+11, r24	; 0x0b
    275e:	9c 87       	std	Y+12, r25	; 0x0c
    2760:	ad 87       	std	Y+13, r26	; 0x0d
    2762:	be 87       	std	Y+14, r27	; 0x0e
 */
void
_delay_ms(double __ms)
{
	uint16_t __ticks;
	double __tmp = ((F_CPU) / 4e3) * __ms;
    2764:	6b 85       	ldd	r22, Y+11	; 0x0b
    2766:	7c 85       	ldd	r23, Y+12	; 0x0c
    2768:	8d 85       	ldd	r24, Y+13	; 0x0d
    276a:	9e 85       	ldd	r25, Y+14	; 0x0e
    276c:	20 e0       	ldi	r18, 0x00	; 0
    276e:	30 e0       	ldi	r19, 0x00	; 0
    2770:	4a ef       	ldi	r20, 0xFA	; 250
    2772:	54 e4       	ldi	r21, 0x44	; 68
    2774:	0e 94 1f 02 	call	0x43e	; 0x43e <__mulsf3>
    2778:	dc 01       	movw	r26, r24
    277a:	cb 01       	movw	r24, r22
    277c:	8f 83       	std	Y+7, r24	; 0x07
    277e:	98 87       	std	Y+8, r25	; 0x08
    2780:	a9 87       	std	Y+9, r26	; 0x09
    2782:	ba 87       	std	Y+10, r27	; 0x0a
	if (__tmp < 1.0)
    2784:	6f 81       	ldd	r22, Y+7	; 0x07
    2786:	78 85       	ldd	r23, Y+8	; 0x08
    2788:	89 85       	ldd	r24, Y+9	; 0x09
    278a:	9a 85       	ldd	r25, Y+10	; 0x0a
    278c:	20 e0       	ldi	r18, 0x00	; 0
    278e:	30 e0       	ldi	r19, 0x00	; 0
    2790:	40 e8       	ldi	r20, 0x80	; 128
    2792:	5f e3       	ldi	r21, 0x3F	; 63
    2794:	0e 94 79 03 	call	0x6f2	; 0x6f2 <__ltsf2>
    2798:	88 23       	and	r24, r24
    279a:	2c f4       	brge	.+10     	; 0x27a6 <LCD_displayCharacter+0x84c>
		__ticks = 1;
    279c:	81 e0       	ldi	r24, 0x01	; 1
    279e:	90 e0       	ldi	r25, 0x00	; 0
    27a0:	9e 83       	std	Y+6, r25	; 0x06
    27a2:	8d 83       	std	Y+5, r24	; 0x05
    27a4:	3f c0       	rjmp	.+126    	; 0x2824 <LCD_displayCharacter+0x8ca>
	else if (__tmp > 65535)
    27a6:	6f 81       	ldd	r22, Y+7	; 0x07
    27a8:	78 85       	ldd	r23, Y+8	; 0x08
    27aa:	89 85       	ldd	r24, Y+9	; 0x09
    27ac:	9a 85       	ldd	r25, Y+10	; 0x0a
    27ae:	20 e0       	ldi	r18, 0x00	; 0
    27b0:	3f ef       	ldi	r19, 0xFF	; 255
    27b2:	4f e7       	ldi	r20, 0x7F	; 127
    27b4:	57 e4       	ldi	r21, 0x47	; 71
    27b6:	0e 94 19 03 	call	0x632	; 0x632 <__gtsf2>
    27ba:	18 16       	cp	r1, r24
    27bc:	4c f5       	brge	.+82     	; 0x2810 <LCD_displayCharacter+0x8b6>
	{
		//	__ticks = requested delay in 1/10 ms
		__ticks = (uint16_t) (__ms * 10.0);
    27be:	6b 85       	ldd	r22, Y+11	; 0x0b
    27c0:	7c 85       	ldd	r23, Y+12	; 0x0c
    27c2:	8d 85       	ldd	r24, Y+13	; 0x0d
    27c4:	9e 85       	ldd	r25, Y+14	; 0x0e
    27c6:	20 e0       	ldi	r18, 0x00	; 0
    27c8:	30 e0       	ldi	r19, 0x00	; 0
    27ca:	40 e2       	ldi	r20, 0x20	; 32
    27cc:	51 e4       	ldi	r21, 0x41	; 65
    27ce:	0e 94 1f 02 	call	0x43e	; 0x43e <__mulsf3>
    27d2:	dc 01       	movw	r26, r24
    27d4:	cb 01       	movw	r24, r22
    27d6:	bc 01       	movw	r22, r24
    27d8:	cd 01       	movw	r24, r26
    27da:	0e 94 49 00 	call	0x92	; 0x92 <__fixunssfsi>
    27de:	dc 01       	movw	r26, r24
    27e0:	cb 01       	movw	r24, r22
    27e2:	9e 83       	std	Y+6, r25	; 0x06
    27e4:	8d 83       	std	Y+5, r24	; 0x05
    27e6:	0f c0       	rjmp	.+30     	; 0x2806 <LCD_displayCharacter+0x8ac>
    27e8:	88 ec       	ldi	r24, 0xC8	; 200
    27ea:	90 e0       	ldi	r25, 0x00	; 0
    27ec:	9c 83       	std	Y+4, r25	; 0x04
    27ee:	8b 83       	std	Y+3, r24	; 0x03
    27f0:	8b 81       	ldd	r24, Y+3	; 0x03
    27f2:	9c 81       	ldd	r25, Y+4	; 0x04
    27f4:	01 97       	sbiw	r24, 0x01	; 1
    27f6:	f1 f7       	brne	.-4      	; 0x27f4 <LCD_displayCharacter+0x89a>
    27f8:	9c 83       	std	Y+4, r25	; 0x04
    27fa:	8b 83       	std	Y+3, r24	; 0x03
		while(__ticks)
		{
			// wait 1/10 ms
			_delay_loop_2(((F_CPU) / 4e3) / 10);
			__ticks --;
    27fc:	8d 81       	ldd	r24, Y+5	; 0x05
    27fe:	9e 81       	ldd	r25, Y+6	; 0x06
    2800:	01 97       	sbiw	r24, 0x01	; 1
    2802:	9e 83       	std	Y+6, r25	; 0x06
    2804:	8d 83       	std	Y+5, r24	; 0x05
		__ticks = 1;
	else if (__tmp > 65535)
	{
		//	__ticks = requested delay in 1/10 ms
		__ticks = (uint16_t) (__ms * 10.0);
		while(__ticks)
    2806:	8d 81       	ldd	r24, Y+5	; 0x05
    2808:	9e 81       	ldd	r25, Y+6	; 0x06
    280a:	00 97       	sbiw	r24, 0x00	; 0
    280c:	69 f7       	brne	.-38     	; 0x27e8 <LCD_displayCharacter+0x88e>
    280e:	14 c0       	rjmp	.+40     	; 0x2838 <LCD_displayCharacter+0x8de>
			__ticks --;
		}
		return;
	}
	else
		__ticks = (uint16_t)__tmp;
    2810:	6f 81       	ldd	r22, Y+7	; 0x07
    2812:	78 85       	ldd	r23, Y+8	; 0x08
    2814:	89 85       	ldd	r24, Y+9	; 0x09
    2816:	9a 85       	ldd	r25, Y+10	; 0x0a
    2818:	0e 94 49 00 	call	0x92	; 0x92 <__fixunssfsi>
    281c:	dc 01       	movw	r26, r24
    281e:	cb 01       	movw	r24, r22
    2820:	9e 83       	std	Y+6, r25	; 0x06
    2822:	8d 83       	std	Y+5, r24	; 0x05
    2824:	8d 81       	ldd	r24, Y+5	; 0x05
    2826:	9e 81       	ldd	r25, Y+6	; 0x06
    2828:	9a 83       	std	Y+2, r25	; 0x02
    282a:	89 83       	std	Y+1, r24	; 0x01
    282c:	89 81       	ldd	r24, Y+1	; 0x01
    282e:	9a 81       	ldd	r25, Y+2	; 0x02
    2830:	01 97       	sbiw	r24, 0x01	; 1
    2832:	f1 f7       	brne	.-4      	; 0x2830 <LCD_displayCharacter+0x8d6>
    2834:	9a 83       	std	Y+2, r25	; 0x02
    2836:	89 83       	std	Y+1, r24	; 0x01
	_delay_ms(1);
#endif

}
    2838:	cd 59       	subi	r28, 0x9D	; 157
    283a:	df 4f       	sbci	r29, 0xFF	; 255
    283c:	0f b6       	in	r0, 0x3f	; 63
    283e:	f8 94       	cli
    2840:	de bf       	out	0x3e, r29	; 62
    2842:	0f be       	out	0x3f, r0	; 63
    2844:	cd bf       	out	0x3d, r28	; 61
    2846:	cf 91       	pop	r28
    2848:	df 91       	pop	r29
    284a:	1f 91       	pop	r17
    284c:	0f 91       	pop	r16
    284e:	08 95       	ret

00002850 <LCD_displayStrig>:
/*
 * Description :
 * Display the required string on the screen
 */
void LCD_displayStrig(char* str)
{
    2850:	df 93       	push	r29
    2852:	cf 93       	push	r28
    2854:	00 d0       	rcall	.+0      	; 0x2856 <LCD_displayStrig+0x6>
    2856:	0f 92       	push	r0
    2858:	cd b7       	in	r28, 0x3d	; 61
    285a:	de b7       	in	r29, 0x3e	; 62
    285c:	9b 83       	std	Y+3, r25	; 0x03
    285e:	8a 83       	std	Y+2, r24	; 0x02
	uint8 i=0;
    2860:	19 82       	std	Y+1, r1	; 0x01
    2862:	0e c0       	rjmp	.+28     	; 0x2880 <LCD_displayStrig+0x30>
	for(; str[i]!='\0' ;i++)
	{
		LCD_displayCharacter(str[i]);
    2864:	89 81       	ldd	r24, Y+1	; 0x01
    2866:	28 2f       	mov	r18, r24
    2868:	30 e0       	ldi	r19, 0x00	; 0
    286a:	8a 81       	ldd	r24, Y+2	; 0x02
    286c:	9b 81       	ldd	r25, Y+3	; 0x03
    286e:	fc 01       	movw	r30, r24
    2870:	e2 0f       	add	r30, r18
    2872:	f3 1f       	adc	r31, r19
    2874:	80 81       	ld	r24, Z
    2876:	0e 94 ad 0f 	call	0x1f5a	; 0x1f5a <LCD_displayCharacter>
 * Display the required string on the screen
 */
void LCD_displayStrig(char* str)
{
	uint8 i=0;
	for(; str[i]!='\0' ;i++)
    287a:	89 81       	ldd	r24, Y+1	; 0x01
    287c:	8f 5f       	subi	r24, 0xFF	; 255
    287e:	89 83       	std	Y+1, r24	; 0x01
    2880:	89 81       	ldd	r24, Y+1	; 0x01
    2882:	28 2f       	mov	r18, r24
    2884:	30 e0       	ldi	r19, 0x00	; 0
    2886:	8a 81       	ldd	r24, Y+2	; 0x02
    2888:	9b 81       	ldd	r25, Y+3	; 0x03
    288a:	fc 01       	movw	r30, r24
    288c:	e2 0f       	add	r30, r18
    288e:	f3 1f       	adc	r31, r19
    2890:	80 81       	ld	r24, Z
    2892:	88 23       	and	r24, r24
    2894:	39 f7       	brne	.-50     	; 0x2864 <LCD_displayStrig+0x14>
	{
		LCD_displayCharacter(str[i]);
	}
}
    2896:	0f 90       	pop	r0
    2898:	0f 90       	pop	r0
    289a:	0f 90       	pop	r0
    289c:	cf 91       	pop	r28
    289e:	df 91       	pop	r29
    28a0:	08 95       	ret

000028a2 <LCD_moveCursor>:
/*
 * Description :
 * Move the cursor to a specified row and column index on the screen
 */
void LCD_moveCursor(uint8 row,uint8 col)
{
    28a2:	df 93       	push	r29
    28a4:	cf 93       	push	r28
    28a6:	00 d0       	rcall	.+0      	; 0x28a8 <LCD_moveCursor+0x6>
    28a8:	00 d0       	rcall	.+0      	; 0x28aa <LCD_moveCursor+0x8>
    28aa:	0f 92       	push	r0
    28ac:	cd b7       	in	r28, 0x3d	; 61
    28ae:	de b7       	in	r29, 0x3e	; 62
    28b0:	8a 83       	std	Y+2, r24	; 0x02
    28b2:	6b 83       	std	Y+3, r22	; 0x03
	uint8 finalPos=0;
    28b4:	19 82       	std	Y+1, r1	; 0x01
	switch(row)
    28b6:	8a 81       	ldd	r24, Y+2	; 0x02
    28b8:	28 2f       	mov	r18, r24
    28ba:	30 e0       	ldi	r19, 0x00	; 0
    28bc:	3d 83       	std	Y+5, r19	; 0x05
    28be:	2c 83       	std	Y+4, r18	; 0x04
    28c0:	8c 81       	ldd	r24, Y+4	; 0x04
    28c2:	9d 81       	ldd	r25, Y+5	; 0x05
    28c4:	81 30       	cpi	r24, 0x01	; 1
    28c6:	91 05       	cpc	r25, r1
    28c8:	c1 f0       	breq	.+48     	; 0x28fa <LCD_moveCursor+0x58>
    28ca:	2c 81       	ldd	r18, Y+4	; 0x04
    28cc:	3d 81       	ldd	r19, Y+5	; 0x05
    28ce:	22 30       	cpi	r18, 0x02	; 2
    28d0:	31 05       	cpc	r19, r1
    28d2:	2c f4       	brge	.+10     	; 0x28de <LCD_moveCursor+0x3c>
    28d4:	8c 81       	ldd	r24, Y+4	; 0x04
    28d6:	9d 81       	ldd	r25, Y+5	; 0x05
    28d8:	00 97       	sbiw	r24, 0x00	; 0
    28da:	61 f0       	breq	.+24     	; 0x28f4 <LCD_moveCursor+0x52>
    28dc:	19 c0       	rjmp	.+50     	; 0x2910 <LCD_moveCursor+0x6e>
    28de:	2c 81       	ldd	r18, Y+4	; 0x04
    28e0:	3d 81       	ldd	r19, Y+5	; 0x05
    28e2:	22 30       	cpi	r18, 0x02	; 2
    28e4:	31 05       	cpc	r19, r1
    28e6:	69 f0       	breq	.+26     	; 0x2902 <LCD_moveCursor+0x60>
    28e8:	8c 81       	ldd	r24, Y+4	; 0x04
    28ea:	9d 81       	ldd	r25, Y+5	; 0x05
    28ec:	83 30       	cpi	r24, 0x03	; 3
    28ee:	91 05       	cpc	r25, r1
    28f0:	61 f0       	breq	.+24     	; 0x290a <LCD_moveCursor+0x68>
    28f2:	0e c0       	rjmp	.+28     	; 0x2910 <LCD_moveCursor+0x6e>
	{
	case 0:
		finalPos=0x00+col;
    28f4:	8b 81       	ldd	r24, Y+3	; 0x03
    28f6:	89 83       	std	Y+1, r24	; 0x01
    28f8:	0b c0       	rjmp	.+22     	; 0x2910 <LCD_moveCursor+0x6e>
		break;
	case 1:
		finalPos=0x40+col;
    28fa:	8b 81       	ldd	r24, Y+3	; 0x03
    28fc:	80 5c       	subi	r24, 0xC0	; 192
    28fe:	89 83       	std	Y+1, r24	; 0x01
    2900:	07 c0       	rjmp	.+14     	; 0x2910 <LCD_moveCursor+0x6e>
		break;
	case 2:
		finalPos=0x10+col;
    2902:	8b 81       	ldd	r24, Y+3	; 0x03
    2904:	80 5f       	subi	r24, 0xF0	; 240
    2906:	89 83       	std	Y+1, r24	; 0x01
    2908:	03 c0       	rjmp	.+6      	; 0x2910 <LCD_moveCursor+0x6e>
		break;
	case 3:
		finalPos=0x50+col;
    290a:	8b 81       	ldd	r24, Y+3	; 0x03
    290c:	80 5b       	subi	r24, 0xB0	; 176
    290e:	89 83       	std	Y+1, r24	; 0x01
		break;
	}
	LCD_sendCommand(finalPos | LCD_SET_CURSOR_LOCATION);
    2910:	89 81       	ldd	r24, Y+1	; 0x01
    2912:	80 68       	ori	r24, 0x80	; 128
    2914:	0e 94 32 0b 	call	0x1664	; 0x1664 <LCD_sendCommand>
}
    2918:	0f 90       	pop	r0
    291a:	0f 90       	pop	r0
    291c:	0f 90       	pop	r0
    291e:	0f 90       	pop	r0
    2920:	0f 90       	pop	r0
    2922:	cf 91       	pop	r28
    2924:	df 91       	pop	r29
    2926:	08 95       	ret

00002928 <LCD_displayStringRowCol>:
/*
 * Description :
 * Display the required string in a specified row and column index on the screen
 */
void LCD_displayStringRowCol(uint8 row,uint8 col,char* str)
{
    2928:	df 93       	push	r29
    292a:	cf 93       	push	r28
    292c:	00 d0       	rcall	.+0      	; 0x292e <LCD_displayStringRowCol+0x6>
    292e:	00 d0       	rcall	.+0      	; 0x2930 <LCD_displayStringRowCol+0x8>
    2930:	cd b7       	in	r28, 0x3d	; 61
    2932:	de b7       	in	r29, 0x3e	; 62
    2934:	89 83       	std	Y+1, r24	; 0x01
    2936:	6a 83       	std	Y+2, r22	; 0x02
    2938:	5c 83       	std	Y+4, r21	; 0x04
    293a:	4b 83       	std	Y+3, r20	; 0x03
	LCD_moveCursor(row, col);
    293c:	89 81       	ldd	r24, Y+1	; 0x01
    293e:	6a 81       	ldd	r22, Y+2	; 0x02
    2940:	0e 94 51 14 	call	0x28a2	; 0x28a2 <LCD_moveCursor>
	LCD_displayStrig(str);
    2944:	8b 81       	ldd	r24, Y+3	; 0x03
    2946:	9c 81       	ldd	r25, Y+4	; 0x04
    2948:	0e 94 28 14 	call	0x2850	; 0x2850 <LCD_displayStrig>
}
    294c:	0f 90       	pop	r0
    294e:	0f 90       	pop	r0
    2950:	0f 90       	pop	r0
    2952:	0f 90       	pop	r0
    2954:	cf 91       	pop	r28
    2956:	df 91       	pop	r29
    2958:	08 95       	ret

0000295a <LCD_clearScrean>:
/*
 * Description :
 * Send the clear screen command
 */
void LCD_clearScrean()
{
    295a:	df 93       	push	r29
    295c:	cf 93       	push	r28
    295e:	cd b7       	in	r28, 0x3d	; 61
    2960:	de b7       	in	r29, 0x3e	; 62
	LCD_sendCommand(LCD_CLEAR_COMMAND);
    2962:	81 e0       	ldi	r24, 0x01	; 1
    2964:	0e 94 32 0b 	call	0x1664	; 0x1664 <LCD_sendCommand>
}
    2968:	cf 91       	pop	r28
    296a:	df 91       	pop	r29
    296c:	08 95       	ret

0000296e <LCD_integrToString>:
/*
 * Description :
 * Display the required decimal value on the screen
 */
void LCD_integrToString(uint8 data)
{
    296e:	df 93       	push	r29
    2970:	cf 93       	push	r28
    2972:	cd b7       	in	r28, 0x3d	; 61
    2974:	de b7       	in	r29, 0x3e	; 62
    2976:	61 97       	sbiw	r28, 0x11	; 17
    2978:	0f b6       	in	r0, 0x3f	; 63
    297a:	f8 94       	cli
    297c:	de bf       	out	0x3e, r29	; 62
    297e:	0f be       	out	0x3f, r0	; 63
    2980:	cd bf       	out	0x3d, r28	; 61
    2982:	89 8b       	std	Y+17, r24	; 0x11
	char str[16];
	itoa(data,str,10);
    2984:	89 89       	ldd	r24, Y+17	; 0x11
    2986:	88 2f       	mov	r24, r24
    2988:	90 e0       	ldi	r25, 0x00	; 0
    298a:	9e 01       	movw	r18, r28
    298c:	2f 5f       	subi	r18, 0xFF	; 255
    298e:	3f 4f       	sbci	r19, 0xFF	; 255
    2990:	b9 01       	movw	r22, r18
    2992:	4a e0       	ldi	r20, 0x0A	; 10
    2994:	50 e0       	ldi	r21, 0x00	; 0
    2996:	0e 94 5d 1c 	call	0x38ba	; 0x38ba <itoa>
	LCD_displayStrig(str);
    299a:	ce 01       	movw	r24, r28
    299c:	01 96       	adiw	r24, 0x01	; 1
    299e:	0e 94 28 14 	call	0x2850	; 0x2850 <LCD_displayStrig>
}
    29a2:	61 96       	adiw	r28, 0x11	; 17
    29a4:	0f b6       	in	r0, 0x3f	; 63
    29a6:	f8 94       	cli
    29a8:	de bf       	out	0x3e, r29	; 62
    29aa:	0f be       	out	0x3f, r0	; 63
    29ac:	cd bf       	out	0x3d, r28	; 61
    29ae:	cf 91       	pop	r28
    29b0:	df 91       	pop	r29
    29b2:	08 95       	ret

000029b4 <FunToTimer_Door>:
 *                         Timer CallBack Function                             *
 *******************************************************************************/

uint8 tick_door=0;
void FunToTimer_Door()
{
    29b4:	df 93       	push	r29
    29b6:	cf 93       	push	r28
    29b8:	cd b7       	in	r28, 0x3d	; 61
    29ba:	de b7       	in	r29, 0x3e	; 62
	tick_door++;
    29bc:	80 91 37 01 	lds	r24, 0x0137
    29c0:	8f 5f       	subi	r24, 0xFF	; 255
    29c2:	80 93 37 01 	sts	0x0137, r24
	if(tick_door < 15)
    29c6:	80 91 37 01 	lds	r24, 0x0137
    29ca:	8f 30       	cpi	r24, 0x0F	; 15
    29cc:	c8 f4       	brcc	.+50     	; 0x2a00 <FunToTimer_Door+0x4c>
	{
		if(!internal_ISR_flag_Door1)
    29ce:	80 91 34 01 	lds	r24, 0x0134
    29d2:	88 23       	and	r24, r24
    29d4:	09 f0       	breq	.+2      	; 0x29d8 <FunToTimer_Door+0x24>
    29d6:	64 c0       	rjmp	.+200    	; 0x2aa0 <FunToTimer_Door+0xec>
		{
			LCD_sendCommand(LCD_CLEAR_COMMAND);
    29d8:	81 e0       	ldi	r24, 0x01	; 1
    29da:	0e 94 32 0b 	call	0x1664	; 0x1664 <LCD_sendCommand>
			LCD_moveCursor(0, 0);
    29de:	80 e0       	ldi	r24, 0x00	; 0
    29e0:	60 e0       	ldi	r22, 0x00	; 0
    29e2:	0e 94 51 14 	call	0x28a2	; 0x28a2 <LCD_moveCursor>
			LCD_displayStrig("Door is Unlocking");
    29e6:	80 e6       	ldi	r24, 0x60	; 96
    29e8:	90 e0       	ldi	r25, 0x00	; 0
    29ea:	0e 94 28 14 	call	0x2850	; 0x2850 <LCD_displayStrig>
			internal_ISR_flag_Door1=1;
    29ee:	81 e0       	ldi	r24, 0x01	; 1
    29f0:	80 93 34 01 	sts	0x0134, r24
			external_ISR_flag_Door+=2;
    29f4:	80 91 1a 01 	lds	r24, 0x011A
    29f8:	8e 5f       	subi	r24, 0xFE	; 254
    29fa:	80 93 1a 01 	sts	0x011A, r24
    29fe:	50 c0       	rjmp	.+160    	; 0x2aa0 <FunToTimer_Door+0xec>
		}
	}
	else if(15<=tick_door && tick_door<18)
    2a00:	80 91 37 01 	lds	r24, 0x0137
    2a04:	8f 30       	cpi	r24, 0x0F	; 15
    2a06:	e8 f0       	brcs	.+58     	; 0x2a42 <FunToTimer_Door+0x8e>
    2a08:	80 91 37 01 	lds	r24, 0x0137
    2a0c:	82 31       	cpi	r24, 0x12	; 18
    2a0e:	c8 f4       	brcc	.+50     	; 0x2a42 <FunToTimer_Door+0x8e>
	{
		if(!internal_ISR_flag_Door2)
    2a10:	80 91 35 01 	lds	r24, 0x0135
    2a14:	88 23       	and	r24, r24
    2a16:	09 f0       	breq	.+2      	; 0x2a1a <FunToTimer_Door+0x66>
    2a18:	43 c0       	rjmp	.+134    	; 0x2aa0 <FunToTimer_Door+0xec>
		{
			LCD_sendCommand(LCD_CLEAR_COMMAND);
    2a1a:	81 e0       	ldi	r24, 0x01	; 1
    2a1c:	0e 94 32 0b 	call	0x1664	; 0x1664 <LCD_sendCommand>
			LCD_moveCursor(0, 0);
    2a20:	80 e0       	ldi	r24, 0x00	; 0
    2a22:	60 e0       	ldi	r22, 0x00	; 0
    2a24:	0e 94 51 14 	call	0x28a2	; 0x28a2 <LCD_moveCursor>
			LCD_displayStrig("Door is Open");
    2a28:	82 e7       	ldi	r24, 0x72	; 114
    2a2a:	90 e0       	ldi	r25, 0x00	; 0
    2a2c:	0e 94 28 14 	call	0x2850	; 0x2850 <LCD_displayStrig>
			internal_ISR_flag_Door2=1;
    2a30:	81 e0       	ldi	r24, 0x01	; 1
    2a32:	80 93 35 01 	sts	0x0135, r24
			external_ISR_flag_Door+=2;
    2a36:	80 91 1a 01 	lds	r24, 0x011A
    2a3a:	8e 5f       	subi	r24, 0xFE	; 254
    2a3c:	80 93 1a 01 	sts	0x011A, r24
    2a40:	2f c0       	rjmp	.+94     	; 0x2aa0 <FunToTimer_Door+0xec>
		}
	}
	else if(18<=tick_door && tick_door<33)
    2a42:	80 91 37 01 	lds	r24, 0x0137
    2a46:	82 31       	cpi	r24, 0x12	; 18
    2a48:	e0 f0       	brcs	.+56     	; 0x2a82 <FunToTimer_Door+0xce>
    2a4a:	80 91 37 01 	lds	r24, 0x0137
    2a4e:	81 32       	cpi	r24, 0x21	; 33
    2a50:	c0 f4       	brcc	.+48     	; 0x2a82 <FunToTimer_Door+0xce>
	{
		if(!internal_ISR_flag_Door3)
    2a52:	80 91 36 01 	lds	r24, 0x0136
    2a56:	88 23       	and	r24, r24
    2a58:	19 f5       	brne	.+70     	; 0x2aa0 <FunToTimer_Door+0xec>
		{
			LCD_sendCommand(LCD_CLEAR_COMMAND);
    2a5a:	81 e0       	ldi	r24, 0x01	; 1
    2a5c:	0e 94 32 0b 	call	0x1664	; 0x1664 <LCD_sendCommand>
			LCD_moveCursor(0, 0);
    2a60:	80 e0       	ldi	r24, 0x00	; 0
    2a62:	60 e0       	ldi	r22, 0x00	; 0
    2a64:	0e 94 51 14 	call	0x28a2	; 0x28a2 <LCD_moveCursor>
			LCD_displayStrig("Door is Locking");
    2a68:	8f e7       	ldi	r24, 0x7F	; 127
    2a6a:	90 e0       	ldi	r25, 0x00	; 0
    2a6c:	0e 94 28 14 	call	0x2850	; 0x2850 <LCD_displayStrig>
			internal_ISR_flag_Door3=1;
    2a70:	81 e0       	ldi	r24, 0x01	; 1
    2a72:	80 93 36 01 	sts	0x0136, r24
			external_ISR_flag_Door+=2;
    2a76:	80 91 1a 01 	lds	r24, 0x011A
    2a7a:	8e 5f       	subi	r24, 0xFE	; 254
    2a7c:	80 93 1a 01 	sts	0x011A, r24
    2a80:	0f c0       	rjmp	.+30     	; 0x2aa0 <FunToTimer_Door+0xec>
		}
	}
	else
	{
		tick_door=0;
    2a82:	10 92 37 01 	sts	0x0137, r1
		internal_ISR_flag_Door1=0;
    2a86:	10 92 34 01 	sts	0x0134, r1
		internal_ISR_flag_Door2=0;
    2a8a:	10 92 35 01 	sts	0x0135, r1
		internal_ISR_flag_Door3=0;
    2a8e:	10 92 36 01 	sts	0x0136, r1
		external_ISR_flag_Door++;
    2a92:	80 91 1a 01 	lds	r24, 0x011A
    2a96:	8f 5f       	subi	r24, 0xFF	; 255
    2a98:	80 93 1a 01 	sts	0x011A, r24
		TIMER1_deinit();
    2a9c:	0e 94 7f 1a 	call	0x34fe	; 0x34fe <TIMER1_deinit>
	}
}
    2aa0:	cf 91       	pop	r28
    2aa2:	df 91       	pop	r29
    2aa4:	08 95       	ret

00002aa6 <FunToTimer_3Errors>:


uint8 tick=0;
void FunToTimer_3Errors()
{
    2aa6:	df 93       	push	r29
    2aa8:	cf 93       	push	r28
    2aaa:	cd b7       	in	r28, 0x3d	; 61
    2aac:	de b7       	in	r29, 0x3e	; 62
	tick++;
    2aae:	80 91 38 01 	lds	r24, 0x0138
    2ab2:	8f 5f       	subi	r24, 0xFF	; 255
    2ab4:	80 93 38 01 	sts	0x0138, r24
	if(!internal_ISR_flag)
    2ab8:	80 91 33 01 	lds	r24, 0x0133
    2abc:	88 23       	and	r24, r24
    2abe:	99 f4       	brne	.+38     	; 0x2ae6 <FunToTimer_3Errors+0x40>
	{
		LCD_sendCommand(LCD_CLEAR_COMMAND);
    2ac0:	81 e0       	ldi	r24, 0x01	; 1
    2ac2:	0e 94 32 0b 	call	0x1664	; 0x1664 <LCD_sendCommand>
		LCD_moveCursor(0, 0);
    2ac6:	80 e0       	ldi	r24, 0x00	; 0
    2ac8:	60 e0       	ldi	r22, 0x00	; 0
    2aca:	0e 94 51 14 	call	0x28a2	; 0x28a2 <LCD_moveCursor>
		LCD_displayStrig("ErrorErrorError");
    2ace:	8f e8       	ldi	r24, 0x8F	; 143
    2ad0:	90 e0       	ldi	r25, 0x00	; 0
    2ad2:	0e 94 28 14 	call	0x2850	; 0x2850 <LCD_displayStrig>
		internal_ISR_flag=1;
    2ad6:	81 e0       	ldi	r24, 0x01	; 1
    2ad8:	80 93 33 01 	sts	0x0133, r24
		external_ISR_flag+=2;
    2adc:	80 91 19 01 	lds	r24, 0x0119
    2ae0:	8e 5f       	subi	r24, 0xFE	; 254
    2ae2:	80 93 19 01 	sts	0x0119, r24
	}
	if(tick==60)
    2ae6:	80 91 38 01 	lds	r24, 0x0138
    2aea:	8c 33       	cpi	r24, 0x3C	; 60
    2aec:	49 f4       	brne	.+18     	; 0x2b00 <FunToTimer_3Errors+0x5a>
	{
		internal_ISR_flag=0;
    2aee:	10 92 33 01 	sts	0x0133, r1
		external_ISR_flag++;
    2af2:	80 91 19 01 	lds	r24, 0x0119
    2af6:	8f 5f       	subi	r24, 0xFF	; 255
    2af8:	80 93 19 01 	sts	0x0119, r24
		TIMER1_deinit();
    2afc:	0e 94 7f 1a 	call	0x34fe	; 0x34fe <TIMER1_deinit>
	}
}
    2b00:	cf 91       	pop	r28
    2b02:	df 91       	pop	r29
    2b04:	08 95       	ret

00002b06 <GetThePassword>:
/*******************************************************************************
 *                         Functions Used In Main                              *
 *******************************************************************************/

void GetThePassword(uint8 arr[])
{
    2b06:	0f 93       	push	r16
    2b08:	1f 93       	push	r17
    2b0a:	df 93       	push	r29
    2b0c:	cf 93       	push	r28
    2b0e:	cd b7       	in	r28, 0x3d	; 61
    2b10:	de b7       	in	r29, 0x3e	; 62
    2b12:	62 97       	sbiw	r28, 0x12	; 18
    2b14:	0f b6       	in	r0, 0x3f	; 63
    2b16:	f8 94       	cli
    2b18:	de bf       	out	0x3e, r29	; 62
    2b1a:	0f be       	out	0x3f, r0	; 63
    2b1c:	cd bf       	out	0x3d, r28	; 61
    2b1e:	9a 8b       	std	Y+18, r25	; 0x12
    2b20:	89 8b       	std	Y+17, r24	; 0x11
	for(int i=0;i<5;i++)
    2b22:	18 8a       	std	Y+16, r1	; 0x10
    2b24:	1f 86       	std	Y+15, r1	; 0x0f
    2b26:	85 c0       	rjmp	.+266    	; 0x2c32 <GetThePassword+0x12c>
	{
		arr[i]=KEYPAD_getPressedKey();
    2b28:	2f 85       	ldd	r18, Y+15	; 0x0f
    2b2a:	38 89       	ldd	r19, Y+16	; 0x10
    2b2c:	89 89       	ldd	r24, Y+17	; 0x11
    2b2e:	9a 89       	ldd	r25, Y+18	; 0x12
    2b30:	8c 01       	movw	r16, r24
    2b32:	02 0f       	add	r16, r18
    2b34:	13 1f       	adc	r17, r19
    2b36:	0e 94 ea 08 	call	0x11d4	; 0x11d4 <KEYPAD_getPressedKey>
    2b3a:	f8 01       	movw	r30, r16
    2b3c:	80 83       	st	Z, r24
		LCD_displayCharacter('*');
    2b3e:	8a e2       	ldi	r24, 0x2A	; 42
    2b40:	0e 94 ad 0f 	call	0x1f5a	; 0x1f5a <LCD_displayCharacter>
    2b44:	80 e0       	ldi	r24, 0x00	; 0
    2b46:	90 e0       	ldi	r25, 0x00	; 0
    2b48:	a8 ec       	ldi	r26, 0xC8	; 200
    2b4a:	b3 e4       	ldi	r27, 0x43	; 67
    2b4c:	8b 87       	std	Y+11, r24	; 0x0b
    2b4e:	9c 87       	std	Y+12, r25	; 0x0c
    2b50:	ad 87       	std	Y+13, r26	; 0x0d
    2b52:	be 87       	std	Y+14, r27	; 0x0e
 */
void
_delay_ms(double __ms)
{
	uint16_t __ticks;
	double __tmp = ((F_CPU) / 4e3) * __ms;
    2b54:	6b 85       	ldd	r22, Y+11	; 0x0b
    2b56:	7c 85       	ldd	r23, Y+12	; 0x0c
    2b58:	8d 85       	ldd	r24, Y+13	; 0x0d
    2b5a:	9e 85       	ldd	r25, Y+14	; 0x0e
    2b5c:	20 e0       	ldi	r18, 0x00	; 0
    2b5e:	30 e0       	ldi	r19, 0x00	; 0
    2b60:	4a ef       	ldi	r20, 0xFA	; 250
    2b62:	54 e4       	ldi	r21, 0x44	; 68
    2b64:	0e 94 1f 02 	call	0x43e	; 0x43e <__mulsf3>
    2b68:	dc 01       	movw	r26, r24
    2b6a:	cb 01       	movw	r24, r22
    2b6c:	8f 83       	std	Y+7, r24	; 0x07
    2b6e:	98 87       	std	Y+8, r25	; 0x08
    2b70:	a9 87       	std	Y+9, r26	; 0x09
    2b72:	ba 87       	std	Y+10, r27	; 0x0a
	if (__tmp < 1.0)
    2b74:	6f 81       	ldd	r22, Y+7	; 0x07
    2b76:	78 85       	ldd	r23, Y+8	; 0x08
    2b78:	89 85       	ldd	r24, Y+9	; 0x09
    2b7a:	9a 85       	ldd	r25, Y+10	; 0x0a
    2b7c:	20 e0       	ldi	r18, 0x00	; 0
    2b7e:	30 e0       	ldi	r19, 0x00	; 0
    2b80:	40 e8       	ldi	r20, 0x80	; 128
    2b82:	5f e3       	ldi	r21, 0x3F	; 63
    2b84:	0e 94 79 03 	call	0x6f2	; 0x6f2 <__ltsf2>
    2b88:	88 23       	and	r24, r24
    2b8a:	2c f4       	brge	.+10     	; 0x2b96 <GetThePassword+0x90>
		__ticks = 1;
    2b8c:	81 e0       	ldi	r24, 0x01	; 1
    2b8e:	90 e0       	ldi	r25, 0x00	; 0
    2b90:	9e 83       	std	Y+6, r25	; 0x06
    2b92:	8d 83       	std	Y+5, r24	; 0x05
    2b94:	3f c0       	rjmp	.+126    	; 0x2c14 <GetThePassword+0x10e>
	else if (__tmp > 65535)
    2b96:	6f 81       	ldd	r22, Y+7	; 0x07
    2b98:	78 85       	ldd	r23, Y+8	; 0x08
    2b9a:	89 85       	ldd	r24, Y+9	; 0x09
    2b9c:	9a 85       	ldd	r25, Y+10	; 0x0a
    2b9e:	20 e0       	ldi	r18, 0x00	; 0
    2ba0:	3f ef       	ldi	r19, 0xFF	; 255
    2ba2:	4f e7       	ldi	r20, 0x7F	; 127
    2ba4:	57 e4       	ldi	r21, 0x47	; 71
    2ba6:	0e 94 19 03 	call	0x632	; 0x632 <__gtsf2>
    2baa:	18 16       	cp	r1, r24
    2bac:	4c f5       	brge	.+82     	; 0x2c00 <GetThePassword+0xfa>
	{
		//	__ticks = requested delay in 1/10 ms
		__ticks = (uint16_t) (__ms * 10.0);
    2bae:	6b 85       	ldd	r22, Y+11	; 0x0b
    2bb0:	7c 85       	ldd	r23, Y+12	; 0x0c
    2bb2:	8d 85       	ldd	r24, Y+13	; 0x0d
    2bb4:	9e 85       	ldd	r25, Y+14	; 0x0e
    2bb6:	20 e0       	ldi	r18, 0x00	; 0
    2bb8:	30 e0       	ldi	r19, 0x00	; 0
    2bba:	40 e2       	ldi	r20, 0x20	; 32
    2bbc:	51 e4       	ldi	r21, 0x41	; 65
    2bbe:	0e 94 1f 02 	call	0x43e	; 0x43e <__mulsf3>
    2bc2:	dc 01       	movw	r26, r24
    2bc4:	cb 01       	movw	r24, r22
    2bc6:	bc 01       	movw	r22, r24
    2bc8:	cd 01       	movw	r24, r26
    2bca:	0e 94 49 00 	call	0x92	; 0x92 <__fixunssfsi>
    2bce:	dc 01       	movw	r26, r24
    2bd0:	cb 01       	movw	r24, r22
    2bd2:	9e 83       	std	Y+6, r25	; 0x06
    2bd4:	8d 83       	std	Y+5, r24	; 0x05
    2bd6:	0f c0       	rjmp	.+30     	; 0x2bf6 <GetThePassword+0xf0>
    2bd8:	88 ec       	ldi	r24, 0xC8	; 200
    2bda:	90 e0       	ldi	r25, 0x00	; 0
    2bdc:	9c 83       	std	Y+4, r25	; 0x04
    2bde:	8b 83       	std	Y+3, r24	; 0x03
    2be0:	8b 81       	ldd	r24, Y+3	; 0x03
    2be2:	9c 81       	ldd	r25, Y+4	; 0x04
    2be4:	01 97       	sbiw	r24, 0x01	; 1
    2be6:	f1 f7       	brne	.-4      	; 0x2be4 <GetThePassword+0xde>
    2be8:	9c 83       	std	Y+4, r25	; 0x04
    2bea:	8b 83       	std	Y+3, r24	; 0x03
		while(__ticks)
		{
			// wait 1/10 ms
			_delay_loop_2(((F_CPU) / 4e3) / 10);
			__ticks --;
    2bec:	8d 81       	ldd	r24, Y+5	; 0x05
    2bee:	9e 81       	ldd	r25, Y+6	; 0x06
    2bf0:	01 97       	sbiw	r24, 0x01	; 1
    2bf2:	9e 83       	std	Y+6, r25	; 0x06
    2bf4:	8d 83       	std	Y+5, r24	; 0x05
		__ticks = 1;
	else if (__tmp > 65535)
	{
		//	__ticks = requested delay in 1/10 ms
		__ticks = (uint16_t) (__ms * 10.0);
		while(__ticks)
    2bf6:	8d 81       	ldd	r24, Y+5	; 0x05
    2bf8:	9e 81       	ldd	r25, Y+6	; 0x06
    2bfa:	00 97       	sbiw	r24, 0x00	; 0
    2bfc:	69 f7       	brne	.-38     	; 0x2bd8 <GetThePassword+0xd2>
    2bfe:	14 c0       	rjmp	.+40     	; 0x2c28 <GetThePassword+0x122>
			__ticks --;
		}
		return;
	}
	else
		__ticks = (uint16_t)__tmp;
    2c00:	6f 81       	ldd	r22, Y+7	; 0x07
    2c02:	78 85       	ldd	r23, Y+8	; 0x08
    2c04:	89 85       	ldd	r24, Y+9	; 0x09
    2c06:	9a 85       	ldd	r25, Y+10	; 0x0a
    2c08:	0e 94 49 00 	call	0x92	; 0x92 <__fixunssfsi>
    2c0c:	dc 01       	movw	r26, r24
    2c0e:	cb 01       	movw	r24, r22
    2c10:	9e 83       	std	Y+6, r25	; 0x06
    2c12:	8d 83       	std	Y+5, r24	; 0x05
    2c14:	8d 81       	ldd	r24, Y+5	; 0x05
    2c16:	9e 81       	ldd	r25, Y+6	; 0x06
    2c18:	9a 83       	std	Y+2, r25	; 0x02
    2c1a:	89 83       	std	Y+1, r24	; 0x01
    2c1c:	89 81       	ldd	r24, Y+1	; 0x01
    2c1e:	9a 81       	ldd	r25, Y+2	; 0x02
    2c20:	01 97       	sbiw	r24, 0x01	; 1
    2c22:	f1 f7       	brne	.-4      	; 0x2c20 <GetThePassword+0x11a>
    2c24:	9a 83       	std	Y+2, r25	; 0x02
    2c26:	89 83       	std	Y+1, r24	; 0x01
 *                         Functions Used In Main                              *
 *******************************************************************************/

void GetThePassword(uint8 arr[])
{
	for(int i=0;i<5;i++)
    2c28:	8f 85       	ldd	r24, Y+15	; 0x0f
    2c2a:	98 89       	ldd	r25, Y+16	; 0x10
    2c2c:	01 96       	adiw	r24, 0x01	; 1
    2c2e:	98 8b       	std	Y+16, r25	; 0x10
    2c30:	8f 87       	std	Y+15, r24	; 0x0f
    2c32:	8f 85       	ldd	r24, Y+15	; 0x0f
    2c34:	98 89       	ldd	r25, Y+16	; 0x10
    2c36:	85 30       	cpi	r24, 0x05	; 5
    2c38:	91 05       	cpc	r25, r1
    2c3a:	0c f4       	brge	.+2      	; 0x2c3e <GetThePassword+0x138>
    2c3c:	75 cf       	rjmp	.-278    	; 0x2b28 <GetThePassword+0x22>
	{
		arr[i]=KEYPAD_getPressedKey();
		LCD_displayCharacter('*');
		_delay_ms(400);
	}
	arr[5]='#';
    2c3e:	89 89       	ldd	r24, Y+17	; 0x11
    2c40:	9a 89       	ldd	r25, Y+18	; 0x12
    2c42:	fc 01       	movw	r30, r24
    2c44:	35 96       	adiw	r30, 0x05	; 5
    2c46:	83 e2       	ldi	r24, 0x23	; 35
    2c48:	80 83       	st	Z, r24
	while(KEYPAD_getPressedKey()!=ENTER_KEY);
    2c4a:	0e 94 ea 08 	call	0x11d4	; 0x11d4 <KEYPAD_getPressedKey>
    2c4e:	8d 33       	cpi	r24, 0x3D	; 61
    2c50:	e1 f7       	brne	.-8      	; 0x2c4a <GetThePassword+0x144>
}
    2c52:	62 96       	adiw	r28, 0x12	; 18
    2c54:	0f b6       	in	r0, 0x3f	; 63
    2c56:	f8 94       	cli
    2c58:	de bf       	out	0x3e, r29	; 62
    2c5a:	0f be       	out	0x3f, r0	; 63
    2c5c:	cd bf       	out	0x3d, r28	; 61
    2c5e:	cf 91       	pop	r28
    2c60:	df 91       	pop	r29
    2c62:	1f 91       	pop	r17
    2c64:	0f 91       	pop	r16
    2c66:	08 95       	ret

00002c68 <GetTheFirstAndTheSecondPasswords>:

void GetTheFirstAndTheSecondPasswords()
{
    2c68:	df 93       	push	r29
    2c6a:	cf 93       	push	r28
    2c6c:	cd b7       	in	r28, 0x3d	; 61
    2c6e:	de b7       	in	r29, 0x3e	; 62
	LCD_sendCommand(LCD_CLEAR_COMMAND);
    2c70:	81 e0       	ldi	r24, 0x01	; 1
    2c72:	0e 94 32 0b 	call	0x1664	; 0x1664 <LCD_sendCommand>
	LCD_moveCursor(0, 0);
    2c76:	80 e0       	ldi	r24, 0x00	; 0
    2c78:	60 e0       	ldi	r22, 0x00	; 0
    2c7a:	0e 94 51 14 	call	0x28a2	; 0x28a2 <LCD_moveCursor>
	LCD_displayStrig("plz enter pass: ");
    2c7e:	8f e9       	ldi	r24, 0x9F	; 159
    2c80:	90 e0       	ldi	r25, 0x00	; 0
    2c82:	0e 94 28 14 	call	0x2850	; 0x2850 <LCD_displayStrig>
	LCD_moveCursor(1, 0);
    2c86:	81 e0       	ldi	r24, 0x01	; 1
    2c88:	60 e0       	ldi	r22, 0x00	; 0
    2c8a:	0e 94 51 14 	call	0x28a2	; 0x28a2 <LCD_moveCursor>
	GetThePassword(First_Password);
    2c8e:	80 e4       	ldi	r24, 0x40	; 64
    2c90:	91 e0       	ldi	r25, 0x01	; 1
    2c92:	0e 94 83 15 	call	0x2b06	; 0x2b06 <GetThePassword>
	LCD_sendCommand(LCD_CLEAR_COMMAND);
    2c96:	81 e0       	ldi	r24, 0x01	; 1
    2c98:	0e 94 32 0b 	call	0x1664	; 0x1664 <LCD_sendCommand>
	LCD_moveCursor(0, 0);
    2c9c:	80 e0       	ldi	r24, 0x00	; 0
    2c9e:	60 e0       	ldi	r22, 0x00	; 0
    2ca0:	0e 94 51 14 	call	0x28a2	; 0x28a2 <LCD_moveCursor>
	LCD_displayStrig("plz re-enter the");
    2ca4:	80 eb       	ldi	r24, 0xB0	; 176
    2ca6:	90 e0       	ldi	r25, 0x00	; 0
    2ca8:	0e 94 28 14 	call	0x2850	; 0x2850 <LCD_displayStrig>
	LCD_moveCursor(1, 0);
    2cac:	81 e0       	ldi	r24, 0x01	; 1
    2cae:	60 e0       	ldi	r22, 0x00	; 0
    2cb0:	0e 94 51 14 	call	0x28a2	; 0x28a2 <LCD_moveCursor>
	LCD_displayStrig("same pass:");
    2cb4:	81 ec       	ldi	r24, 0xC1	; 193
    2cb6:	90 e0       	ldi	r25, 0x00	; 0
    2cb8:	0e 94 28 14 	call	0x2850	; 0x2850 <LCD_displayStrig>
	GetThePassword(Second_Password);
    2cbc:	87 e4       	ldi	r24, 0x47	; 71
    2cbe:	91 e0       	ldi	r25, 0x01	; 1
    2cc0:	0e 94 83 15 	call	0x2b06	; 0x2b06 <GetThePassword>
}
    2cc4:	cf 91       	pop	r28
    2cc6:	df 91       	pop	r29
    2cc8:	08 95       	ret

00002cca <EnterThePassword>:

void EnterThePassword()
{
    2cca:	df 93       	push	r29
    2ccc:	cf 93       	push	r28
    2cce:	cd b7       	in	r28, 0x3d	; 61
    2cd0:	de b7       	in	r29, 0x3e	; 62
	LCD_sendCommand(LCD_CLEAR_COMMAND);
    2cd2:	81 e0       	ldi	r24, 0x01	; 1
    2cd4:	0e 94 32 0b 	call	0x1664	; 0x1664 <LCD_sendCommand>
	LCD_moveCursor(0, 0);
    2cd8:	80 e0       	ldi	r24, 0x00	; 0
    2cda:	60 e0       	ldi	r22, 0x00	; 0
    2cdc:	0e 94 51 14 	call	0x28a2	; 0x28a2 <LCD_moveCursor>
	LCD_displayStrig("plz enter pass: ");
    2ce0:	8f e9       	ldi	r24, 0x9F	; 159
    2ce2:	90 e0       	ldi	r25, 0x00	; 0
    2ce4:	0e 94 28 14 	call	0x2850	; 0x2850 <LCD_displayStrig>
	LCD_moveCursor(1, 0);
    2ce8:	81 e0       	ldi	r24, 0x01	; 1
    2cea:	60 e0       	ldi	r22, 0x00	; 0
    2cec:	0e 94 51 14 	call	0x28a2	; 0x28a2 <LCD_moveCursor>
	GetThePassword(Operating_Password);
    2cf0:	89 e3       	ldi	r24, 0x39	; 57
    2cf2:	91 e0       	ldi	r25, 0x01	; 1
    2cf4:	0e 94 83 15 	call	0x2b06	; 0x2b06 <GetThePassword>
}
    2cf8:	cf 91       	pop	r28
    2cfa:	df 91       	pop	r29
    2cfc:	08 95       	ret

00002cfe <EnterTheOldPassword>:

void EnterTheOldPassword()
{
    2cfe:	df 93       	push	r29
    2d00:	cf 93       	push	r28
    2d02:	cd b7       	in	r28, 0x3d	; 61
    2d04:	de b7       	in	r29, 0x3e	; 62
	LCD_sendCommand(LCD_CLEAR_COMMAND);
    2d06:	81 e0       	ldi	r24, 0x01	; 1
    2d08:	0e 94 32 0b 	call	0x1664	; 0x1664 <LCD_sendCommand>
	LCD_moveCursor(0, 0);
    2d0c:	80 e0       	ldi	r24, 0x00	; 0
    2d0e:	60 e0       	ldi	r22, 0x00	; 0
    2d10:	0e 94 51 14 	call	0x28a2	; 0x28a2 <LCD_moveCursor>
	LCD_displayStrig("plz the pass: ");
    2d14:	8c ec       	ldi	r24, 0xCC	; 204
    2d16:	90 e0       	ldi	r25, 0x00	; 0
    2d18:	0e 94 28 14 	call	0x2850	; 0x2850 <LCD_displayStrig>
	LCD_moveCursor(1, 0);
    2d1c:	81 e0       	ldi	r24, 0x01	; 1
    2d1e:	60 e0       	ldi	r22, 0x00	; 0
    2d20:	0e 94 51 14 	call	0x28a2	; 0x28a2 <LCD_moveCursor>
	GetThePassword(Operating_Password);
    2d24:	89 e3       	ldi	r24, 0x39	; 57
    2d26:	91 e0       	ldi	r25, 0x01	; 1
    2d28:	0e 94 83 15 	call	0x2b06	; 0x2b06 <GetThePassword>
}
    2d2c:	cf 91       	pop	r28
    2d2e:	df 91       	pop	r29
    2d30:	08 95       	ret

00002d32 <MainOptions>:

void MainOptions()
{
    2d32:	df 93       	push	r29
    2d34:	cf 93       	push	r28
    2d36:	cd b7       	in	r28, 0x3d	; 61
    2d38:	de b7       	in	r29, 0x3e	; 62
	LCD_sendCommand(LCD_CLEAR_COMMAND);
    2d3a:	81 e0       	ldi	r24, 0x01	; 1
    2d3c:	0e 94 32 0b 	call	0x1664	; 0x1664 <LCD_sendCommand>
	LCD_moveCursor(0, 0);
    2d40:	80 e0       	ldi	r24, 0x00	; 0
    2d42:	60 e0       	ldi	r22, 0x00	; 0
    2d44:	0e 94 51 14 	call	0x28a2	; 0x28a2 <LCD_moveCursor>
	LCD_displayStrig("+ : Open Door");
    2d48:	8b ed       	ldi	r24, 0xDB	; 219
    2d4a:	90 e0       	ldi	r25, 0x00	; 0
    2d4c:	0e 94 28 14 	call	0x2850	; 0x2850 <LCD_displayStrig>
	LCD_moveCursor(1, 0);
    2d50:	81 e0       	ldi	r24, 0x01	; 1
    2d52:	60 e0       	ldi	r22, 0x00	; 0
    2d54:	0e 94 51 14 	call	0x28a2	; 0x28a2 <LCD_moveCursor>
	LCD_displayStrig("- : Change Pass");
    2d58:	89 ee       	ldi	r24, 0xE9	; 233
    2d5a:	90 e0       	ldi	r25, 0x00	; 0
    2d5c:	0e 94 28 14 	call	0x2850	; 0x2850 <LCD_displayStrig>
}
    2d60:	cf 91       	pop	r28
    2d62:	df 91       	pop	r29
    2d64:	08 95       	ret

00002d66 <DisplayRight>:

void DisplayRight()
{
    2d66:	df 93       	push	r29
    2d68:	cf 93       	push	r28
    2d6a:	cd b7       	in	r28, 0x3d	; 61
    2d6c:	de b7       	in	r29, 0x3e	; 62
    2d6e:	2e 97       	sbiw	r28, 0x0e	; 14
    2d70:	0f b6       	in	r0, 0x3f	; 63
    2d72:	f8 94       	cli
    2d74:	de bf       	out	0x3e, r29	; 62
    2d76:	0f be       	out	0x3f, r0	; 63
    2d78:	cd bf       	out	0x3d, r28	; 61
	LCD_sendCommand(LCD_CLEAR_COMMAND);
    2d7a:	81 e0       	ldi	r24, 0x01	; 1
    2d7c:	0e 94 32 0b 	call	0x1664	; 0x1664 <LCD_sendCommand>
	LCD_moveCursor(0, 0);
    2d80:	80 e0       	ldi	r24, 0x00	; 0
    2d82:	60 e0       	ldi	r22, 0x00	; 0
    2d84:	0e 94 51 14 	call	0x28a2	; 0x28a2 <LCD_moveCursor>
	LCD_displayStrig("Right");
    2d88:	89 ef       	ldi	r24, 0xF9	; 249
    2d8a:	90 e0       	ldi	r25, 0x00	; 0
    2d8c:	0e 94 28 14 	call	0x2850	; 0x2850 <LCD_displayStrig>
    2d90:	80 e0       	ldi	r24, 0x00	; 0
    2d92:	90 e0       	ldi	r25, 0x00	; 0
    2d94:	aa e7       	ldi	r26, 0x7A	; 122
    2d96:	b4 e4       	ldi	r27, 0x44	; 68
    2d98:	8b 87       	std	Y+11, r24	; 0x0b
    2d9a:	9c 87       	std	Y+12, r25	; 0x0c
    2d9c:	ad 87       	std	Y+13, r26	; 0x0d
    2d9e:	be 87       	std	Y+14, r27	; 0x0e
 */
void
_delay_ms(double __ms)
{
	uint16_t __ticks;
	double __tmp = ((F_CPU) / 4e3) * __ms;
    2da0:	6b 85       	ldd	r22, Y+11	; 0x0b
    2da2:	7c 85       	ldd	r23, Y+12	; 0x0c
    2da4:	8d 85       	ldd	r24, Y+13	; 0x0d
    2da6:	9e 85       	ldd	r25, Y+14	; 0x0e
    2da8:	20 e0       	ldi	r18, 0x00	; 0
    2daa:	30 e0       	ldi	r19, 0x00	; 0
    2dac:	4a ef       	ldi	r20, 0xFA	; 250
    2dae:	54 e4       	ldi	r21, 0x44	; 68
    2db0:	0e 94 1f 02 	call	0x43e	; 0x43e <__mulsf3>
    2db4:	dc 01       	movw	r26, r24
    2db6:	cb 01       	movw	r24, r22
    2db8:	8f 83       	std	Y+7, r24	; 0x07
    2dba:	98 87       	std	Y+8, r25	; 0x08
    2dbc:	a9 87       	std	Y+9, r26	; 0x09
    2dbe:	ba 87       	std	Y+10, r27	; 0x0a
	if (__tmp < 1.0)
    2dc0:	6f 81       	ldd	r22, Y+7	; 0x07
    2dc2:	78 85       	ldd	r23, Y+8	; 0x08
    2dc4:	89 85       	ldd	r24, Y+9	; 0x09
    2dc6:	9a 85       	ldd	r25, Y+10	; 0x0a
    2dc8:	20 e0       	ldi	r18, 0x00	; 0
    2dca:	30 e0       	ldi	r19, 0x00	; 0
    2dcc:	40 e8       	ldi	r20, 0x80	; 128
    2dce:	5f e3       	ldi	r21, 0x3F	; 63
    2dd0:	0e 94 79 03 	call	0x6f2	; 0x6f2 <__ltsf2>
    2dd4:	88 23       	and	r24, r24
    2dd6:	2c f4       	brge	.+10     	; 0x2de2 <DisplayRight+0x7c>
		__ticks = 1;
    2dd8:	81 e0       	ldi	r24, 0x01	; 1
    2dda:	90 e0       	ldi	r25, 0x00	; 0
    2ddc:	9e 83       	std	Y+6, r25	; 0x06
    2dde:	8d 83       	std	Y+5, r24	; 0x05
    2de0:	3f c0       	rjmp	.+126    	; 0x2e60 <DisplayRight+0xfa>
	else if (__tmp > 65535)
    2de2:	6f 81       	ldd	r22, Y+7	; 0x07
    2de4:	78 85       	ldd	r23, Y+8	; 0x08
    2de6:	89 85       	ldd	r24, Y+9	; 0x09
    2de8:	9a 85       	ldd	r25, Y+10	; 0x0a
    2dea:	20 e0       	ldi	r18, 0x00	; 0
    2dec:	3f ef       	ldi	r19, 0xFF	; 255
    2dee:	4f e7       	ldi	r20, 0x7F	; 127
    2df0:	57 e4       	ldi	r21, 0x47	; 71
    2df2:	0e 94 19 03 	call	0x632	; 0x632 <__gtsf2>
    2df6:	18 16       	cp	r1, r24
    2df8:	4c f5       	brge	.+82     	; 0x2e4c <DisplayRight+0xe6>
	{
		//	__ticks = requested delay in 1/10 ms
		__ticks = (uint16_t) (__ms * 10.0);
    2dfa:	6b 85       	ldd	r22, Y+11	; 0x0b
    2dfc:	7c 85       	ldd	r23, Y+12	; 0x0c
    2dfe:	8d 85       	ldd	r24, Y+13	; 0x0d
    2e00:	9e 85       	ldd	r25, Y+14	; 0x0e
    2e02:	20 e0       	ldi	r18, 0x00	; 0
    2e04:	30 e0       	ldi	r19, 0x00	; 0
    2e06:	40 e2       	ldi	r20, 0x20	; 32
    2e08:	51 e4       	ldi	r21, 0x41	; 65
    2e0a:	0e 94 1f 02 	call	0x43e	; 0x43e <__mulsf3>
    2e0e:	dc 01       	movw	r26, r24
    2e10:	cb 01       	movw	r24, r22
    2e12:	bc 01       	movw	r22, r24
    2e14:	cd 01       	movw	r24, r26
    2e16:	0e 94 49 00 	call	0x92	; 0x92 <__fixunssfsi>
    2e1a:	dc 01       	movw	r26, r24
    2e1c:	cb 01       	movw	r24, r22
    2e1e:	9e 83       	std	Y+6, r25	; 0x06
    2e20:	8d 83       	std	Y+5, r24	; 0x05
    2e22:	0f c0       	rjmp	.+30     	; 0x2e42 <DisplayRight+0xdc>
    2e24:	88 ec       	ldi	r24, 0xC8	; 200
    2e26:	90 e0       	ldi	r25, 0x00	; 0
    2e28:	9c 83       	std	Y+4, r25	; 0x04
    2e2a:	8b 83       	std	Y+3, r24	; 0x03
    2e2c:	8b 81       	ldd	r24, Y+3	; 0x03
    2e2e:	9c 81       	ldd	r25, Y+4	; 0x04
    2e30:	01 97       	sbiw	r24, 0x01	; 1
    2e32:	f1 f7       	brne	.-4      	; 0x2e30 <DisplayRight+0xca>
    2e34:	9c 83       	std	Y+4, r25	; 0x04
    2e36:	8b 83       	std	Y+3, r24	; 0x03
		while(__ticks)
		{
			// wait 1/10 ms
			_delay_loop_2(((F_CPU) / 4e3) / 10);
			__ticks --;
    2e38:	8d 81       	ldd	r24, Y+5	; 0x05
    2e3a:	9e 81       	ldd	r25, Y+6	; 0x06
    2e3c:	01 97       	sbiw	r24, 0x01	; 1
    2e3e:	9e 83       	std	Y+6, r25	; 0x06
    2e40:	8d 83       	std	Y+5, r24	; 0x05
		__ticks = 1;
	else if (__tmp > 65535)
	{
		//	__ticks = requested delay in 1/10 ms
		__ticks = (uint16_t) (__ms * 10.0);
		while(__ticks)
    2e42:	8d 81       	ldd	r24, Y+5	; 0x05
    2e44:	9e 81       	ldd	r25, Y+6	; 0x06
    2e46:	00 97       	sbiw	r24, 0x00	; 0
    2e48:	69 f7       	brne	.-38     	; 0x2e24 <DisplayRight+0xbe>
    2e4a:	14 c0       	rjmp	.+40     	; 0x2e74 <DisplayRight+0x10e>
			__ticks --;
		}
		return;
	}
	else
		__ticks = (uint16_t)__tmp;
    2e4c:	6f 81       	ldd	r22, Y+7	; 0x07
    2e4e:	78 85       	ldd	r23, Y+8	; 0x08
    2e50:	89 85       	ldd	r24, Y+9	; 0x09
    2e52:	9a 85       	ldd	r25, Y+10	; 0x0a
    2e54:	0e 94 49 00 	call	0x92	; 0x92 <__fixunssfsi>
    2e58:	dc 01       	movw	r26, r24
    2e5a:	cb 01       	movw	r24, r22
    2e5c:	9e 83       	std	Y+6, r25	; 0x06
    2e5e:	8d 83       	std	Y+5, r24	; 0x05
    2e60:	8d 81       	ldd	r24, Y+5	; 0x05
    2e62:	9e 81       	ldd	r25, Y+6	; 0x06
    2e64:	9a 83       	std	Y+2, r25	; 0x02
    2e66:	89 83       	std	Y+1, r24	; 0x01
    2e68:	89 81       	ldd	r24, Y+1	; 0x01
    2e6a:	9a 81       	ldd	r25, Y+2	; 0x02
    2e6c:	01 97       	sbiw	r24, 0x01	; 1
    2e6e:	f1 f7       	brne	.-4      	; 0x2e6c <DisplayRight+0x106>
    2e70:	9a 83       	std	Y+2, r25	; 0x02
    2e72:	89 83       	std	Y+1, r24	; 0x01
	_delay_ms(1000);
}
    2e74:	2e 96       	adiw	r28, 0x0e	; 14
    2e76:	0f b6       	in	r0, 0x3f	; 63
    2e78:	f8 94       	cli
    2e7a:	de bf       	out	0x3e, r29	; 62
    2e7c:	0f be       	out	0x3f, r0	; 63
    2e7e:	cd bf       	out	0x3d, r28	; 61
    2e80:	cf 91       	pop	r28
    2e82:	df 91       	pop	r29
    2e84:	08 95       	ret

00002e86 <DisplayWrong>:

void DisplayWrong()
{
    2e86:	df 93       	push	r29
    2e88:	cf 93       	push	r28
    2e8a:	cd b7       	in	r28, 0x3d	; 61
    2e8c:	de b7       	in	r29, 0x3e	; 62
    2e8e:	2e 97       	sbiw	r28, 0x0e	; 14
    2e90:	0f b6       	in	r0, 0x3f	; 63
    2e92:	f8 94       	cli
    2e94:	de bf       	out	0x3e, r29	; 62
    2e96:	0f be       	out	0x3f, r0	; 63
    2e98:	cd bf       	out	0x3d, r28	; 61
	LCD_sendCommand(LCD_CLEAR_COMMAND);
    2e9a:	81 e0       	ldi	r24, 0x01	; 1
    2e9c:	0e 94 32 0b 	call	0x1664	; 0x1664 <LCD_sendCommand>
	LCD_moveCursor(0, 0);
    2ea0:	80 e0       	ldi	r24, 0x00	; 0
    2ea2:	60 e0       	ldi	r22, 0x00	; 0
    2ea4:	0e 94 51 14 	call	0x28a2	; 0x28a2 <LCD_moveCursor>
	LCD_displayStrig("Wrong");
    2ea8:	8f ef       	ldi	r24, 0xFF	; 255
    2eaa:	90 e0       	ldi	r25, 0x00	; 0
    2eac:	0e 94 28 14 	call	0x2850	; 0x2850 <LCD_displayStrig>
    2eb0:	80 e0       	ldi	r24, 0x00	; 0
    2eb2:	90 e0       	ldi	r25, 0x00	; 0
    2eb4:	aa e7       	ldi	r26, 0x7A	; 122
    2eb6:	b4 e4       	ldi	r27, 0x44	; 68
    2eb8:	8b 87       	std	Y+11, r24	; 0x0b
    2eba:	9c 87       	std	Y+12, r25	; 0x0c
    2ebc:	ad 87       	std	Y+13, r26	; 0x0d
    2ebe:	be 87       	std	Y+14, r27	; 0x0e
 */
void
_delay_ms(double __ms)
{
	uint16_t __ticks;
	double __tmp = ((F_CPU) / 4e3) * __ms;
    2ec0:	6b 85       	ldd	r22, Y+11	; 0x0b
    2ec2:	7c 85       	ldd	r23, Y+12	; 0x0c
    2ec4:	8d 85       	ldd	r24, Y+13	; 0x0d
    2ec6:	9e 85       	ldd	r25, Y+14	; 0x0e
    2ec8:	20 e0       	ldi	r18, 0x00	; 0
    2eca:	30 e0       	ldi	r19, 0x00	; 0
    2ecc:	4a ef       	ldi	r20, 0xFA	; 250
    2ece:	54 e4       	ldi	r21, 0x44	; 68
    2ed0:	0e 94 1f 02 	call	0x43e	; 0x43e <__mulsf3>
    2ed4:	dc 01       	movw	r26, r24
    2ed6:	cb 01       	movw	r24, r22
    2ed8:	8f 83       	std	Y+7, r24	; 0x07
    2eda:	98 87       	std	Y+8, r25	; 0x08
    2edc:	a9 87       	std	Y+9, r26	; 0x09
    2ede:	ba 87       	std	Y+10, r27	; 0x0a
	if (__tmp < 1.0)
    2ee0:	6f 81       	ldd	r22, Y+7	; 0x07
    2ee2:	78 85       	ldd	r23, Y+8	; 0x08
    2ee4:	89 85       	ldd	r24, Y+9	; 0x09
    2ee6:	9a 85       	ldd	r25, Y+10	; 0x0a
    2ee8:	20 e0       	ldi	r18, 0x00	; 0
    2eea:	30 e0       	ldi	r19, 0x00	; 0
    2eec:	40 e8       	ldi	r20, 0x80	; 128
    2eee:	5f e3       	ldi	r21, 0x3F	; 63
    2ef0:	0e 94 79 03 	call	0x6f2	; 0x6f2 <__ltsf2>
    2ef4:	88 23       	and	r24, r24
    2ef6:	2c f4       	brge	.+10     	; 0x2f02 <DisplayWrong+0x7c>
		__ticks = 1;
    2ef8:	81 e0       	ldi	r24, 0x01	; 1
    2efa:	90 e0       	ldi	r25, 0x00	; 0
    2efc:	9e 83       	std	Y+6, r25	; 0x06
    2efe:	8d 83       	std	Y+5, r24	; 0x05
    2f00:	3f c0       	rjmp	.+126    	; 0x2f80 <DisplayWrong+0xfa>
	else if (__tmp > 65535)
    2f02:	6f 81       	ldd	r22, Y+7	; 0x07
    2f04:	78 85       	ldd	r23, Y+8	; 0x08
    2f06:	89 85       	ldd	r24, Y+9	; 0x09
    2f08:	9a 85       	ldd	r25, Y+10	; 0x0a
    2f0a:	20 e0       	ldi	r18, 0x00	; 0
    2f0c:	3f ef       	ldi	r19, 0xFF	; 255
    2f0e:	4f e7       	ldi	r20, 0x7F	; 127
    2f10:	57 e4       	ldi	r21, 0x47	; 71
    2f12:	0e 94 19 03 	call	0x632	; 0x632 <__gtsf2>
    2f16:	18 16       	cp	r1, r24
    2f18:	4c f5       	brge	.+82     	; 0x2f6c <DisplayWrong+0xe6>
	{
		//	__ticks = requested delay in 1/10 ms
		__ticks = (uint16_t) (__ms * 10.0);
    2f1a:	6b 85       	ldd	r22, Y+11	; 0x0b
    2f1c:	7c 85       	ldd	r23, Y+12	; 0x0c
    2f1e:	8d 85       	ldd	r24, Y+13	; 0x0d
    2f20:	9e 85       	ldd	r25, Y+14	; 0x0e
    2f22:	20 e0       	ldi	r18, 0x00	; 0
    2f24:	30 e0       	ldi	r19, 0x00	; 0
    2f26:	40 e2       	ldi	r20, 0x20	; 32
    2f28:	51 e4       	ldi	r21, 0x41	; 65
    2f2a:	0e 94 1f 02 	call	0x43e	; 0x43e <__mulsf3>
    2f2e:	dc 01       	movw	r26, r24
    2f30:	cb 01       	movw	r24, r22
    2f32:	bc 01       	movw	r22, r24
    2f34:	cd 01       	movw	r24, r26
    2f36:	0e 94 49 00 	call	0x92	; 0x92 <__fixunssfsi>
    2f3a:	dc 01       	movw	r26, r24
    2f3c:	cb 01       	movw	r24, r22
    2f3e:	9e 83       	std	Y+6, r25	; 0x06
    2f40:	8d 83       	std	Y+5, r24	; 0x05
    2f42:	0f c0       	rjmp	.+30     	; 0x2f62 <DisplayWrong+0xdc>
    2f44:	88 ec       	ldi	r24, 0xC8	; 200
    2f46:	90 e0       	ldi	r25, 0x00	; 0
    2f48:	9c 83       	std	Y+4, r25	; 0x04
    2f4a:	8b 83       	std	Y+3, r24	; 0x03
    2f4c:	8b 81       	ldd	r24, Y+3	; 0x03
    2f4e:	9c 81       	ldd	r25, Y+4	; 0x04
    2f50:	01 97       	sbiw	r24, 0x01	; 1
    2f52:	f1 f7       	brne	.-4      	; 0x2f50 <DisplayWrong+0xca>
    2f54:	9c 83       	std	Y+4, r25	; 0x04
    2f56:	8b 83       	std	Y+3, r24	; 0x03
		while(__ticks)
		{
			// wait 1/10 ms
			_delay_loop_2(((F_CPU) / 4e3) / 10);
			__ticks --;
    2f58:	8d 81       	ldd	r24, Y+5	; 0x05
    2f5a:	9e 81       	ldd	r25, Y+6	; 0x06
    2f5c:	01 97       	sbiw	r24, 0x01	; 1
    2f5e:	9e 83       	std	Y+6, r25	; 0x06
    2f60:	8d 83       	std	Y+5, r24	; 0x05
		__ticks = 1;
	else if (__tmp > 65535)
	{
		//	__ticks = requested delay in 1/10 ms
		__ticks = (uint16_t) (__ms * 10.0);
		while(__ticks)
    2f62:	8d 81       	ldd	r24, Y+5	; 0x05
    2f64:	9e 81       	ldd	r25, Y+6	; 0x06
    2f66:	00 97       	sbiw	r24, 0x00	; 0
    2f68:	69 f7       	brne	.-38     	; 0x2f44 <DisplayWrong+0xbe>
    2f6a:	14 c0       	rjmp	.+40     	; 0x2f94 <DisplayWrong+0x10e>
			__ticks --;
		}
		return;
	}
	else
		__ticks = (uint16_t)__tmp;
    2f6c:	6f 81       	ldd	r22, Y+7	; 0x07
    2f6e:	78 85       	ldd	r23, Y+8	; 0x08
    2f70:	89 85       	ldd	r24, Y+9	; 0x09
    2f72:	9a 85       	ldd	r25, Y+10	; 0x0a
    2f74:	0e 94 49 00 	call	0x92	; 0x92 <__fixunssfsi>
    2f78:	dc 01       	movw	r26, r24
    2f7a:	cb 01       	movw	r24, r22
    2f7c:	9e 83       	std	Y+6, r25	; 0x06
    2f7e:	8d 83       	std	Y+5, r24	; 0x05
    2f80:	8d 81       	ldd	r24, Y+5	; 0x05
    2f82:	9e 81       	ldd	r25, Y+6	; 0x06
    2f84:	9a 83       	std	Y+2, r25	; 0x02
    2f86:	89 83       	std	Y+1, r24	; 0x01
    2f88:	89 81       	ldd	r24, Y+1	; 0x01
    2f8a:	9a 81       	ldd	r25, Y+2	; 0x02
    2f8c:	01 97       	sbiw	r24, 0x01	; 1
    2f8e:	f1 f7       	brne	.-4      	; 0x2f8c <DisplayWrong+0x106>
    2f90:	9a 83       	std	Y+2, r25	; 0x02
    2f92:	89 83       	std	Y+1, r24	; 0x01
	_delay_ms(1000);
}
    2f94:	2e 96       	adiw	r28, 0x0e	; 14
    2f96:	0f b6       	in	r0, 0x3f	; 63
    2f98:	f8 94       	cli
    2f9a:	de bf       	out	0x3e, r29	; 62
    2f9c:	0f be       	out	0x3f, r0	; 63
    2f9e:	cd bf       	out	0x3d, r28	; 61
    2fa0:	cf 91       	pop	r28
    2fa2:	df 91       	pop	r29
    2fa4:	08 95       	ret

00002fa6 <OpenDoor>:

void OpenDoor()
{
    2fa6:	df 93       	push	r29
    2fa8:	cf 93       	push	r28
    2faa:	cd b7       	in	r28, 0x3d	; 61
    2fac:	de b7       	in	r29, 0x3e	; 62
    2fae:	2b 97       	sbiw	r28, 0x0b	; 11
    2fb0:	0f b6       	in	r0, 0x3f	; 63
    2fb2:	f8 94       	cli
    2fb4:	de bf       	out	0x3e, r29	; 62
    2fb6:	0f be       	out	0x3f, r0	; 63
    2fb8:	cd bf       	out	0x3d, r28	; 61
	SET_BIT(SREG,7);
    2fba:	af e5       	ldi	r26, 0x5F	; 95
    2fbc:	b0 e0       	ldi	r27, 0x00	; 0
    2fbe:	ef e5       	ldi	r30, 0x5F	; 95
    2fc0:	f0 e0       	ldi	r31, 0x00	; 0
    2fc2:	80 81       	ld	r24, Z
    2fc4:	80 68       	ori	r24, 0x80	; 128
    2fc6:	8c 93       	st	X, r24

	Timer1_ConfigType configs={0,31250,F_CPU_256,COMPARE};
    2fc8:	ce 01       	movw	r24, r28
    2fca:	01 96       	adiw	r24, 0x01	; 1
    2fcc:	98 87       	std	Y+8, r25	; 0x08
    2fce:	8f 83       	std	Y+7, r24	; 0x07
    2fd0:	eb e1       	ldi	r30, 0x1B	; 27
    2fd2:	f1 e0       	ldi	r31, 0x01	; 1
    2fd4:	fa 87       	std	Y+10, r31	; 0x0a
    2fd6:	e9 87       	std	Y+9, r30	; 0x09
    2fd8:	f6 e0       	ldi	r31, 0x06	; 6
    2fda:	fb 87       	std	Y+11, r31	; 0x0b
    2fdc:	e9 85       	ldd	r30, Y+9	; 0x09
    2fde:	fa 85       	ldd	r31, Y+10	; 0x0a
    2fe0:	00 80       	ld	r0, Z
    2fe2:	89 85       	ldd	r24, Y+9	; 0x09
    2fe4:	9a 85       	ldd	r25, Y+10	; 0x0a
    2fe6:	01 96       	adiw	r24, 0x01	; 1
    2fe8:	9a 87       	std	Y+10, r25	; 0x0a
    2fea:	89 87       	std	Y+9, r24	; 0x09
    2fec:	ef 81       	ldd	r30, Y+7	; 0x07
    2fee:	f8 85       	ldd	r31, Y+8	; 0x08
    2ff0:	00 82       	st	Z, r0
    2ff2:	8f 81       	ldd	r24, Y+7	; 0x07
    2ff4:	98 85       	ldd	r25, Y+8	; 0x08
    2ff6:	01 96       	adiw	r24, 0x01	; 1
    2ff8:	98 87       	std	Y+8, r25	; 0x08
    2ffa:	8f 83       	std	Y+7, r24	; 0x07
    2ffc:	9b 85       	ldd	r25, Y+11	; 0x0b
    2ffe:	91 50       	subi	r25, 0x01	; 1
    3000:	9b 87       	std	Y+11, r25	; 0x0b
    3002:	eb 85       	ldd	r30, Y+11	; 0x0b
    3004:	ee 23       	and	r30, r30
    3006:	51 f7       	brne	.-44     	; 0x2fdc <OpenDoor+0x36>
	TIMER1_init(&configs);
    3008:	ce 01       	movw	r24, r28
    300a:	01 96       	adiw	r24, 0x01	; 1
    300c:	0e 94 1f 1a 	call	0x343e	; 0x343e <TIMER1_init>

	TIMER1_setCallBack(FunToTimer_Door);
    3010:	8a ed       	ldi	r24, 0xDA	; 218
    3012:	94 e1       	ldi	r25, 0x14	; 20
    3014:	0e 94 a2 1a 	call	0x3544	; 0x3544 <TIMER1_setCallBack>
	while( (external_ISR_flag_Door%2) != 0);
    3018:	80 91 1a 01 	lds	r24, 0x011A
    301c:	88 2f       	mov	r24, r24
    301e:	90 e0       	ldi	r25, 0x00	; 0
    3020:	81 70       	andi	r24, 0x01	; 1
    3022:	90 70       	andi	r25, 0x00	; 0
    3024:	88 23       	and	r24, r24
    3026:	c1 f7       	brne	.-16     	; 0x3018 <OpenDoor+0x72>
}
    3028:	2b 96       	adiw	r28, 0x0b	; 11
    302a:	0f b6       	in	r0, 0x3f	; 63
    302c:	f8 94       	cli
    302e:	de bf       	out	0x3e, r29	; 62
    3030:	0f be       	out	0x3f, r0	; 63
    3032:	cd bf       	out	0x3d, r28	; 61
    3034:	cf 91       	pop	r28
    3036:	df 91       	pop	r29
    3038:	08 95       	ret

0000303a <ChangeThePassword>:

void ChangeThePassword()
{
    303a:	df 93       	push	r29
    303c:	cf 93       	push	r28
    303e:	cd b7       	in	r28, 0x3d	; 61
    3040:	de b7       	in	r29, 0x3e	; 62
	while(1)
	{
		GetTheFirstAndTheSecondPasswords();
    3042:	0e 94 34 16 	call	0x2c68	; 0x2c68 <GetTheFirstAndTheSecondPasswords>

		while(UART_receiveByte() != READY_TO_RECEIVE);
    3046:	0e 94 89 1b 	call	0x3712	; 0x3712 <UART_receiveByte>
    304a:	82 30       	cpi	r24, 0x02	; 2
    304c:	e1 f7       	brne	.-8      	; 0x3046 <ChangeThePassword+0xc>
		UART_sendString(First_Password);
    304e:	80 e4       	ldi	r24, 0x40	; 64
    3050:	91 e0       	ldi	r25, 0x01	; 1
    3052:	0e 94 98 1b 	call	0x3730	; 0x3730 <UART_sendString>

		while(UART_receiveByte() != READY_TO_RECEIVE);
    3056:	0e 94 89 1b 	call	0x3712	; 0x3712 <UART_receiveByte>
    305a:	82 30       	cpi	r24, 0x02	; 2
    305c:	e1 f7       	brne	.-8      	; 0x3056 <ChangeThePassword+0x1c>
		UART_sendString(Second_Password);
    305e:	87 e4       	ldi	r24, 0x47	; 71
    3060:	91 e0       	ldi	r25, 0x01	; 1
    3062:	0e 94 98 1b 	call	0x3730	; 0x3730 <UART_sendString>

		UART_sendByte(READY_TO_RECEIVE);
    3066:	82 e0       	ldi	r24, 0x02	; 2
    3068:	0e 94 72 1b 	call	0x36e4	; 0x36e4 <UART_sendByte>
		feedback_ChangePass=UART_receiveByte();
    306c:	0e 94 89 1b 	call	0x3712	; 0x3712 <UART_receiveByte>
    3070:	80 93 30 01 	sts	0x0130, r24

		if(feedback_ChangePass==MATCHED)
    3074:	80 91 30 01 	lds	r24, 0x0130
    3078:	89 30       	cpi	r24, 0x09	; 9
    307a:	19 f7       	brne	.-58     	; 0x3042 <ChangeThePassword+0x8>
		else if(feedback_ChangePass==UNMATCHED)
		{
			continue;
		}
	}
}
    307c:	cf 91       	pop	r28
    307e:	df 91       	pop	r29
    3080:	08 95       	ret

00003082 <Error3Times>:

void Error3Times()
{
    3082:	df 93       	push	r29
    3084:	cf 93       	push	r28
    3086:	cd b7       	in	r28, 0x3d	; 61
    3088:	de b7       	in	r29, 0x3e	; 62
    308a:	2b 97       	sbiw	r28, 0x0b	; 11
    308c:	0f b6       	in	r0, 0x3f	; 63
    308e:	f8 94       	cli
    3090:	de bf       	out	0x3e, r29	; 62
    3092:	0f be       	out	0x3f, r0	; 63
    3094:	cd bf       	out	0x3d, r28	; 61
	SET_BIT(SREG,7);
    3096:	af e5       	ldi	r26, 0x5F	; 95
    3098:	b0 e0       	ldi	r27, 0x00	; 0
    309a:	ef e5       	ldi	r30, 0x5F	; 95
    309c:	f0 e0       	ldi	r31, 0x00	; 0
    309e:	80 81       	ld	r24, Z
    30a0:	80 68       	ori	r24, 0x80	; 128
    30a2:	8c 93       	st	X, r24

	Timer1_ConfigType configs={0,31250,F_CPU_256,COMPARE};
    30a4:	ce 01       	movw	r24, r28
    30a6:	01 96       	adiw	r24, 0x01	; 1
    30a8:	98 87       	std	Y+8, r25	; 0x08
    30aa:	8f 83       	std	Y+7, r24	; 0x07
    30ac:	e1 e2       	ldi	r30, 0x21	; 33
    30ae:	f1 e0       	ldi	r31, 0x01	; 1
    30b0:	fa 87       	std	Y+10, r31	; 0x0a
    30b2:	e9 87       	std	Y+9, r30	; 0x09
    30b4:	f6 e0       	ldi	r31, 0x06	; 6
    30b6:	fb 87       	std	Y+11, r31	; 0x0b
    30b8:	e9 85       	ldd	r30, Y+9	; 0x09
    30ba:	fa 85       	ldd	r31, Y+10	; 0x0a
    30bc:	00 80       	ld	r0, Z
    30be:	89 85       	ldd	r24, Y+9	; 0x09
    30c0:	9a 85       	ldd	r25, Y+10	; 0x0a
    30c2:	01 96       	adiw	r24, 0x01	; 1
    30c4:	9a 87       	std	Y+10, r25	; 0x0a
    30c6:	89 87       	std	Y+9, r24	; 0x09
    30c8:	ef 81       	ldd	r30, Y+7	; 0x07
    30ca:	f8 85       	ldd	r31, Y+8	; 0x08
    30cc:	00 82       	st	Z, r0
    30ce:	8f 81       	ldd	r24, Y+7	; 0x07
    30d0:	98 85       	ldd	r25, Y+8	; 0x08
    30d2:	01 96       	adiw	r24, 0x01	; 1
    30d4:	98 87       	std	Y+8, r25	; 0x08
    30d6:	8f 83       	std	Y+7, r24	; 0x07
    30d8:	9b 85       	ldd	r25, Y+11	; 0x0b
    30da:	91 50       	subi	r25, 0x01	; 1
    30dc:	9b 87       	std	Y+11, r25	; 0x0b
    30de:	eb 85       	ldd	r30, Y+11	; 0x0b
    30e0:	ee 23       	and	r30, r30
    30e2:	51 f7       	brne	.-44     	; 0x30b8 <Error3Times+0x36>
	TIMER1_init(&configs);
    30e4:	ce 01       	movw	r24, r28
    30e6:	01 96       	adiw	r24, 0x01	; 1
    30e8:	0e 94 1f 1a 	call	0x343e	; 0x343e <TIMER1_init>

	TIMER1_setCallBack(FunToTimer_3Errors);
    30ec:	83 e5       	ldi	r24, 0x53	; 83
    30ee:	95 e1       	ldi	r25, 0x15	; 21
    30f0:	0e 94 a2 1a 	call	0x3544	; 0x3544 <TIMER1_setCallBack>

	while( (external_ISR_flag%2) != 0);
    30f4:	80 91 19 01 	lds	r24, 0x0119
    30f8:	88 2f       	mov	r24, r24
    30fa:	90 e0       	ldi	r25, 0x00	; 0
    30fc:	81 70       	andi	r24, 0x01	; 1
    30fe:	90 70       	andi	r25, 0x00	; 0
    3100:	88 23       	and	r24, r24
    3102:	c1 f7       	brne	.-16     	; 0x30f4 <Error3Times+0x72>
	wrong_counter=0;
    3104:	10 92 31 01 	sts	0x0131, r1
}
    3108:	2b 96       	adiw	r28, 0x0b	; 11
    310a:	0f b6       	in	r0, 0x3f	; 63
    310c:	f8 94       	cli
    310e:	de bf       	out	0x3e, r29	; 62
    3110:	0f be       	out	0x3f, r0	; 63
    3112:	cd bf       	out	0x3d, r28	; 61
    3114:	cf 91       	pop	r28
    3116:	df 91       	pop	r29
    3118:	08 95       	ret

0000311a <main>:
/*******************************************************************************
 *                                Main Functions                               *
 *******************************************************************************/

int main(void)
{
    311a:	df 93       	push	r29
    311c:	cf 93       	push	r28
    311e:	cd b7       	in	r28, 0x3d	; 61
    3120:	de b7       	in	r29, 0x3e	; 62
    3122:	6b 97       	sbiw	r28, 0x1b	; 27
    3124:	0f b6       	in	r0, 0x3f	; 63
    3126:	f8 94       	cli
    3128:	de bf       	out	0x3e, r29	; 62
    312a:	0f be       	out	0x3f, r0	; 63
    312c:	cd bf       	out	0x3d, r28	; 61
	UART_ConfigType configs={Bit_8,Disabled,OneStopBit,9600};	/* The configurations struct of the UART */
    312e:	ce 01       	movw	r24, r28
    3130:	40 96       	adiw	r24, 0x10	; 16
    3132:	98 8f       	std	Y+24, r25	; 0x18
    3134:	8f 8b       	std	Y+23, r24	; 0x17
    3136:	e7 e2       	ldi	r30, 0x27	; 39
    3138:	f1 e0       	ldi	r31, 0x01	; 1
    313a:	fa 8f       	std	Y+26, r31	; 0x1a
    313c:	e9 8f       	std	Y+25, r30	; 0x19
    313e:	f7 e0       	ldi	r31, 0x07	; 7
    3140:	fb 8f       	std	Y+27, r31	; 0x1b
    3142:	e9 8d       	ldd	r30, Y+25	; 0x19
    3144:	fa 8d       	ldd	r31, Y+26	; 0x1a
    3146:	00 80       	ld	r0, Z
    3148:	89 8d       	ldd	r24, Y+25	; 0x19
    314a:	9a 8d       	ldd	r25, Y+26	; 0x1a
    314c:	01 96       	adiw	r24, 0x01	; 1
    314e:	9a 8f       	std	Y+26, r25	; 0x1a
    3150:	89 8f       	std	Y+25, r24	; 0x19
    3152:	ef 89       	ldd	r30, Y+23	; 0x17
    3154:	f8 8d       	ldd	r31, Y+24	; 0x18
    3156:	00 82       	st	Z, r0
    3158:	8f 89       	ldd	r24, Y+23	; 0x17
    315a:	98 8d       	ldd	r25, Y+24	; 0x18
    315c:	01 96       	adiw	r24, 0x01	; 1
    315e:	98 8f       	std	Y+24, r25	; 0x18
    3160:	8f 8b       	std	Y+23, r24	; 0x17
    3162:	9b 8d       	ldd	r25, Y+27	; 0x1b
    3164:	91 50       	subi	r25, 0x01	; 1
    3166:	9b 8f       	std	Y+27, r25	; 0x1b
    3168:	eb 8d       	ldd	r30, Y+27	; 0x1b
    316a:	ee 23       	and	r30, r30
    316c:	51 f7       	brne	.-44     	; 0x3142 <main+0x28>
	UART_init(&configs);										/* Initialize the UART */
    316e:	ce 01       	movw	r24, r28
    3170:	40 96       	adiw	r24, 0x10	; 16
    3172:	0e 94 b4 1a 	call	0x3568	; 0x3568 <UART_init>
	LCD_init();													/* Initialize the LCD */
    3176:	0e 94 80 0a 	call	0x1500	; 0x1500 <LCD_init>


	while(1)
	{
		GetTheFirstAndTheSecondPasswords(); 			/* Get the first and the second passowords */
    317a:	0e 94 34 16 	call	0x2c68	; 0x2c68 <GetTheFirstAndTheSecondPasswords>

		while(UART_receiveByte() != READY_TO_RECEIVE);  /* Wait till the C_ECU send that he is ready */
    317e:	0e 94 89 1b 	call	0x3712	; 0x3712 <UART_receiveByte>
    3182:	82 30       	cpi	r24, 0x02	; 2
    3184:	e1 f7       	brne	.-8      	; 0x317e <main+0x64>
		UART_sendString(First_Password); 				/* Send the first Password */
    3186:	80 e4       	ldi	r24, 0x40	; 64
    3188:	91 e0       	ldi	r25, 0x01	; 1
    318a:	0e 94 98 1b 	call	0x3730	; 0x3730 <UART_sendString>

		while(UART_receiveByte() != READY_TO_RECEIVE);  /* Wait till the C_ECU send that he is ready */
    318e:	0e 94 89 1b 	call	0x3712	; 0x3712 <UART_receiveByte>
    3192:	82 30       	cpi	r24, 0x02	; 2
    3194:	e1 f7       	brne	.-8      	; 0x318e <main+0x74>
		UART_sendString(Second_Password); 				/* Send the first Password */
    3196:	87 e4       	ldi	r24, 0x47	; 71
    3198:	91 e0       	ldi	r25, 0x01	; 1
    319a:	0e 94 98 1b 	call	0x3730	; 0x3730 <UART_sendString>

		UART_sendByte(READY_TO_RECEIVE); 				/* Send to the C_ECU that you are ready to receive */
    319e:	82 e0       	ldi	r24, 0x02	; 2
    31a0:	0e 94 72 1b 	call	0x36e4	; 0x36e4 <UART_sendByte>


		if(UART_receiveByte() == MATCHED) 				/* If the two passwords are matched */
    31a4:	0e 94 89 1b 	call	0x3712	; 0x3712 <UART_receiveByte>
    31a8:	89 30       	cpi	r24, 0x09	; 9
    31aa:	09 f0       	breq	.+2      	; 0x31ae <main+0x94>
    31ac:	5a c0       	rjmp	.+180    	; 0x3262 <main+0x148>
		{
			while(2)
			{
				MainOptions();							/* Display the Main Options */
    31ae:	0e 94 99 16 	call	0x2d32	; 0x2d32 <MainOptions>

				if(KEYPAD_getPressedKey() == '+')
    31b2:	0e 94 ea 08 	call	0x11d4	; 0x11d4 <KEYPAD_getPressedKey>
    31b6:	8b 32       	cpi	r24, 0x2B	; 43
    31b8:	19 f4       	brne	.+6      	; 0x31c0 <main+0xa6>
				{
					operation=OPEN_DOOR;
    31ba:	80 e1       	ldi	r24, 0x10	; 16
    31bc:	80 93 32 01 	sts	0x0132, r24
				}
				if(KEYPAD_getPressedKey() == '-')
    31c0:	0e 94 ea 08 	call	0x11d4	; 0x11d4 <KEYPAD_getPressedKey>
    31c4:	8d 32       	cpi	r24, 0x2D	; 45
    31c6:	19 f4       	brne	.+6      	; 0x31ce <main+0xb4>
				{
					operation=CHANGE_PASSWORD;
    31c8:	80 e2       	ldi	r24, 0x20	; 32
    31ca:	80 93 32 01 	sts	0x0132, r24
				}
				while(3)
				{
					EnterTheOldPassword();								/* Ask the user to enter the Password */
    31ce:	0e 94 7f 16 	call	0x2cfe	; 0x2cfe <EnterTheOldPassword>

					while(UART_receiveByte() != READY_TO_RECEIVE);		/* Wait till the C_ECU send that he is ready */
    31d2:	0e 94 89 1b 	call	0x3712	; 0x3712 <UART_receiveByte>
    31d6:	82 30       	cpi	r24, 0x02	; 2
    31d8:	e1 f7       	brne	.-8      	; 0x31d2 <main+0xb8>
					UART_sendString(Operating_Password);				/* Send the password to the C_ECU */
    31da:	89 e3       	ldi	r24, 0x39	; 57
    31dc:	91 e0       	ldi	r25, 0x01	; 1
    31de:	0e 94 98 1b 	call	0x3730	; 0x3730 <UART_sendString>

					UART_sendByte(READY_TO_RECEIVE);					/* Send to the C_ECU that you are ready to receive */
    31e2:	82 e0       	ldi	r24, 0x02	; 2
    31e4:	0e 94 72 1b 	call	0x36e4	; 0x36e4 <UART_sendByte>
					feedback_ChangePass=UART_receiveByte();				/* Receive the feedback */
    31e8:	0e 94 89 1b 	call	0x3712	; 0x3712 <UART_receiveByte>
    31ec:	80 93 30 01 	sts	0x0130, r24

					if(feedback_ChangePass == MATCHED)					/* If Matched */
    31f0:	80 91 30 01 	lds	r24, 0x0130
    31f4:	89 30       	cpi	r24, 0x09	; 9
    31f6:	11 f5       	brne	.+68     	; 0x323c <main+0x122>
					{
						DisplayRight();
    31f8:	0e 94 b3 16 	call	0x2d66	; 0x2d66 <DisplayRight>

						if(operation==OPEN_DOOR)								/* If the user choose to Open the Door */
    31fc:	80 91 32 01 	lds	r24, 0x0132
    3200:	80 31       	cpi	r24, 0x10	; 16
    3202:	61 f4       	brne	.+24     	; 0x321c <main+0x102>
						{
							while(UART_receiveByte() != READY_TO_RECEIVE);		/* Wait till the C_ECU send that he is ready */
    3204:	0e 94 89 1b 	call	0x3712	; 0x3712 <UART_receiveByte>
    3208:	82 30       	cpi	r24, 0x02	; 2
    320a:	e1 f7       	brne	.-8      	; 0x3204 <main+0xea>
							UART_sendByte(OPEN_DOOR);							/* Send the operation to the C_ECU */
    320c:	80 e1       	ldi	r24, 0x10	; 16
    320e:	0e 94 72 1b 	call	0x36e4	; 0x36e4 <UART_sendByte>
							operation=0;										/* Clear the operation to the coming choice */
    3212:	10 92 32 01 	sts	0x0132, r1
							OpenDoor();
    3216:	0e 94 d3 17 	call	0x2fa6	; 0x2fa6 <OpenDoor>
    321a:	c9 cf       	rjmp	.-110    	; 0x31ae <main+0x94>
							break;												/* Break the while(3) loop to display the main options while(3) */
						}
						else if(operation==CHANGE_PASSWORD)						/* If the user choose to Open the Door */
    321c:	80 91 32 01 	lds	r24, 0x0132
    3220:	80 32       	cpi	r24, 0x20	; 32
    3222:	a9 f6       	brne	.-86     	; 0x31ce <main+0xb4>
						{
							while(UART_receiveByte() != READY_TO_RECEIVE);		/* Wait till the C_ECU send that he is ready */
    3224:	0e 94 89 1b 	call	0x3712	; 0x3712 <UART_receiveByte>
    3228:	82 30       	cpi	r24, 0x02	; 2
    322a:	e1 f7       	brne	.-8      	; 0x3224 <main+0x10a>
							UART_sendByte(CHANGE_PASSWORD);						/* Send the operation to the C_ECU */
    322c:	80 e2       	ldi	r24, 0x20	; 32
    322e:	0e 94 72 1b 	call	0x36e4	; 0x36e4 <UART_sendByte>
							operation=0;										/* Clear the operation to the coming choice */
    3232:	10 92 32 01 	sts	0x0132, r1

							ChangeThePassword();								/* Show to the user here to enter new password */
    3236:	0e 94 1d 18 	call	0x303a	; 0x303a <ChangeThePassword>
    323a:	b9 cf       	rjmp	.-142    	; 0x31ae <main+0x94>
							break;												/* Break the while(3) loop to display the main options while(3) */
						}

					}
					else if(feedback_ChangePass == UNMATCHED)					/* If the entered password was not right */
    323c:	80 91 30 01 	lds	r24, 0x0130
    3240:	87 30       	cpi	r24, 0x07	; 7
    3242:	29 f6       	brne	.-118    	; 0x31ce <main+0xb4>
					{

						DisplayWrong();					/* Display wrong to the user */
    3244:	0e 94 43 17 	call	0x2e86	; 0x2e86 <DisplayWrong>
						wrong_counter++;				/* Increase the counter of the wrong tries */
    3248:	80 91 31 01 	lds	r24, 0x0131
    324c:	8f 5f       	subi	r24, 0xFF	; 255
    324e:	80 93 31 01 	sts	0x0131, r24
						if(wrong_counter>2)				/* When the wrong counter exceeds 3 times */
    3252:	80 91 31 01 	lds	r24, 0x0131
    3256:	83 30       	cpi	r24, 0x03	; 3
    3258:	08 f4       	brcc	.+2      	; 0x325c <main+0x142>
    325a:	b9 cf       	rjmp	.-142    	; 0x31ce <main+0xb4>
						{
							Error3Times();				/* Operate the 3 times error routine */
    325c:	0e 94 41 18 	call	0x3082	; 0x3082 <Error3Times>
    3260:	a6 cf       	rjmp	.-180    	; 0x31ae <main+0x94>
				}
			}
		}
		else										/* If initially the entered two passwords were not matched */
		{
			LCD_sendCommand(LCD_CLEAR_COMMAND);   	/* Clear the LCD */
    3262:	81 e0       	ldi	r24, 0x01	; 1
    3264:	0e 94 32 0b 	call	0x1664	; 0x1664 <LCD_sendCommand>
			LCD_moveCursor(0, 0);
    3268:	80 e0       	ldi	r24, 0x00	; 0
    326a:	60 e0       	ldi	r22, 0x00	; 0
    326c:	0e 94 51 14 	call	0x28a2	; 0x28a2 <LCD_moveCursor>
			LCD_displayStrig("NO MATCHED");		    /* Display NO MATCHED */
    3270:	85 e0       	ldi	r24, 0x05	; 5
    3272:	91 e0       	ldi	r25, 0x01	; 1
    3274:	0e 94 28 14 	call	0x2850	; 0x2850 <LCD_displayStrig>
    3278:	80 e0       	ldi	r24, 0x00	; 0
    327a:	90 e0       	ldi	r25, 0x00	; 0
    327c:	aa e7       	ldi	r26, 0x7A	; 122
    327e:	b4 e4       	ldi	r27, 0x44	; 68
    3280:	8b 87       	std	Y+11, r24	; 0x0b
    3282:	9c 87       	std	Y+12, r25	; 0x0c
    3284:	ad 87       	std	Y+13, r26	; 0x0d
    3286:	be 87       	std	Y+14, r27	; 0x0e
 */
void
_delay_ms(double __ms)
{
	uint16_t __ticks;
	double __tmp = ((F_CPU) / 4e3) * __ms;
    3288:	6b 85       	ldd	r22, Y+11	; 0x0b
    328a:	7c 85       	ldd	r23, Y+12	; 0x0c
    328c:	8d 85       	ldd	r24, Y+13	; 0x0d
    328e:	9e 85       	ldd	r25, Y+14	; 0x0e
    3290:	20 e0       	ldi	r18, 0x00	; 0
    3292:	30 e0       	ldi	r19, 0x00	; 0
    3294:	4a ef       	ldi	r20, 0xFA	; 250
    3296:	54 e4       	ldi	r21, 0x44	; 68
    3298:	0e 94 1f 02 	call	0x43e	; 0x43e <__mulsf3>
    329c:	dc 01       	movw	r26, r24
    329e:	cb 01       	movw	r24, r22
    32a0:	8f 83       	std	Y+7, r24	; 0x07
    32a2:	98 87       	std	Y+8, r25	; 0x08
    32a4:	a9 87       	std	Y+9, r26	; 0x09
    32a6:	ba 87       	std	Y+10, r27	; 0x0a
	if (__tmp < 1.0)
    32a8:	6f 81       	ldd	r22, Y+7	; 0x07
    32aa:	78 85       	ldd	r23, Y+8	; 0x08
    32ac:	89 85       	ldd	r24, Y+9	; 0x09
    32ae:	9a 85       	ldd	r25, Y+10	; 0x0a
    32b0:	20 e0       	ldi	r18, 0x00	; 0
    32b2:	30 e0       	ldi	r19, 0x00	; 0
    32b4:	40 e8       	ldi	r20, 0x80	; 128
    32b6:	5f e3       	ldi	r21, 0x3F	; 63
    32b8:	0e 94 79 03 	call	0x6f2	; 0x6f2 <__ltsf2>
    32bc:	88 23       	and	r24, r24
    32be:	2c f4       	brge	.+10     	; 0x32ca <main+0x1b0>
		__ticks = 1;
    32c0:	81 e0       	ldi	r24, 0x01	; 1
    32c2:	90 e0       	ldi	r25, 0x00	; 0
    32c4:	9e 83       	std	Y+6, r25	; 0x06
    32c6:	8d 83       	std	Y+5, r24	; 0x05
    32c8:	3f c0       	rjmp	.+126    	; 0x3348 <main+0x22e>
	else if (__tmp > 65535)
    32ca:	6f 81       	ldd	r22, Y+7	; 0x07
    32cc:	78 85       	ldd	r23, Y+8	; 0x08
    32ce:	89 85       	ldd	r24, Y+9	; 0x09
    32d0:	9a 85       	ldd	r25, Y+10	; 0x0a
    32d2:	20 e0       	ldi	r18, 0x00	; 0
    32d4:	3f ef       	ldi	r19, 0xFF	; 255
    32d6:	4f e7       	ldi	r20, 0x7F	; 127
    32d8:	57 e4       	ldi	r21, 0x47	; 71
    32da:	0e 94 19 03 	call	0x632	; 0x632 <__gtsf2>
    32de:	18 16       	cp	r1, r24
    32e0:	4c f5       	brge	.+82     	; 0x3334 <main+0x21a>
	{
		//	__ticks = requested delay in 1/10 ms
		__ticks = (uint16_t) (__ms * 10.0);
    32e2:	6b 85       	ldd	r22, Y+11	; 0x0b
    32e4:	7c 85       	ldd	r23, Y+12	; 0x0c
    32e6:	8d 85       	ldd	r24, Y+13	; 0x0d
    32e8:	9e 85       	ldd	r25, Y+14	; 0x0e
    32ea:	20 e0       	ldi	r18, 0x00	; 0
    32ec:	30 e0       	ldi	r19, 0x00	; 0
    32ee:	40 e2       	ldi	r20, 0x20	; 32
    32f0:	51 e4       	ldi	r21, 0x41	; 65
    32f2:	0e 94 1f 02 	call	0x43e	; 0x43e <__mulsf3>
    32f6:	dc 01       	movw	r26, r24
    32f8:	cb 01       	movw	r24, r22
    32fa:	bc 01       	movw	r22, r24
    32fc:	cd 01       	movw	r24, r26
    32fe:	0e 94 49 00 	call	0x92	; 0x92 <__fixunssfsi>
    3302:	dc 01       	movw	r26, r24
    3304:	cb 01       	movw	r24, r22
    3306:	9e 83       	std	Y+6, r25	; 0x06
    3308:	8d 83       	std	Y+5, r24	; 0x05
    330a:	0f c0       	rjmp	.+30     	; 0x332a <main+0x210>
    330c:	88 ec       	ldi	r24, 0xC8	; 200
    330e:	90 e0       	ldi	r25, 0x00	; 0
    3310:	9c 83       	std	Y+4, r25	; 0x04
    3312:	8b 83       	std	Y+3, r24	; 0x03
    3314:	8b 81       	ldd	r24, Y+3	; 0x03
    3316:	9c 81       	ldd	r25, Y+4	; 0x04
    3318:	01 97       	sbiw	r24, 0x01	; 1
    331a:	f1 f7       	brne	.-4      	; 0x3318 <main+0x1fe>
    331c:	9c 83       	std	Y+4, r25	; 0x04
    331e:	8b 83       	std	Y+3, r24	; 0x03
		while(__ticks)
		{
			// wait 1/10 ms
			_delay_loop_2(((F_CPU) / 4e3) / 10);
			__ticks --;
    3320:	8d 81       	ldd	r24, Y+5	; 0x05
    3322:	9e 81       	ldd	r25, Y+6	; 0x06
    3324:	01 97       	sbiw	r24, 0x01	; 1
    3326:	9e 83       	std	Y+6, r25	; 0x06
    3328:	8d 83       	std	Y+5, r24	; 0x05
		__ticks = 1;
	else if (__tmp > 65535)
	{
		//	__ticks = requested delay in 1/10 ms
		__ticks = (uint16_t) (__ms * 10.0);
		while(__ticks)
    332a:	8d 81       	ldd	r24, Y+5	; 0x05
    332c:	9e 81       	ldd	r25, Y+6	; 0x06
    332e:	00 97       	sbiw	r24, 0x00	; 0
    3330:	69 f7       	brne	.-38     	; 0x330c <main+0x1f2>
    3332:	14 c0       	rjmp	.+40     	; 0x335c <main+0x242>
			__ticks --;
		}
		return;
	}
	else
		__ticks = (uint16_t)__tmp;
    3334:	6f 81       	ldd	r22, Y+7	; 0x07
    3336:	78 85       	ldd	r23, Y+8	; 0x08
    3338:	89 85       	ldd	r24, Y+9	; 0x09
    333a:	9a 85       	ldd	r25, Y+10	; 0x0a
    333c:	0e 94 49 00 	call	0x92	; 0x92 <__fixunssfsi>
    3340:	dc 01       	movw	r26, r24
    3342:	cb 01       	movw	r24, r22
    3344:	9e 83       	std	Y+6, r25	; 0x06
    3346:	8d 83       	std	Y+5, r24	; 0x05
    3348:	8d 81       	ldd	r24, Y+5	; 0x05
    334a:	9e 81       	ldd	r25, Y+6	; 0x06
    334c:	9a 83       	std	Y+2, r25	; 0x02
    334e:	89 83       	std	Y+1, r24	; 0x01
    3350:	89 81       	ldd	r24, Y+1	; 0x01
    3352:	9a 81       	ldd	r25, Y+2	; 0x02
    3354:	01 97       	sbiw	r24, 0x01	; 1
    3356:	f1 f7       	brne	.-4      	; 0x3354 <main+0x23a>
    3358:	9a 83       	std	Y+2, r25	; 0x02
    335a:	89 83       	std	Y+1, r24	; 0x01
			_delay_ms(1000);

			for(uint8 i=0;i<=4;i++)
    335c:	1f 86       	std	Y+15, r1	; 0x0f
    335e:	11 c0       	rjmp	.+34     	; 0x3382 <main+0x268>
			{
				First_Password[i]=0;				/* Clear the two passwords */
    3360:	8f 85       	ldd	r24, Y+15	; 0x0f
    3362:	88 2f       	mov	r24, r24
    3364:	90 e0       	ldi	r25, 0x00	; 0
    3366:	fc 01       	movw	r30, r24
    3368:	e0 5c       	subi	r30, 0xC0	; 192
    336a:	fe 4f       	sbci	r31, 0xFE	; 254
    336c:	10 82       	st	Z, r1
				Second_Password[i]=0;
    336e:	8f 85       	ldd	r24, Y+15	; 0x0f
    3370:	88 2f       	mov	r24, r24
    3372:	90 e0       	ldi	r25, 0x00	; 0
    3374:	fc 01       	movw	r30, r24
    3376:	e9 5b       	subi	r30, 0xB9	; 185
    3378:	fe 4f       	sbci	r31, 0xFE	; 254
    337a:	10 82       	st	Z, r1
			LCD_sendCommand(LCD_CLEAR_COMMAND);   	/* Clear the LCD */
			LCD_moveCursor(0, 0);
			LCD_displayStrig("NO MATCHED");		    /* Display NO MATCHED */
			_delay_ms(1000);

			for(uint8 i=0;i<=4;i++)
    337c:	8f 85       	ldd	r24, Y+15	; 0x0f
    337e:	8f 5f       	subi	r24, 0xFF	; 255
    3380:	8f 87       	std	Y+15, r24	; 0x0f
    3382:	8f 85       	ldd	r24, Y+15	; 0x0f
    3384:	85 30       	cpi	r24, 0x05	; 5
    3386:	60 f3       	brcs	.-40     	; 0x3360 <main+0x246>
    3388:	f8 ce       	rjmp	.-528    	; 0x317a <main+0x60>

0000338a <__vector_7>:
/*******************************************************************************
 *                                    ISRs                                     *
 *******************************************************************************/

ISR(TIMER1_COMPA_vect)
{
    338a:	1f 92       	push	r1
    338c:	0f 92       	push	r0
    338e:	0f b6       	in	r0, 0x3f	; 63
    3390:	0f 92       	push	r0
    3392:	11 24       	eor	r1, r1
    3394:	2f 93       	push	r18
    3396:	3f 93       	push	r19
    3398:	4f 93       	push	r20
    339a:	5f 93       	push	r21
    339c:	6f 93       	push	r22
    339e:	7f 93       	push	r23
    33a0:	8f 93       	push	r24
    33a2:	9f 93       	push	r25
    33a4:	af 93       	push	r26
    33a6:	bf 93       	push	r27
    33a8:	ef 93       	push	r30
    33aa:	ff 93       	push	r31
    33ac:	df 93       	push	r29
    33ae:	cf 93       	push	r28
    33b0:	cd b7       	in	r28, 0x3d	; 61
    33b2:	de b7       	in	r29, 0x3e	; 62
	(*gptr)();
    33b4:	e0 91 4e 01 	lds	r30, 0x014E
    33b8:	f0 91 4f 01 	lds	r31, 0x014F
    33bc:	09 95       	icall
	// Operate the upper layer function.
}
    33be:	cf 91       	pop	r28
    33c0:	df 91       	pop	r29
    33c2:	ff 91       	pop	r31
    33c4:	ef 91       	pop	r30
    33c6:	bf 91       	pop	r27
    33c8:	af 91       	pop	r26
    33ca:	9f 91       	pop	r25
    33cc:	8f 91       	pop	r24
    33ce:	7f 91       	pop	r23
    33d0:	6f 91       	pop	r22
    33d2:	5f 91       	pop	r21
    33d4:	4f 91       	pop	r20
    33d6:	3f 91       	pop	r19
    33d8:	2f 91       	pop	r18
    33da:	0f 90       	pop	r0
    33dc:	0f be       	out	0x3f, r0	; 63
    33de:	0f 90       	pop	r0
    33e0:	1f 90       	pop	r1
    33e2:	18 95       	reti

000033e4 <__vector_9>:

ISR(TIMER1_OVF_vect)
{
    33e4:	1f 92       	push	r1
    33e6:	0f 92       	push	r0
    33e8:	0f b6       	in	r0, 0x3f	; 63
    33ea:	0f 92       	push	r0
    33ec:	11 24       	eor	r1, r1
    33ee:	2f 93       	push	r18
    33f0:	3f 93       	push	r19
    33f2:	4f 93       	push	r20
    33f4:	5f 93       	push	r21
    33f6:	6f 93       	push	r22
    33f8:	7f 93       	push	r23
    33fa:	8f 93       	push	r24
    33fc:	9f 93       	push	r25
    33fe:	af 93       	push	r26
    3400:	bf 93       	push	r27
    3402:	ef 93       	push	r30
    3404:	ff 93       	push	r31
    3406:	df 93       	push	r29
    3408:	cf 93       	push	r28
    340a:	cd b7       	in	r28, 0x3d	; 61
    340c:	de b7       	in	r29, 0x3e	; 62
	(*gptr)();
    340e:	e0 91 4e 01 	lds	r30, 0x014E
    3412:	f0 91 4f 01 	lds	r31, 0x014F
    3416:	09 95       	icall
	// Operate the upper layer function.
}
    3418:	cf 91       	pop	r28
    341a:	df 91       	pop	r29
    341c:	ff 91       	pop	r31
    341e:	ef 91       	pop	r30
    3420:	bf 91       	pop	r27
    3422:	af 91       	pop	r26
    3424:	9f 91       	pop	r25
    3426:	8f 91       	pop	r24
    3428:	7f 91       	pop	r23
    342a:	6f 91       	pop	r22
    342c:	5f 91       	pop	r21
    342e:	4f 91       	pop	r20
    3430:	3f 91       	pop	r19
    3432:	2f 91       	pop	r18
    3434:	0f 90       	pop	r0
    3436:	0f be       	out	0x3f, r0	; 63
    3438:	0f 90       	pop	r0
    343a:	1f 90       	pop	r1
    343c:	18 95       	reti

0000343e <TIMER1_init>:
/*******************************************************************************
 *                              Functions Definition                           *
 *******************************************************************************/

void TIMER1_init(Timer1_ConfigType* configs)
{
    343e:	df 93       	push	r29
    3440:	cf 93       	push	r28
    3442:	00 d0       	rcall	.+0      	; 0x3444 <TIMER1_init+0x6>
    3444:	cd b7       	in	r28, 0x3d	; 61
    3446:	de b7       	in	r29, 0x3e	; 62
    3448:	9a 83       	std	Y+2, r25	; 0x02
    344a:	89 83       	std	Y+1, r24	; 0x01
	SET_BIT(TCCR1A,FOC1A); // Set this bit as long as no PWM.
    344c:	af e4       	ldi	r26, 0x4F	; 79
    344e:	b0 e0       	ldi	r27, 0x00	; 0
    3450:	ef e4       	ldi	r30, 0x4F	; 79
    3452:	f0 e0       	ldi	r31, 0x00	; 0
    3454:	80 81       	ld	r24, Z
    3456:	88 60       	ori	r24, 0x08	; 8
    3458:	8c 93       	st	X, r24
	SET_BIT(TCCR1A,FOC1B); // Set this bit as long as no PWM.
    345a:	af e4       	ldi	r26, 0x4F	; 79
    345c:	b0 e0       	ldi	r27, 0x00	; 0
    345e:	ef e4       	ldi	r30, 0x4F	; 79
    3460:	f0 e0       	ldi	r31, 0x00	; 0
    3462:	80 81       	ld	r24, Z
    3464:	84 60       	ori	r24, 0x04	; 4
    3466:	8c 93       	st	X, r24

	TCCR1B = (TCCR1B & 0xF7) | (configs->mode << 3);
    3468:	ae e4       	ldi	r26, 0x4E	; 78
    346a:	b0 e0       	ldi	r27, 0x00	; 0
    346c:	ee e4       	ldi	r30, 0x4E	; 78
    346e:	f0 e0       	ldi	r31, 0x00	; 0
    3470:	80 81       	ld	r24, Z
    3472:	28 2f       	mov	r18, r24
    3474:	27 7f       	andi	r18, 0xF7	; 247
    3476:	e9 81       	ldd	r30, Y+1	; 0x01
    3478:	fa 81       	ldd	r31, Y+2	; 0x02
    347a:	85 81       	ldd	r24, Z+5	; 0x05
    347c:	88 2f       	mov	r24, r24
    347e:	90 e0       	ldi	r25, 0x00	; 0
    3480:	88 0f       	add	r24, r24
    3482:	99 1f       	adc	r25, r25
    3484:	88 0f       	add	r24, r24
    3486:	99 1f       	adc	r25, r25
    3488:	88 0f       	add	r24, r24
    348a:	99 1f       	adc	r25, r25
    348c:	82 2b       	or	r24, r18
    348e:	8c 93       	st	X, r24
	// The WGM12 is the only difference between Overflow mode and Compare mode.

	TCCR1B = (TCCR1B & 0xF8) | (configs->prescaler);
    3490:	ae e4       	ldi	r26, 0x4E	; 78
    3492:	b0 e0       	ldi	r27, 0x00	; 0
    3494:	ee e4       	ldi	r30, 0x4E	; 78
    3496:	f0 e0       	ldi	r31, 0x00	; 0
    3498:	80 81       	ld	r24, Z
    349a:	98 2f       	mov	r25, r24
    349c:	98 7f       	andi	r25, 0xF8	; 248
    349e:	e9 81       	ldd	r30, Y+1	; 0x01
    34a0:	fa 81       	ldd	r31, Y+2	; 0x02
    34a2:	84 81       	ldd	r24, Z+4	; 0x04
    34a4:	89 2b       	or	r24, r25
    34a6:	8c 93       	st	X, r24
	// Put up the prescalar on CS10,CS11,CS12 bits.

	TCNT1 = configs->initial_vlaue; // Setup the initial value.
    34a8:	ac e4       	ldi	r26, 0x4C	; 76
    34aa:	b0 e0       	ldi	r27, 0x00	; 0
    34ac:	e9 81       	ldd	r30, Y+1	; 0x01
    34ae:	fa 81       	ldd	r31, Y+2	; 0x02
    34b0:	80 81       	ld	r24, Z
    34b2:	91 81       	ldd	r25, Z+1	; 0x01
    34b4:	11 96       	adiw	r26, 0x01	; 1
    34b6:	9c 93       	st	X, r25
    34b8:	8e 93       	st	-X, r24
	OCR1A = configs->compare_value; // Setup the compare value.
    34ba:	aa e4       	ldi	r26, 0x4A	; 74
    34bc:	b0 e0       	ldi	r27, 0x00	; 0
    34be:	e9 81       	ldd	r30, Y+1	; 0x01
    34c0:	fa 81       	ldd	r31, Y+2	; 0x02
    34c2:	82 81       	ldd	r24, Z+2	; 0x02
    34c4:	93 81       	ldd	r25, Z+3	; 0x03
    34c6:	11 96       	adiw	r26, 0x01	; 1
    34c8:	9c 93       	st	X, r25
    34ca:	8e 93       	st	-X, r24

	if(configs->mode == NORMAL)
    34cc:	e9 81       	ldd	r30, Y+1	; 0x01
    34ce:	fa 81       	ldd	r31, Y+2	; 0x02
    34d0:	85 81       	ldd	r24, Z+5	; 0x05
    34d2:	88 23       	and	r24, r24
    34d4:	41 f4       	brne	.+16     	; 0x34e6 <TIMER1_init+0xa8>
	{
		SET_BIT(TIMSK,TOIE1);
    34d6:	a9 e5       	ldi	r26, 0x59	; 89
    34d8:	b0 e0       	ldi	r27, 0x00	; 0
    34da:	e9 e5       	ldi	r30, 0x59	; 89
    34dc:	f0 e0       	ldi	r31, 0x00	; 0
    34de:	80 81       	ld	r24, Z
    34e0:	84 60       	ori	r24, 0x04	; 4
    34e2:	8c 93       	st	X, r24
    34e4:	07 c0       	rjmp	.+14     	; 0x34f4 <TIMER1_init+0xb6>
		// if the normal mode is selected, Set the interrupt enable of the overflow mode.
	}
	else
	{
		SET_BIT(TIMSK,OCIE1A);
    34e6:	a9 e5       	ldi	r26, 0x59	; 89
    34e8:	b0 e0       	ldi	r27, 0x00	; 0
    34ea:	e9 e5       	ldi	r30, 0x59	; 89
    34ec:	f0 e0       	ldi	r31, 0x00	; 0
    34ee:	80 81       	ld	r24, Z
    34f0:	80 61       	ori	r24, 0x10	; 16
    34f2:	8c 93       	st	X, r24
		// if the compare mode is selected, Set the interrupt enable of the compare mode.
	}
}
    34f4:	0f 90       	pop	r0
    34f6:	0f 90       	pop	r0
    34f8:	cf 91       	pop	r28
    34fa:	df 91       	pop	r29
    34fc:	08 95       	ret

000034fe <TIMER1_deinit>:
void TIMER1_deinit()
{
    34fe:	df 93       	push	r29
    3500:	cf 93       	push	r28
    3502:	cd b7       	in	r28, 0x3d	; 61
    3504:	de b7       	in	r29, 0x3e	; 62
	TCCR1A=0;
    3506:	ef e4       	ldi	r30, 0x4F	; 79
    3508:	f0 e0       	ldi	r31, 0x00	; 0
    350a:	10 82       	st	Z, r1
	TCCR1B=0;
    350c:	ee e4       	ldi	r30, 0x4E	; 78
    350e:	f0 e0       	ldi	r31, 0x00	; 0
    3510:	10 82       	st	Z, r1

	TCNT1=0;
    3512:	ec e4       	ldi	r30, 0x4C	; 76
    3514:	f0 e0       	ldi	r31, 0x00	; 0
    3516:	11 82       	std	Z+1, r1	; 0x01
    3518:	10 82       	st	Z, r1
	OCR1A=0;
    351a:	ea e4       	ldi	r30, 0x4A	; 74
    351c:	f0 e0       	ldi	r31, 0x00	; 0
    351e:	11 82       	std	Z+1, r1	; 0x01
    3520:	10 82       	st	Z, r1

	CLEAR_BIT(TIMSK,TOIE1);
    3522:	a9 e5       	ldi	r26, 0x59	; 89
    3524:	b0 e0       	ldi	r27, 0x00	; 0
    3526:	e9 e5       	ldi	r30, 0x59	; 89
    3528:	f0 e0       	ldi	r31, 0x00	; 0
    352a:	80 81       	ld	r24, Z
    352c:	8b 7f       	andi	r24, 0xFB	; 251
    352e:	8c 93       	st	X, r24
	//Regardless the mode, Clear the OVERFLOW interrupt enable.
	CLEAR_BIT(TIMSK,OCIE1A);
    3530:	a9 e5       	ldi	r26, 0x59	; 89
    3532:	b0 e0       	ldi	r27, 0x00	; 0
    3534:	e9 e5       	ldi	r30, 0x59	; 89
    3536:	f0 e0       	ldi	r31, 0x00	; 0
    3538:	80 81       	ld	r24, Z
    353a:	8f 7e       	andi	r24, 0xEF	; 239
    353c:	8c 93       	st	X, r24
	//Regardless the mode, Clear the COMPARE interrupt enable.
}
    353e:	cf 91       	pop	r28
    3540:	df 91       	pop	r29
    3542:	08 95       	ret

00003544 <TIMER1_setCallBack>:
void TIMER1_setCallBack(void(*ptr)())
{
    3544:	df 93       	push	r29
    3546:	cf 93       	push	r28
    3548:	00 d0       	rcall	.+0      	; 0x354a <TIMER1_setCallBack+0x6>
    354a:	cd b7       	in	r28, 0x3d	; 61
    354c:	de b7       	in	r29, 0x3e	; 62
    354e:	9a 83       	std	Y+2, r25	; 0x02
    3550:	89 83       	std	Y+1, r24	; 0x01
	gptr = ptr;
    3552:	89 81       	ldd	r24, Y+1	; 0x01
    3554:	9a 81       	ldd	r25, Y+2	; 0x02
    3556:	90 93 4f 01 	sts	0x014F, r25
    355a:	80 93 4e 01 	sts	0x014E, r24
	// Make the global pointer points to the upper layer function.
}
    355e:	0f 90       	pop	r0
    3560:	0f 90       	pop	r0
    3562:	cf 91       	pop	r28
    3564:	df 91       	pop	r29
    3566:	08 95       	ret

00003568 <UART_init>:
#include "uart.h"
#include "gpio.h"
#include "common_macros.h"

void UART_init(UART_ConfigType* configs)
{
    3568:	0f 93       	push	r16
    356a:	1f 93       	push	r17
    356c:	df 93       	push	r29
    356e:	cf 93       	push	r28
    3570:	00 d0       	rcall	.+0      	; 0x3572 <UART_init+0xa>
    3572:	cd b7       	in	r28, 0x3d	; 61
    3574:	de b7       	in	r29, 0x3e	; 62
    3576:	9a 83       	std	Y+2, r25	; 0x02
    3578:	89 83       	std	Y+1, r24	; 0x01
	SET_BIT(UCSRA,U2X); // Double transmission speed activated.
    357a:	ab e2       	ldi	r26, 0x2B	; 43
    357c:	b0 e0       	ldi	r27, 0x00	; 0
    357e:	eb e2       	ldi	r30, 0x2B	; 43
    3580:	f0 e0       	ldi	r31, 0x00	; 0
    3582:	80 81       	ld	r24, Z
    3584:	82 60       	ori	r24, 0x02	; 2
    3586:	8c 93       	st	X, r24
	CLEAR_BIT(UCSRA,MPCM); // Multi-Processor communication mode activated.
    3588:	ab e2       	ldi	r26, 0x2B	; 43
    358a:	b0 e0       	ldi	r27, 0x00	; 0
    358c:	eb e2       	ldi	r30, 0x2B	; 43
    358e:	f0 e0       	ldi	r31, 0x00	; 0
    3590:	80 81       	ld	r24, Z
    3592:	8e 7f       	andi	r24, 0xFE	; 254
    3594:	8c 93       	st	X, r24

	SET_BIT(UCSRB,RXEN); // Enable the receiving.
    3596:	aa e2       	ldi	r26, 0x2A	; 42
    3598:	b0 e0       	ldi	r27, 0x00	; 0
    359a:	ea e2       	ldi	r30, 0x2A	; 42
    359c:	f0 e0       	ldi	r31, 0x00	; 0
    359e:	80 81       	ld	r24, Z
    35a0:	80 61       	ori	r24, 0x10	; 16
    35a2:	8c 93       	st	X, r24
	SET_BIT(UCSRB,TXEN); // Enable the transmitting.
    35a4:	aa e2       	ldi	r26, 0x2A	; 42
    35a6:	b0 e0       	ldi	r27, 0x00	; 0
    35a8:	ea e2       	ldi	r30, 0x2A	; 42
    35aa:	f0 e0       	ldi	r31, 0x00	; 0
    35ac:	80 81       	ld	r24, Z
    35ae:	88 60       	ori	r24, 0x08	; 8
    35b0:	8c 93       	st	X, r24
	UCSRB = (UCSRB & 0xFB) | ((configs->bit_data & (1<<2))<<2);
    35b2:	aa e2       	ldi	r26, 0x2A	; 42
    35b4:	b0 e0       	ldi	r27, 0x00	; 0
    35b6:	ea e2       	ldi	r30, 0x2A	; 42
    35b8:	f0 e0       	ldi	r31, 0x00	; 0
    35ba:	80 81       	ld	r24, Z
    35bc:	28 2f       	mov	r18, r24
    35be:	2b 7f       	andi	r18, 0xFB	; 251
    35c0:	e9 81       	ldd	r30, Y+1	; 0x01
    35c2:	fa 81       	ldd	r31, Y+2	; 0x02
    35c4:	80 81       	ld	r24, Z
    35c6:	88 2f       	mov	r24, r24
    35c8:	90 e0       	ldi	r25, 0x00	; 0
    35ca:	84 70       	andi	r24, 0x04	; 4
    35cc:	90 70       	andi	r25, 0x00	; 0
    35ce:	88 0f       	add	r24, r24
    35d0:	99 1f       	adc	r25, r25
    35d2:	88 0f       	add	r24, r24
    35d4:	99 1f       	adc	r25, r25
    35d6:	82 2b       	or	r24, r18
    35d8:	8c 93       	st	X, r24

	UCSRC = (UCSRC & 0xFC) | ((configs->bit_data & 0x03)<<1);
    35da:	a0 e4       	ldi	r26, 0x40	; 64
    35dc:	b0 e0       	ldi	r27, 0x00	; 0
    35de:	e0 e4       	ldi	r30, 0x40	; 64
    35e0:	f0 e0       	ldi	r31, 0x00	; 0
    35e2:	80 81       	ld	r24, Z
    35e4:	28 2f       	mov	r18, r24
    35e6:	2c 7f       	andi	r18, 0xFC	; 252
    35e8:	e9 81       	ldd	r30, Y+1	; 0x01
    35ea:	fa 81       	ldd	r31, Y+2	; 0x02
    35ec:	80 81       	ld	r24, Z
    35ee:	88 2f       	mov	r24, r24
    35f0:	90 e0       	ldi	r25, 0x00	; 0
    35f2:	83 70       	andi	r24, 0x03	; 3
    35f4:	90 70       	andi	r25, 0x00	; 0
    35f6:	88 0f       	add	r24, r24
    35f8:	99 1f       	adc	r25, r25
    35fa:	82 2b       	or	r24, r18
    35fc:	8c 93       	st	X, r24
	CLEAR_BIT(UCSRC,URSEL);
    35fe:	a0 e4       	ldi	r26, 0x40	; 64
    3600:	b0 e0       	ldi	r27, 0x00	; 0
    3602:	e0 e4       	ldi	r30, 0x40	; 64
    3604:	f0 e0       	ldi	r31, 0x00	; 0
    3606:	80 81       	ld	r24, Z
    3608:	8f 77       	andi	r24, 0x7F	; 127
    360a:	8c 93       	st	X, r24
	CLEAR_BIT(UCSRC,UMSEL);
    360c:	a0 e4       	ldi	r26, 0x40	; 64
    360e:	b0 e0       	ldi	r27, 0x00	; 0
    3610:	e0 e4       	ldi	r30, 0x40	; 64
    3612:	f0 e0       	ldi	r31, 0x00	; 0
    3614:	80 81       	ld	r24, Z
    3616:	8f 7b       	andi	r24, 0xBF	; 191
    3618:	8c 93       	st	X, r24
	UCSRC = (UCSRC & 0xCF) | ((configs->parity & 0x03)<<4);
    361a:	a0 e4       	ldi	r26, 0x40	; 64
    361c:	b0 e0       	ldi	r27, 0x00	; 0
    361e:	e0 e4       	ldi	r30, 0x40	; 64
    3620:	f0 e0       	ldi	r31, 0x00	; 0
    3622:	80 81       	ld	r24, Z
    3624:	28 2f       	mov	r18, r24
    3626:	2f 7c       	andi	r18, 0xCF	; 207
    3628:	e9 81       	ldd	r30, Y+1	; 0x01
    362a:	fa 81       	ldd	r31, Y+2	; 0x02
    362c:	81 81       	ldd	r24, Z+1	; 0x01
    362e:	88 2f       	mov	r24, r24
    3630:	90 e0       	ldi	r25, 0x00	; 0
    3632:	83 70       	andi	r24, 0x03	; 3
    3634:	90 70       	andi	r25, 0x00	; 0
    3636:	82 95       	swap	r24
    3638:	92 95       	swap	r25
    363a:	90 7f       	andi	r25, 0xF0	; 240
    363c:	98 27       	eor	r25, r24
    363e:	80 7f       	andi	r24, 0xF0	; 240
    3640:	98 27       	eor	r25, r24
    3642:	82 2b       	or	r24, r18
    3644:	8c 93       	st	X, r24
	UCSRC = (UCSRC & 0xF7) | ((configs->stop_bit)<<3);
    3646:	a0 e4       	ldi	r26, 0x40	; 64
    3648:	b0 e0       	ldi	r27, 0x00	; 0
    364a:	e0 e4       	ldi	r30, 0x40	; 64
    364c:	f0 e0       	ldi	r31, 0x00	; 0
    364e:	80 81       	ld	r24, Z
    3650:	28 2f       	mov	r18, r24
    3652:	27 7f       	andi	r18, 0xF7	; 247
    3654:	e9 81       	ldd	r30, Y+1	; 0x01
    3656:	fa 81       	ldd	r31, Y+2	; 0x02
    3658:	82 81       	ldd	r24, Z+2	; 0x02
    365a:	88 2f       	mov	r24, r24
    365c:	90 e0       	ldi	r25, 0x00	; 0
    365e:	88 0f       	add	r24, r24
    3660:	99 1f       	adc	r25, r25
    3662:	88 0f       	add	r24, r24
    3664:	99 1f       	adc	r25, r25
    3666:	88 0f       	add	r24, r24
    3668:	99 1f       	adc	r25, r25
    366a:	82 2b       	or	r24, r18
    366c:	8c 93       	st	X, r24
	CLEAR_BIT(UCSRC,UCPOL);
    366e:	a0 e4       	ldi	r26, 0x40	; 64
    3670:	b0 e0       	ldi	r27, 0x00	; 0
    3672:	e0 e4       	ldi	r30, 0x40	; 64
    3674:	f0 e0       	ldi	r31, 0x00	; 0
    3676:	80 81       	ld	r24, Z
    3678:	8e 7f       	andi	r24, 0xFE	; 254
    367a:	8c 93       	st	X, r24

	UBRRL = (uint8)(((uint32)FREQUENCY/(8*configs->baud_rate))-1);
    367c:	09 e2       	ldi	r16, 0x29	; 41
    367e:	10 e0       	ldi	r17, 0x00	; 0
    3680:	e9 81       	ldd	r30, Y+1	; 0x01
    3682:	fa 81       	ldd	r31, Y+2	; 0x02
    3684:	83 81       	ldd	r24, Z+3	; 0x03
    3686:	94 81       	ldd	r25, Z+4	; 0x04
    3688:	a5 81       	ldd	r26, Z+5	; 0x05
    368a:	b6 81       	ldd	r27, Z+6	; 0x06
    368c:	88 0f       	add	r24, r24
    368e:	99 1f       	adc	r25, r25
    3690:	aa 1f       	adc	r26, r26
    3692:	bb 1f       	adc	r27, r27
    3694:	88 0f       	add	r24, r24
    3696:	99 1f       	adc	r25, r25
    3698:	aa 1f       	adc	r26, r26
    369a:	bb 1f       	adc	r27, r27
    369c:	88 0f       	add	r24, r24
    369e:	99 1f       	adc	r25, r25
    36a0:	aa 1f       	adc	r26, r26
    36a2:	bb 1f       	adc	r27, r27
    36a4:	9c 01       	movw	r18, r24
    36a6:	ad 01       	movw	r20, r26
    36a8:	80 e0       	ldi	r24, 0x00	; 0
    36aa:	92 e1       	ldi	r25, 0x12	; 18
    36ac:	aa e7       	ldi	r26, 0x7A	; 122
    36ae:	b0 e0       	ldi	r27, 0x00	; 0
    36b0:	bc 01       	movw	r22, r24
    36b2:	cd 01       	movw	r24, r26
    36b4:	0e 94 04 1c 	call	0x3808	; 0x3808 <__udivmodsi4>
    36b8:	da 01       	movw	r26, r20
    36ba:	c9 01       	movw	r24, r18
    36bc:	81 50       	subi	r24, 0x01	; 1
    36be:	f8 01       	movw	r30, r16
    36c0:	80 83       	st	Z, r24

	GPIO_setupPinDirection(PORTD_ID, PIN1_ID, PIN_OUTPUT);
    36c2:	83 e0       	ldi	r24, 0x03	; 3
    36c4:	61 e0       	ldi	r22, 0x01	; 1
    36c6:	41 e0       	ldi	r20, 0x01	; 1
    36c8:	0e 94 a3 05 	call	0xb46	; 0xb46 <GPIO_setupPinDirection>
	GPIO_setupPinDirection(PORTD_ID, PIN0_ID, PIN_INPUT);
    36cc:	83 e0       	ldi	r24, 0x03	; 3
    36ce:	60 e0       	ldi	r22, 0x00	; 0
    36d0:	40 e0       	ldi	r20, 0x00	; 0
    36d2:	0e 94 a3 05 	call	0xb46	; 0xb46 <GPIO_setupPinDirection>
}
    36d6:	0f 90       	pop	r0
    36d8:	0f 90       	pop	r0
    36da:	cf 91       	pop	r28
    36dc:	df 91       	pop	r29
    36de:	1f 91       	pop	r17
    36e0:	0f 91       	pop	r16
    36e2:	08 95       	ret

000036e4 <UART_sendByte>:

void UART_sendByte(uint8 data)
{
    36e4:	df 93       	push	r29
    36e6:	cf 93       	push	r28
    36e8:	0f 92       	push	r0
    36ea:	cd b7       	in	r28, 0x3d	; 61
    36ec:	de b7       	in	r29, 0x3e	; 62
    36ee:	89 83       	std	Y+1, r24	; 0x01
	while(BIT_IS_CLEAR(UCSRA,UDRE));
    36f0:	eb e2       	ldi	r30, 0x2B	; 43
    36f2:	f0 e0       	ldi	r31, 0x00	; 0
    36f4:	80 81       	ld	r24, Z
    36f6:	88 2f       	mov	r24, r24
    36f8:	90 e0       	ldi	r25, 0x00	; 0
    36fa:	80 72       	andi	r24, 0x20	; 32
    36fc:	90 70       	andi	r25, 0x00	; 0
    36fe:	00 97       	sbiw	r24, 0x00	; 0
    3700:	b9 f3       	breq	.-18     	; 0x36f0 <UART_sendByte+0xc>
	UDR=data;
    3702:	ec e2       	ldi	r30, 0x2C	; 44
    3704:	f0 e0       	ldi	r31, 0x00	; 0
    3706:	89 81       	ldd	r24, Y+1	; 0x01
    3708:	80 83       	st	Z, r24
}
    370a:	0f 90       	pop	r0
    370c:	cf 91       	pop	r28
    370e:	df 91       	pop	r29
    3710:	08 95       	ret

00003712 <UART_receiveByte>:

uint8 UART_receiveByte()
{
    3712:	df 93       	push	r29
    3714:	cf 93       	push	r28
    3716:	cd b7       	in	r28, 0x3d	; 61
    3718:	de b7       	in	r29, 0x3e	; 62
	while(BIT_IS_CLEAR(UCSRA,RXC));
    371a:	eb e2       	ldi	r30, 0x2B	; 43
    371c:	f0 e0       	ldi	r31, 0x00	; 0
    371e:	80 81       	ld	r24, Z
    3720:	88 23       	and	r24, r24
    3722:	dc f7       	brge	.-10     	; 0x371a <UART_receiveByte+0x8>
	return UDR;
    3724:	ec e2       	ldi	r30, 0x2C	; 44
    3726:	f0 e0       	ldi	r31, 0x00	; 0
    3728:	80 81       	ld	r24, Z
}
    372a:	cf 91       	pop	r28
    372c:	df 91       	pop	r29
    372e:	08 95       	ret

00003730 <UART_sendString>:

void UART_sendString(uint8 str[])
{
    3730:	df 93       	push	r29
    3732:	cf 93       	push	r28
    3734:	00 d0       	rcall	.+0      	; 0x3736 <UART_sendString+0x6>
    3736:	0f 92       	push	r0
    3738:	cd b7       	in	r28, 0x3d	; 61
    373a:	de b7       	in	r29, 0x3e	; 62
    373c:	9b 83       	std	Y+3, r25	; 0x03
    373e:	8a 83       	std	Y+2, r24	; 0x02
	uint8 i=0;
    3740:	19 82       	std	Y+1, r1	; 0x01
    3742:	0e c0       	rjmp	.+28     	; 0x3760 <UART_sendString+0x30>
	while(str[i] != '\0')
	{
		UART_sendByte(*(str+i));
    3744:	89 81       	ldd	r24, Y+1	; 0x01
    3746:	28 2f       	mov	r18, r24
    3748:	30 e0       	ldi	r19, 0x00	; 0
    374a:	8a 81       	ldd	r24, Y+2	; 0x02
    374c:	9b 81       	ldd	r25, Y+3	; 0x03
    374e:	fc 01       	movw	r30, r24
    3750:	e2 0f       	add	r30, r18
    3752:	f3 1f       	adc	r31, r19
    3754:	80 81       	ld	r24, Z
    3756:	0e 94 72 1b 	call	0x36e4	; 0x36e4 <UART_sendByte>
		i++;
    375a:	89 81       	ldd	r24, Y+1	; 0x01
    375c:	8f 5f       	subi	r24, 0xFF	; 255
    375e:	89 83       	std	Y+1, r24	; 0x01
}

void UART_sendString(uint8 str[])
{
	uint8 i=0;
	while(str[i] != '\0')
    3760:	89 81       	ldd	r24, Y+1	; 0x01
    3762:	28 2f       	mov	r18, r24
    3764:	30 e0       	ldi	r19, 0x00	; 0
    3766:	8a 81       	ldd	r24, Y+2	; 0x02
    3768:	9b 81       	ldd	r25, Y+3	; 0x03
    376a:	fc 01       	movw	r30, r24
    376c:	e2 0f       	add	r30, r18
    376e:	f3 1f       	adc	r31, r19
    3770:	80 81       	ld	r24, Z
    3772:	88 23       	and	r24, r24
    3774:	39 f7       	brne	.-50     	; 0x3744 <UART_sendString+0x14>
	{
		UART_sendByte(*(str+i));
		i++;
	}
}
    3776:	0f 90       	pop	r0
    3778:	0f 90       	pop	r0
    377a:	0f 90       	pop	r0
    377c:	cf 91       	pop	r28
    377e:	df 91       	pop	r29
    3780:	08 95       	ret

00003782 <UART_receiveString>:

void UART_receiveString(uint8 restr[])
{
    3782:	0f 93       	push	r16
    3784:	1f 93       	push	r17
    3786:	df 93       	push	r29
    3788:	cf 93       	push	r28
    378a:	00 d0       	rcall	.+0      	; 0x378c <UART_receiveString+0xa>
    378c:	0f 92       	push	r0
    378e:	cd b7       	in	r28, 0x3d	; 61
    3790:	de b7       	in	r29, 0x3e	; 62
    3792:	9b 83       	std	Y+3, r25	; 0x03
    3794:	8a 83       	std	Y+2, r24	; 0x02
	uint8 i=0;
    3796:	19 82       	std	Y+1, r1	; 0x01
	restr[i]=UART_receiveByte();
    3798:	89 81       	ldd	r24, Y+1	; 0x01
    379a:	28 2f       	mov	r18, r24
    379c:	30 e0       	ldi	r19, 0x00	; 0
    379e:	8a 81       	ldd	r24, Y+2	; 0x02
    37a0:	9b 81       	ldd	r25, Y+3	; 0x03
    37a2:	8c 01       	movw	r16, r24
    37a4:	02 0f       	add	r16, r18
    37a6:	13 1f       	adc	r17, r19
    37a8:	0e 94 89 1b 	call	0x3712	; 0x3712 <UART_receiveByte>
    37ac:	f8 01       	movw	r30, r16
    37ae:	80 83       	st	Z, r24
    37b0:	0f c0       	rjmp	.+30     	; 0x37d0 <UART_receiveString+0x4e>

	while(restr[i] != STRING_END)
	{
		i++;
    37b2:	89 81       	ldd	r24, Y+1	; 0x01
    37b4:	8f 5f       	subi	r24, 0xFF	; 255
    37b6:	89 83       	std	Y+1, r24	; 0x01
		restr[i]=UART_receiveByte();
    37b8:	89 81       	ldd	r24, Y+1	; 0x01
    37ba:	28 2f       	mov	r18, r24
    37bc:	30 e0       	ldi	r19, 0x00	; 0
    37be:	8a 81       	ldd	r24, Y+2	; 0x02
    37c0:	9b 81       	ldd	r25, Y+3	; 0x03
    37c2:	8c 01       	movw	r16, r24
    37c4:	02 0f       	add	r16, r18
    37c6:	13 1f       	adc	r17, r19
    37c8:	0e 94 89 1b 	call	0x3712	; 0x3712 <UART_receiveByte>
    37cc:	f8 01       	movw	r30, r16
    37ce:	80 83       	st	Z, r24
void UART_receiveString(uint8 restr[])
{
	uint8 i=0;
	restr[i]=UART_receiveByte();

	while(restr[i] != STRING_END)
    37d0:	89 81       	ldd	r24, Y+1	; 0x01
    37d2:	28 2f       	mov	r18, r24
    37d4:	30 e0       	ldi	r19, 0x00	; 0
    37d6:	8a 81       	ldd	r24, Y+2	; 0x02
    37d8:	9b 81       	ldd	r25, Y+3	; 0x03
    37da:	fc 01       	movw	r30, r24
    37dc:	e2 0f       	add	r30, r18
    37de:	f3 1f       	adc	r31, r19
    37e0:	80 81       	ld	r24, Z
    37e2:	83 32       	cpi	r24, 0x23	; 35
    37e4:	31 f7       	brne	.-52     	; 0x37b2 <UART_receiveString+0x30>
	{
		i++;
		restr[i]=UART_receiveByte();
	}
	restr[i]='\0';
    37e6:	89 81       	ldd	r24, Y+1	; 0x01
    37e8:	28 2f       	mov	r18, r24
    37ea:	30 e0       	ldi	r19, 0x00	; 0
    37ec:	8a 81       	ldd	r24, Y+2	; 0x02
    37ee:	9b 81       	ldd	r25, Y+3	; 0x03
    37f0:	fc 01       	movw	r30, r24
    37f2:	e2 0f       	add	r30, r18
    37f4:	f3 1f       	adc	r31, r19
    37f6:	10 82       	st	Z, r1

}
    37f8:	0f 90       	pop	r0
    37fa:	0f 90       	pop	r0
    37fc:	0f 90       	pop	r0
    37fe:	cf 91       	pop	r28
    3800:	df 91       	pop	r29
    3802:	1f 91       	pop	r17
    3804:	0f 91       	pop	r16
    3806:	08 95       	ret

00003808 <__udivmodsi4>:
    3808:	a1 e2       	ldi	r26, 0x21	; 33
    380a:	1a 2e       	mov	r1, r26
    380c:	aa 1b       	sub	r26, r26
    380e:	bb 1b       	sub	r27, r27
    3810:	fd 01       	movw	r30, r26
    3812:	0d c0       	rjmp	.+26     	; 0x382e <__udivmodsi4_ep>

00003814 <__udivmodsi4_loop>:
    3814:	aa 1f       	adc	r26, r26
    3816:	bb 1f       	adc	r27, r27
    3818:	ee 1f       	adc	r30, r30
    381a:	ff 1f       	adc	r31, r31
    381c:	a2 17       	cp	r26, r18
    381e:	b3 07       	cpc	r27, r19
    3820:	e4 07       	cpc	r30, r20
    3822:	f5 07       	cpc	r31, r21
    3824:	20 f0       	brcs	.+8      	; 0x382e <__udivmodsi4_ep>
    3826:	a2 1b       	sub	r26, r18
    3828:	b3 0b       	sbc	r27, r19
    382a:	e4 0b       	sbc	r30, r20
    382c:	f5 0b       	sbc	r31, r21

0000382e <__udivmodsi4_ep>:
    382e:	66 1f       	adc	r22, r22
    3830:	77 1f       	adc	r23, r23
    3832:	88 1f       	adc	r24, r24
    3834:	99 1f       	adc	r25, r25
    3836:	1a 94       	dec	r1
    3838:	69 f7       	brne	.-38     	; 0x3814 <__udivmodsi4_loop>
    383a:	60 95       	com	r22
    383c:	70 95       	com	r23
    383e:	80 95       	com	r24
    3840:	90 95       	com	r25
    3842:	9b 01       	movw	r18, r22
    3844:	ac 01       	movw	r20, r24
    3846:	bd 01       	movw	r22, r26
    3848:	cf 01       	movw	r24, r30
    384a:	08 95       	ret

0000384c <__prologue_saves__>:
    384c:	2f 92       	push	r2
    384e:	3f 92       	push	r3
    3850:	4f 92       	push	r4
    3852:	5f 92       	push	r5
    3854:	6f 92       	push	r6
    3856:	7f 92       	push	r7
    3858:	8f 92       	push	r8
    385a:	9f 92       	push	r9
    385c:	af 92       	push	r10
    385e:	bf 92       	push	r11
    3860:	cf 92       	push	r12
    3862:	df 92       	push	r13
    3864:	ef 92       	push	r14
    3866:	ff 92       	push	r15
    3868:	0f 93       	push	r16
    386a:	1f 93       	push	r17
    386c:	cf 93       	push	r28
    386e:	df 93       	push	r29
    3870:	cd b7       	in	r28, 0x3d	; 61
    3872:	de b7       	in	r29, 0x3e	; 62
    3874:	ca 1b       	sub	r28, r26
    3876:	db 0b       	sbc	r29, r27
    3878:	0f b6       	in	r0, 0x3f	; 63
    387a:	f8 94       	cli
    387c:	de bf       	out	0x3e, r29	; 62
    387e:	0f be       	out	0x3f, r0	; 63
    3880:	cd bf       	out	0x3d, r28	; 61
    3882:	09 94       	ijmp

00003884 <__epilogue_restores__>:
    3884:	2a 88       	ldd	r2, Y+18	; 0x12
    3886:	39 88       	ldd	r3, Y+17	; 0x11
    3888:	48 88       	ldd	r4, Y+16	; 0x10
    388a:	5f 84       	ldd	r5, Y+15	; 0x0f
    388c:	6e 84       	ldd	r6, Y+14	; 0x0e
    388e:	7d 84       	ldd	r7, Y+13	; 0x0d
    3890:	8c 84       	ldd	r8, Y+12	; 0x0c
    3892:	9b 84       	ldd	r9, Y+11	; 0x0b
    3894:	aa 84       	ldd	r10, Y+10	; 0x0a
    3896:	b9 84       	ldd	r11, Y+9	; 0x09
    3898:	c8 84       	ldd	r12, Y+8	; 0x08
    389a:	df 80       	ldd	r13, Y+7	; 0x07
    389c:	ee 80       	ldd	r14, Y+6	; 0x06
    389e:	fd 80       	ldd	r15, Y+5	; 0x05
    38a0:	0c 81       	ldd	r16, Y+4	; 0x04
    38a2:	1b 81       	ldd	r17, Y+3	; 0x03
    38a4:	aa 81       	ldd	r26, Y+2	; 0x02
    38a6:	b9 81       	ldd	r27, Y+1	; 0x01
    38a8:	ce 0f       	add	r28, r30
    38aa:	d1 1d       	adc	r29, r1
    38ac:	0f b6       	in	r0, 0x3f	; 63
    38ae:	f8 94       	cli
    38b0:	de bf       	out	0x3e, r29	; 62
    38b2:	0f be       	out	0x3f, r0	; 63
    38b4:	cd bf       	out	0x3d, r28	; 61
    38b6:	ed 01       	movw	r28, r26
    38b8:	08 95       	ret

000038ba <itoa>:
    38ba:	fb 01       	movw	r30, r22
    38bc:	9f 01       	movw	r18, r30
    38be:	e8 94       	clt
    38c0:	42 30       	cpi	r20, 0x02	; 2
    38c2:	c4 f0       	brlt	.+48     	; 0x38f4 <itoa+0x3a>
    38c4:	45 32       	cpi	r20, 0x25	; 37
    38c6:	b4 f4       	brge	.+44     	; 0x38f4 <itoa+0x3a>
    38c8:	4a 30       	cpi	r20, 0x0A	; 10
    38ca:	29 f4       	brne	.+10     	; 0x38d6 <itoa+0x1c>
    38cc:	97 fb       	bst	r25, 7
    38ce:	1e f4       	brtc	.+6      	; 0x38d6 <itoa+0x1c>
    38d0:	90 95       	com	r25
    38d2:	81 95       	neg	r24
    38d4:	9f 4f       	sbci	r25, 0xFF	; 255
    38d6:	64 2f       	mov	r22, r20
    38d8:	77 27       	eor	r23, r23
    38da:	0e 94 8e 1c 	call	0x391c	; 0x391c <__udivmodhi4>
    38de:	80 5d       	subi	r24, 0xD0	; 208
    38e0:	8a 33       	cpi	r24, 0x3A	; 58
    38e2:	0c f0       	brlt	.+2      	; 0x38e6 <itoa+0x2c>
    38e4:	89 5d       	subi	r24, 0xD9	; 217
    38e6:	81 93       	st	Z+, r24
    38e8:	cb 01       	movw	r24, r22
    38ea:	00 97       	sbiw	r24, 0x00	; 0
    38ec:	a1 f7       	brne	.-24     	; 0x38d6 <itoa+0x1c>
    38ee:	16 f4       	brtc	.+4      	; 0x38f4 <itoa+0x3a>
    38f0:	5d e2       	ldi	r21, 0x2D	; 45
    38f2:	51 93       	st	Z+, r21
    38f4:	10 82       	st	Z, r1
    38f6:	c9 01       	movw	r24, r18
    38f8:	0c 94 7e 1c 	jmp	0x38fc	; 0x38fc <strrev>

000038fc <strrev>:
    38fc:	dc 01       	movw	r26, r24
    38fe:	fc 01       	movw	r30, r24
    3900:	67 2f       	mov	r22, r23
    3902:	71 91       	ld	r23, Z+
    3904:	77 23       	and	r23, r23
    3906:	e1 f7       	brne	.-8      	; 0x3900 <strrev+0x4>
    3908:	32 97       	sbiw	r30, 0x02	; 2
    390a:	04 c0       	rjmp	.+8      	; 0x3914 <strrev+0x18>
    390c:	7c 91       	ld	r23, X
    390e:	6d 93       	st	X+, r22
    3910:	70 83       	st	Z, r23
    3912:	62 91       	ld	r22, -Z
    3914:	ae 17       	cp	r26, r30
    3916:	bf 07       	cpc	r27, r31
    3918:	c8 f3       	brcs	.-14     	; 0x390c <strrev+0x10>
    391a:	08 95       	ret

0000391c <__udivmodhi4>:
    391c:	aa 1b       	sub	r26, r26
    391e:	bb 1b       	sub	r27, r27
    3920:	51 e1       	ldi	r21, 0x11	; 17
    3922:	07 c0       	rjmp	.+14     	; 0x3932 <__udivmodhi4_ep>

00003924 <__udivmodhi4_loop>:
    3924:	aa 1f       	adc	r26, r26
    3926:	bb 1f       	adc	r27, r27
    3928:	a6 17       	cp	r26, r22
    392a:	b7 07       	cpc	r27, r23
    392c:	10 f0       	brcs	.+4      	; 0x3932 <__udivmodhi4_ep>
    392e:	a6 1b       	sub	r26, r22
    3930:	b7 0b       	sbc	r27, r23

00003932 <__udivmodhi4_ep>:
    3932:	88 1f       	adc	r24, r24
    3934:	99 1f       	adc	r25, r25
    3936:	5a 95       	dec	r21
    3938:	a9 f7       	brne	.-22     	; 0x3924 <__udivmodhi4_loop>
    393a:	80 95       	com	r24
    393c:	90 95       	com	r25
    393e:	bc 01       	movw	r22, r24
    3940:	cd 01       	movw	r24, r26
    3942:	08 95       	ret

00003944 <_exit>:
    3944:	f8 94       	cli

00003946 <__stop_program>:
    3946:	ff cf       	rjmp	.-2      	; 0x3946 <__stop_program>
